force,pressure,position,setpoint,control,temp1,temp2,temp3,temp4,time_
84.17,3.14,-0.0003,184.66,184.66,10.3125,10.938,9.438,8.812,0.0
84.31,3.15,0.00099,184.68,184.68,10.3125,10.938,9.438,8.812,0.02724
83.8,3.13,0.00103,184.7,184.7,10.3125,11.312,9.438,8.812,0.05447
84.17,3.14,-0.00437,184.72,184.72,10.3125,11.312,9.438,8.812,0.08169
83.18,3.1,0.00099,184.74,184.74,10.3125,11.312,9.438,8.812,0.10892
84.68,3.16,0.00095,184.76,184.76,10.3125,11.312,9.375,8.812,0.13615
84.17,3.14,0.00141,184.78,184.78,10.3125,11.312,9.375,8.812,0.16338
83.69,3.12,0.00103,184.8,184.8,10.3125,11.312,9.375,8.812,0.19061
83.42,3.11,0.00099,184.82,184.82,10.3125,11.312,9.375,8.812,0.21784
84.68,3.16,0.00103,184.84,184.84,10.3125,11.312,9.375,8.812,0.24506
84.44,3.15,0.00099,184.86,184.86,10.3125,11.312,9.375,8.812,0.27229
84.55,3.16,-8e-05,184.88,184.88,10.3125,11.312,9.375,8.812,0.29952
84.68,3.16,0.00099,184.9,184.9,10.25,11.312,9.375,8.812,0.32675
85.43,3.19,0.00099,184.92,184.92,10.25,11.312,9.375,8.812,0.35398
83.42,3.11,-0.00034,184.94,184.94,10.25,11.312,9.375,8.812,0.38121
85.57,3.19,0.00099,184.96,184.96,10.25,11.312,9.375,8.812,0.40843
84.55,3.16,0.00099,184.98,184.98,10.25,11.312,9.375,8.812,0.43566
85.19,3.18,0.00053,185.0,185.0,10.25,11.312,9.375,8.812,0.46289
84.82,3.17,0.00095,185.02,185.02,10.25,11.312,9.375,8.812,0.49012
85.94,3.21,0.00129,185.04,185.04,10.25,11.312,9.375,8.812,0.51734
85.57,3.19,0.00099,185.06,185.06,10.25,11.312,9.375,8.812,0.54457
86.05,3.21,0.00095,185.08,185.08,10.25,11.312,9.375,8.812,0.5718
86.05,3.21,-0.00624,185.1,185.1,10.25,11.312,9.375,8.812,0.59903
87.17,3.25,0.00099,185.12,185.12,10.25,11.312,9.375,8.812,0.62625
86.69,3.24,0.00099,185.14,185.14,10.25,11.312,9.375,8.812,0.65348
87.07,3.25,0.00057,185.16,185.16,10.25,11.312,9.375,8.812,0.68071
87.68,3.27,0.00099,185.18,185.18,10.25,11.25,9.375,8.812,0.70794
87.07,3.25,0.00095,185.2,185.2,10.25,11.25,9.375,8.812,0.73517
88.3,3.3,0.00118,185.22,185.22,10.25,11.25,9.375,9.188,0.76239
88.57,3.31,0.00099,185.24,185.24,10.25,11.25,9.5,9.188,0.78962
88.67,3.31,-0.00027,185.26,185.26,10.25,11.25,9.5,9.188,0.81685
88.57,3.31,0.00099,185.28,185.28,10.25,11.25,9.5,9.188,0.84408
89.43,3.34,0.00103,185.3,185.3,10.25,11.25,9.5,9.188,0.8713
89.67,3.35,-0.00186,185.32,185.32,10.25,11.25,9.5,9.188,0.89853
89.8,3.35,0.00099,185.34,185.34,10.25,11.25,9.5,9.188,0.92576
89.8,3.35,0.00099,185.36,185.36,10.25,11.25,9.5,9.188,0.95299
91.43,3.41,0.00042,185.38,185.38,10.25,11.25,9.5,9.188,0.98022
90.04,3.36,0.00095,185.4,185.4,10.25,11.25,9.5,9.188,1.00744
90.79,3.39,0.00091,185.42,185.42,10.25,11.25,9.5,9.188,1.03467
91.06,3.4,0.00099,185.44,185.44,10.25,11.25,9.5,9.188,1.0619
91.43,3.41,0.00099,185.46,185.46,10.25,11.25,9.5,8.875,1.08913
90.68,3.38,0.00053,185.48,185.48,10.25,11.25,9.375,8.875,1.11635
92.29,3.44,0.00099,185.5,185.5,10.25,11.25,9.375,8.875,1.14358
91.92,3.43,0.00099,185.52,185.52,10.25,11.25,9.375,8.875,1.17081
93.79,3.5,-0.0016,185.54,185.54,10.25,11.25,9.375,8.875,1.19804
92.29,3.44,0.00099,185.56,185.56,10.25,11.25,9.375,8.875,1.22527
93.42,3.49,0.00091,185.58,185.58,10.25,11.25,9.375,8.875,1.25249
93.31,3.48,0.00053,185.6,185.6,10.25,11.25,9.375,8.875,1.27972
93.55,3.49,0.00103,185.62,185.62,10.25,11.25,9.375,8.875,1.30695
93.68,3.5,0.00038,185.64,185.64,10.25,11.25,9.375,8.875,1.33418
93.79,3.5,0.00091,185.66,185.66,10.25,10.938,9.375,8.875,1.3614
93.79,3.5,0.00095,185.68,185.68,10.25,10.938,9.375,8.875,1.38863
95.29,3.56,-0.00122,185.7,185.7,10.25,10.938,9.375,8.875,1.41586
94.81,3.54,0.00103,185.72,185.72,10.25,10.938,9.438,8.875,1.44309
94.68,3.53,0.00103,185.74,185.74,10.25,10.938,9.438,8.875,1.47031
94.92,3.54,-0.00076,185.76,185.76,10.25,10.938,9.438,8.875,1.49754
96.31,3.6,0.00103,185.78,185.78,10.25,10.938,9.438,8.875,1.52477
95.67,3.57,0.00095,185.8,185.8,10.25,10.938,9.438,8.875,1.552
95.93,3.58,0.00103,185.82,185.82,10.25,10.938,9.438,8.875,1.57923
96.79,3.61,0.00091,185.84,185.84,10.25,10.938,9.438,8.875,1.60645
95.8,3.58,0.00087,185.86,185.86,10.25,10.938,9.438,8.875,1.63368
97.17,3.63,0.00095,185.88,185.88,10.25,10.938,9.438,8.875,1.66091
97.68,3.65,0.00095,185.9,185.9,10.25,11.25,9.438,8.875,1.68814
98.05,3.66,-0.00882,185.92,185.92,10.25,11.25,9.438,8.875,1.71536
97.3,3.63,0.00099,185.94,185.94,10.25,11.25,9.438,8.812,1.74259
98.67,3.68,0.00095,185.96,185.96,10.25,11.25,9.438,8.812,1.76982
98.8,3.69,0.00038,185.98,185.98,10.25,11.25,9.438,8.812,1.79705
98.56,3.68,0.00091,186.0,186.0,10.25,11.25,9.438,8.812,1.82428
98.43,3.67,0.00095,186.02,186.02,10.25,11.25,9.438,8.812,1.8515
100.06,3.73,0.00099,186.04,186.04,10.25,11.25,9.438,8.812,1.87873
98.8,3.69,0.00095,186.06,186.06,10.25,11.25,9.438,8.812,1.90596
99.93,3.73,0.00046,186.08,186.08,10.25,11.25,9.438,8.812,1.93319
100.17,3.74,0.00095,186.1,186.1,10.25,11.25,9.438,8.812,1.96041
101.29,3.78,0.00095,186.12,186.12,10.3125,11.25,9.438,8.812,1.98764
99.69,3.72,-0.00106,186.14,186.14,10.3125,11.312,9.438,8.812,2.01487
101.43,3.79,0.00099,186.16,186.16,10.3125,11.312,9.438,8.812,2.0421
101.19,3.78,0.00099,186.18,186.18,10.3125,11.312,9.438,8.812,2.06932
101.67,3.79,0.00049,186.2,186.2,10.3125,11.312,9.375,8.812,2.09655
101.29,3.78,0.00091,186.22,186.22,10.3125,11.312,9.375,8.812,2.12378
102.66,3.83,0.0008,186.24,186.24,10.3125,11.312,9.375,8.812,2.15101
101.56,3.79,0.00099,186.26,186.26,10.3125,11.312,9.375,8.812,2.17823
102.55,3.83,0.00095,186.28,186.28,10.3125,11.312,9.375,8.812,2.20546
102.93,3.84,-0.00365,186.3,186.3,10.3125,11.312,9.375,8.812,2.23269
102.66,3.83,0.00103,186.32,186.32,10.3125,11.312,9.375,8.812,2.25992
103.17,3.85,0.00095,186.34,186.34,10.3125,11.312,9.375,8.812,2.28714
104.16,3.89,-0.00072,186.36,186.36,10.25,11.312,9.375,8.812,2.31437
104.43,3.9,0.00099,186.38,186.38,10.25,10.875,9.375,8.812,2.3416
104.16,3.89,0.00099,186.4,186.4,10.25,10.875,9.375,8.812,2.36883
105.18,3.93,0.00103,186.42,186.42,10.25,10.875,9.375,8.812,2.39605
105.55,3.94,0.00099,186.44,186.44,10.25,10.875,9.375,8.812,2.42328
105.42,3.94,0.00087,186.46,186.46,10.25,10.875,9.375,8.812,2.45051
105.04,3.92,0.00103,186.48,186.48,10.25,10.875,9.375,8.812,2.47774
106.68,3.98,0.00099,186.5,186.5,10.25,10.875,9.375,8.812,2.50497
105.28,3.93,-0.00338,186.52,186.52,10.25,10.875,9.375,8.812,2.53219
106.54,3.98,0.00099,186.54,186.54,10.25,10.875,9.375,8.812,2.55942
106.68,3.98,0.00099,186.56,186.56,10.25,10.875,9.375,8.812,2.58665
107.54,4.01,-0.00027,186.58,186.58,10.25,10.875,9.375,8.812,2.61388
106.78,3.99,0.00099,186.6,186.6,10.25,10.875,9.375,8.812,2.6411
108.29,4.04,0.00087,186.62,186.62,10.25,11.312,9.375,8.812,2.66833
108.29,4.04,0.00091,186.64,186.64,10.25,11.312,9.375,8.812,2.69556
110.29,4.12,-0.00171,184.66,184.66,10.25,11.312,9.375,9.25,2.88267
110.16,4.11,0.00091,184.68,184.68,10.25,11.312,9.375,9.25,2.9099
111.29,4.15,0.00095,184.7,184.7,10.25,11.312,9.375,9.25,2.93712
111.55,4.16,-0.00148,184.72,184.72,10.25,11.312,9.375,9.25,2.96435
111.66,4.17,0.00095,184.74,184.74,10.25,11.312,9.375,9.25,2.99158
111.66,4.17,0.00087,184.76,184.76,10.25,10.875,9.375,9.25,3.01881
113.05,4.22,0.00091,184.78,184.78,10.25,10.875,9.375,9.25,3.04604
111.66,4.17,0.00095,184.8,184.8,10.25,10.875,9.375,8.812,3.07326
112.92,4.21,0.00091,184.82,184.82,10.25,10.875,9.438,8.812,3.10049
112.92,4.21,0.00087,184.84,184.84,10.25,10.875,9.438,8.812,3.12772
114.42,4.27,0.00087,184.86,184.86,10.25,10.875,9.438,8.812,3.15495
112.54,4.2,-0.00027,184.88,184.88,10.25,10.875,9.438,8.812,3.18217
114.18,4.26,0.00095,184.9,184.9,10.25,10.875,9.438,8.812,3.2094
114.18,4.26,0.00091,184.92,184.92,10.25,10.875,9.438,8.812,3.23663
114.29,4.27,0.00034,184.94,184.94,10.25,10.875,9.438,8.812,3.26386
114.29,4.27,0.00099,184.96,184.96,10.25,10.875,9.438,8.812,3.29108
115.65,4.32,0.00099,184.98,184.98,10.3125,10.875,9.438,8.812,3.31831
115.04,4.29,0.00103,185.0,185.0,10.3125,10.875,9.438,8.812,3.34554
117.05,4.37,0.00095,185.02,185.02,10.3125,10.875,9.438,8.812,3.37277
115.92,4.33,0.0008,185.04,185.04,10.3125,10.875,9.438,8.812,3.4
116.67,4.36,0.00099,185.06,185.06,10.3125,10.875,9.438,8.812,3.42723
116.4,4.34,0.00103,185.08,185.08,10.3125,10.875,9.438,8.812,3.45446
117.29,4.38,-0.00441,185.1,185.1,10.3125,10.875,9.438,8.812,3.48169
116.67,4.36,0.00099,185.12,185.12,10.3125,10.875,9.438,8.812,3.50891
117.42,4.38,0.00103,185.14,185.14,10.3125,10.875,9.438,8.812,3.53614
117.53,4.39,0.00023,185.16,185.16,10.3125,10.875,9.438,8.812,3.56337
118.28,4.42,0.00099,185.18,185.18,10.3125,10.875,9.438,8.812,3.5906
118.79,4.43,0.00106,185.2,185.2,10.3125,10.875,9.438,8.812,3.61782
118.28,4.42,0.00091,185.22,185.22,10.25,10.875,9.438,8.812,3.64505
119.4,4.46,0.00095,185.24,185.24,10.25,11.25,9.438,8.812,3.67228
119.67,4.47,-0.00011,185.26,185.26,10.25,11.25,9.438,8.812,3.69951
119.78,4.47,0.00099,185.28,185.28,10.25,11.25,9.438,8.875,3.72674
119.54,4.46,0.00091,185.3,185.3,10.25,11.25,9.438,8.875,3.75396
120.66,4.5,-0.00167,185.32,185.32,10.25,11.25,9.438,8.875,3.78119
120.9,4.51,0.00091,185.34,185.34,10.25,11.25,9.438,8.875,3.80842
121.17,4.52,0.00091,185.36,185.36,10.25,11.25,9.438,8.875,3.83565
121.28,4.53,0.00095,185.38,185.38,10.25,11.25,9.438,8.875,3.86288
120.9,4.51,0.00095,185.4,185.4,10.25,11.25,9.438,8.875,3.8901
121.04,4.52,0.00095,185.42,185.42,10.25,11.25,9.438,8.875,3.91733
122.67,4.58,0.00103,185.44,185.44,10.25,11.25,9.438,8.875,3.94456
122.54,4.57,0.00095,185.46,185.46,10.25,11.25,9.438,8.875,3.97179
123.42,4.61,-0.00091,185.48,185.48,10.25,11.25,9.438,8.875,3.99902
122.4,4.57,0.00099,185.5,185.5,10.25,11.25,9.438,8.875,4.02625
124.04,4.63,0.00099,185.52,185.52,10.25,11.25,9.438,8.812,4.05348
123.66,4.62,-0.00228,185.54,185.54,10.25,11.25,9.5,8.812,4.0807
123.8,4.62,0.00099,185.56,185.56,10.25,11.25,9.5,8.812,4.10793
123.66,4.62,0.00103,185.58,185.58,10.25,11.25,9.5,8.812,4.13516
124.04,4.63,0.00106,185.6,185.6,10.25,11.25,9.5,8.812,4.16239
124.04,4.63,0.00099,185.62,185.62,10.25,11.25,9.5,8.812,4.18962
125.4,4.68,0.00099,185.64,185.64,10.25,11.25,9.5,8.812,4.21684
125.3,4.68,0.00099,185.66,185.66,10.25,11.25,9.5,8.812,4.24407
125.67,4.69,0.00103,185.68,185.68,10.25,11.25,9.5,8.812,4.2713
126.05,4.71,0.00015,185.7,185.7,10.25,11.25,9.5,8.812,4.29853
127.41,4.76,0.00103,185.72,185.72,10.25,11.25,9.5,8.812,4.32576
126.66,4.73,0.00103,185.74,185.74,10.25,11.312,9.5,8.812,4.35299
127.41,4.76,-0.0003,185.76,185.76,10.25,11.312,9.5,8.812,4.38022
127.79,4.77,0.00091,185.78,185.78,10.25,11.312,9.375,8.812,4.40744
128.54,4.8,0.00091,185.8,185.8,10.25,11.312,9.375,8.812,4.43468
128.54,4.8,0.00087,185.82,185.82,10.25,11.312,9.375,8.812,4.4619
128.91,4.81,0.00099,185.84,185.84,10.25,11.312,9.375,8.812,4.48913
129.53,4.83,0.00027,185.86,185.86,10.25,11.312,9.375,8.812,4.51636
129.29,4.83,0.00095,185.88,185.88,10.25,11.312,9.375,8.812,4.54359
130.41,4.87,0.00091,185.9,185.9,10.25,11.312,9.375,8.812,4.57082
130.65,4.88,-0.00247,185.92,185.92,10.25,11.312,9.375,8.812,4.59804
130.79,4.88,0.00095,185.94,185.94,10.25,11.312,9.375,8.812,4.62527
130.9,4.89,0.00095,185.96,185.96,10.25,11.312,9.375,8.812,4.6525
132.4,4.94,0.00103,185.98,185.98,10.25,10.938,9.375,8.812,4.67973
131.16,4.9,0.00091,186.0,186.0,10.25,10.938,9.375,8.812,4.70695
132.66,4.95,0.00091,186.02,186.02,10.25,10.938,9.438,8.812,4.73418
132.66,4.95,0.00091,186.04,186.04,10.25,10.938,9.438,8.812,4.76141
133.15,4.97,0.00095,186.06,186.06,10.25,10.938,9.438,8.812,4.78864
132.53,4.95,0.00011,186.08,186.08,10.25,10.938,9.438,8.812,4.81587
134.78,5.03,0.00103,186.1,186.1,10.25,10.938,9.438,8.812,4.84309
134.65,5.03,0.00099,186.12,186.12,10.25,10.938,9.438,8.812,4.87032
134.54,5.02,-0.00209,186.14,186.14,10.25,10.938,9.438,8.812,4.89755
134.65,5.03,0.00099,186.16,186.16,10.25,10.938,9.438,8.812,4.92478
136.41,5.09,0.00091,186.18,186.18,10.25,10.938,9.438,8.812,4.952
136.04,5.08,0.00061,186.2,186.2,10.25,10.938,9.438,8.812,4.97923
136.79,5.11,0.00099,186.22,186.22,10.25,11.312,9.438,8.812,5.00646
136.9,5.11,0.00019,186.24,186.24,10.25,11.312,9.438,8.812,5.03369
137.16,5.12,0.00103,186.26,186.26,10.25,11.312,9.438,8.812,5.06091
137.91,5.15,0.00099,186.28,186.28,10.25,11.312,9.438,8.812,5.08814
138.77,5.18,-0.00118,186.3,186.3,10.25,11.312,9.438,8.812,5.11537
139.04,5.19,0.00091,186.32,186.32,10.25,11.312,9.438,8.812,5.1426
138.77,5.18,0.00095,186.34,186.34,10.25,11.312,9.438,8.812,5.16982
140.17,5.23,0.0008,186.36,186.36,10.25,11.312,9.438,8.812,5.19705
140.65,5.25,0.00099,186.38,186.38,10.25,11.312,9.438,8.812,5.22428
140.54,5.25,0.0008,186.4,186.4,10.25,11.312,9.438,8.812,5.25151
141.02,5.26,0.00068,186.42,186.42,10.25,11.312,9.438,8.812,5.27874
142.52,5.32,0.00095,186.44,186.44,10.25,11.312,9.438,8.812,5.30596
141.16,5.27,4e-05,186.46,186.46,10.25,11.312,9.438,8.812,5.33319
142.76,5.33,0.00091,186.48,186.48,10.25,11.312,9.438,8.812,5.36042
142.66,5.33,0.00095,186.5,186.5,10.25,11.312,9.5,8.812,5.38765
144.02,5.38,-0.00643,186.52,186.52,10.25,11.312,9.5,8.812,5.41487
143.03,5.34,0.00095,186.54,186.54,10.25,11.312,9.5,8.812,5.4421
144.53,5.39,0.00091,186.56,186.56,10.25,11.312,9.5,8.812,5.46933
144.26,5.38,0.00046,186.58,186.58,10.25,11.312,9.5,8.812,5.49656
144.77,5.4,0.00095,186.6,186.6,10.25,11.312,9.5,8.812,5.52379
144.4,5.39,0.00099,186.62,186.62,10.25,11.312,9.5,8.812,5.55101
146.65,5.47,0.00095,186.64,186.64,10.25,11.312,9.5,8.812,5.57824
148.28,5.54,0.00091,184.66,184.66,10.3125,11.25,9.5,8.812,5.77025
149.65,5.59,-0.0003,184.68,184.68,10.3125,11.25,9.5,8.812,5.79748
148.52,5.54,0.00087,184.7,184.7,10.3125,11.25,9.5,8.812,5.82471
150.02,5.6,0.00084,184.72,184.72,10.3125,11.25,9.5,8.812,5.85194
150.16,5.61,0.00091,184.74,184.74,10.3125,11.25,9.5,8.812,5.87917
150.4,5.61,0.00095,184.76,184.76,10.3125,11.25,9.5,8.812,5.9064
149.89,5.59,0.00076,184.78,184.78,10.3125,11.25,9.5,8.812,5.93362
151.9,5.67,0.00091,184.8,184.8,10.25,11.25,9.5,8.812,5.96085
150.77,5.63,0.00087,184.82,184.82,10.25,11.25,9.5,8.812,5.98808
151.77,5.67,-0.00141,184.84,184.84,10.25,11.312,9.5,8.812,6.01531
151.9,5.67,0.00091,184.86,184.86,10.25,11.312,9.5,8.812,6.04253
153.27,5.72,0.00087,184.88,184.88,10.25,11.312,9.438,8.812,6.06976
151.66,5.66,0.00065,184.9,184.9,10.25,11.312,9.438,8.812,6.09699
153.27,5.72,0.00091,184.92,184.92,10.25,11.312,9.438,8.812,6.12422
153.02,5.71,0.0008,184.94,184.94,10.25,11.312,9.438,8.812,6.15145
153.02,5.71,0.00084,184.96,184.96,10.25,11.312,9.438,8.812,6.17867
153.64,5.74,0.00091,184.98,184.98,10.25,11.312,9.438,8.812,6.2059
155.01,5.79,-0.00148,185.0,185.0,10.25,11.312,9.438,8.812,6.23313
154.15,5.75,0.00087,185.02,185.02,10.25,11.312,9.438,8.812,6.26036
154.77,5.78,0.00095,185.04,185.04,10.25,11.312,9.438,8.812,6.28758
154.9,5.78,-0.00049,185.06,185.06,10.25,11.312,9.438,8.812,6.31481
156.02,5.82,0.00091,185.08,185.08,10.25,10.938,9.438,8.812,6.34204
156.02,5.82,0.00095,185.1,185.1,10.25,10.938,9.438,8.812,6.36927
156.13,5.83,0.0008,185.12,185.12,10.25,10.938,9.438,8.812,6.39649
156.78,5.85,0.00095,185.14,185.14,10.25,10.938,9.438,8.812,6.42372
156.02,5.82,0.00087,185.16,185.16,10.25,10.938,9.438,8.812,6.45095
157.9,5.89,0.00099,185.18,185.18,10.25,10.938,9.438,8.812,6.47818
157.77,5.89,0.00091,185.2,185.2,10.25,10.938,9.438,8.812,6.50541
157.9,5.89,-0.00046,185.22,185.22,10.25,10.938,9.438,8.812,6.53264
157.63,5.88,0.00091,185.24,185.24,10.25,10.938,9.438,8.812,6.55986
159.4,5.95,0.00095,185.26,185.26,10.25,10.938,9.438,8.812,6.58709
159.78,5.96,-0.00087,185.28,185.28,10.25,10.938,9.438,8.812,6.61432
160.26,5.98,0.00091,185.3,185.3,10.25,10.938,9.438,8.812,6.64155
159.88,5.97,0.00072,185.32,185.32,10.25,11.312,9.438,8.812,6.66877
161.65,6.03,0.00084,185.34,185.34,10.25,11.312,9.438,8.812,6.696
160.15,5.98,0.00087,185.36,185.36,10.25,11.312,9.438,8.812,6.72323
161.76,6.04,0.00087,185.38,185.38,10.25,11.312,9.438,8.812,6.75046
162.03,6.05,0.00087,185.4,185.4,10.25,11.312,9.438,8.812,6.77769
162.27,6.06,0.00091,185.42,185.42,10.25,11.312,9.438,8.812,6.80491
162.13,6.05,-0.00076,185.44,185.44,10.25,11.312,9.438,8.812,6.83214
163.9,6.12,0.00099,185.46,185.46,10.25,11.312,9.438,8.812,6.85937
164.28,6.13,0.00091,185.48,185.48,10.25,11.312,9.438,8.812,6.8866
164.14,6.13,-0.00023,185.5,185.5,10.25,11.312,9.438,8.812,6.91382
164.52,6.14,0.00095,185.52,185.52,10.25,11.312,9.438,8.812,6.94105
165.88,6.19,0.00068,185.54,185.54,10.25,11.312,9.438,8.812,6.96828
165.88,6.19,0.00095,185.56,185.56,10.25,11.25,9.438,8.812,6.99551
166.63,6.22,0.00091,185.58,185.58,10.25,11.25,9.438,8.812,7.02274
166.53,6.22,0.00072,185.6,185.6,10.25,11.25,9.438,8.812,7.04996
166.53,6.22,0.00095,185.62,185.62,10.25,11.25,9.438,8.812,7.07719
168.0,6.27,0.00095,185.64,185.64,10.25,11.25,9.438,8.812,7.10442
168.64,6.29,-0.00087,185.66,185.66,10.25,11.25,9.438,8.812,7.13165
168.75,6.3,0.00087,185.68,185.68,10.25,11.25,9.438,8.812,7.15887
169.02,6.31,0.00091,185.7,185.7,10.25,11.25,9.438,8.812,7.1861
170.14,6.35,-0.00118,185.72,185.72,10.25,11.25,9.438,8.812,7.21333
170.76,6.37,0.00087,185.74,185.74,10.25,11.25,9.438,8.812,7.24056
171.27,6.39,0.00084,185.76,185.76,10.25,11.25,9.438,8.812,7.26779
171.27,6.39,0.00095,185.78,185.78,10.25,11.25,9.438,8.812,7.29501
172.5,6.44,0.00091,185.8,185.8,10.25,11.312,9.438,8.812,7.32224
171.51,6.4,-0.0003,185.82,185.82,10.25,11.312,9.438,8.812,7.34947
172.63,6.44,0.00095,185.84,185.84,10.25,11.312,9.438,8.812,7.3767
173.01,6.46,0.00099,185.86,185.86,10.25,11.312,9.438,8.812,7.40392
174.51,6.51,-0.00145,185.88,185.88,10.25,11.312,9.438,8.812,7.43115
173.25,6.47,0.00095,185.9,185.9,10.25,11.312,9.438,8.812,7.45838
175.39,6.55,0.00095,185.92,185.92,10.25,11.312,9.438,8.812,7.48561
175.26,6.54,0.00042,185.94,185.94,10.25,11.312,9.438,8.812,7.51284
176.63,6.59,0.00103,185.96,185.96,10.25,11.312,9.438,8.812,7.54006
176.01,6.57,0.00103,185.98,185.98,10.25,11.312,9.438,8.812,7.57129
176.39,6.58,0.00103,186.0,186.0,10.25,11.312,9.438,8.812,7.59852
176.39,6.58,0.00103,186.02,186.02,10.3125,11.312,9.438,8.812,7.62729
178.02,6.64,0.00099,186.04,186.04,10.3125,11.312,9.438,8.812,7.65452
177.75,6.63,0.00103,186.06,186.06,10.3125,11.312,9.438,8.875,7.68175
179.01,6.68,0.00087,186.08,186.08,10.3125,11.312,9.438,8.875,7.70898
179.52,6.7,0.00095,186.1,186.1,10.3125,11.312,9.438,8.875,7.7393
179.87,6.71,-0.00118,186.12,186.12,10.3125,11.312,9.438,8.875,7.76653
180.0,6.72,0.00099,186.14,186.14,10.3125,11.312,9.438,8.875,7.79376
180.14,6.72,0.00095,186.16,186.16,10.3125,11.312,9.438,8.875,7.82099
181.5,6.78,-0.00357,186.18,186.18,10.3125,11.312,9.438,8.875,7.84822
180.51,6.74,0.00087,186.2,186.2,10.3125,11.312,9.438,8.875,7.87545
182.12,6.8,0.00095,186.22,186.22,10.3125,11.312,9.438,8.875,7.90268
182.25,6.8,0.00076,186.24,186.24,10.3125,11.312,9.438,8.875,7.9299
182.63,6.82,0.00091,186.26,186.26,10.3125,11.312,9.438,8.875,7.95713
182.76,6.82,0.00091,186.28,186.28,10.3125,11.312,9.438,8.875,7.98436
184.37,6.88,0.00095,186.3,186.3,10.3125,11.312,9.438,8.812,8.01159
183.51,6.85,0.00095,186.32,186.32,10.3125,11.312,9.438,8.812,8.03881
184.74,6.9,-0.00103,186.34,186.34,10.3125,11.312,9.438,8.812,8.06604
184.64,6.89,0.00087,186.36,186.36,10.3125,11.312,9.438,8.812,8.09327
186.24,6.95,0.00095,186.38,186.38,10.3125,11.312,9.438,8.812,8.1205
185.49,6.92,-0.00525,186.4,186.4,10.3125,11.312,9.438,8.812,8.14773
186.89,6.98,0.0008,186.42,186.42,10.3125,11.312,9.438,8.812,8.17495
186.51,6.96,0.00084,186.44,186.44,10.3125,11.312,9.438,8.812,8.20218
186.89,6.98,0.00053,186.46,186.46,10.3125,11.312,9.438,8.812,8.22941
188.39,7.03,0.00084,186.48,186.48,10.3125,11.312,9.438,8.812,8.25664
188.87,7.05,0.00084,186.5,186.5,10.25,11.312,9.438,8.812,8.28386
189.24,7.06,0.0008,186.52,186.52,10.25,10.938,9.438,8.812,8.31109
189.14,7.06,0.00084,186.54,186.54,10.25,10.938,9.438,8.812,8.33832
190.37,7.11,-0.00224,186.56,186.56,10.25,10.938,9.438,8.812,8.36555
190.88,7.12,0.00084,186.58,186.58,10.25,10.938,9.438,8.812,8.39278
191.49,7.15,0.00084,186.6,186.6,10.25,10.938,9.438,8.812,8.42
191.49,7.15,0.00038,186.62,186.62,10.25,10.938,9.438,8.812,8.44723
192.75,7.2,0.00087,186.64,186.64,10.25,10.938,9.438,8.812,8.47446
195.75,7.31,0.00087,184.66,184.66,10.25,10.938,9.438,8.812,8.62817
194.74,7.27,0.00084,184.68,184.68,10.25,10.938,9.438,8.812,8.6554
196.75,7.34,-0.0008,184.7,184.7,10.25,10.938,9.438,8.875,8.68263
196.61,7.34,0.00087,184.72,184.72,10.25,10.938,9.438,8.875,8.70985
196.37,7.33,0.0008,184.74,184.74,10.25,10.938,9.438,8.875,8.73708
196.5,7.33,-0.00049,184.76,184.76,10.25,10.938,9.438,8.875,8.76431
198.11,7.39,0.00087,184.78,184.78,10.25,10.938,9.438,8.875,8.79154
196.88,7.35,0.00087,184.8,184.8,10.25,10.938,9.438,8.875,8.81877
198.38,7.41,0.00068,184.82,184.82,10.25,10.938,9.438,8.875,8.84599
198.49,7.41,0.00091,184.84,184.84,10.25,10.938,9.438,8.875,8.87322
198.76,7.42,0.00015,184.86,184.86,10.25,10.938,9.438,8.875,8.90045
199.0,7.43,0.00099,184.88,184.88,10.25,10.938,9.438,8.875,8.92768
199.99,7.46,0.00091,184.9,184.9,10.25,10.938,9.438,8.875,8.9549
199.88,7.46,-0.00335,184.92,184.92,10.25,11.25,9.438,8.875,8.98213
200.5,7.48,0.00095,184.94,184.94,10.25,11.25,9.438,8.812,9.00936
200.26,7.47,0.00095,184.96,184.96,10.25,11.25,9.438,8.812,9.03659
202.0,7.54,0.00046,184.98,184.98,10.25,11.25,9.438,8.812,9.06381
201.11,7.51,0.00087,185.0,185.0,10.25,11.25,9.438,8.812,9.09104
201.86,7.54,0.00114,185.02,185.02,10.25,11.25,9.438,8.812,9.11827
202.61,7.56,0.00087,185.04,185.04,10.25,11.25,9.438,8.812,9.1455
202.24,7.55,0.00084,185.06,185.06,10.25,11.25,9.438,8.812,9.17272
203.5,7.6,0.00053,185.08,185.08,10.25,11.25,9.438,8.812,9.19995
203.87,7.61,0.00084,185.1,185.1,10.25,11.25,9.438,8.812,9.22718
204.01,7.62,0.00076,185.12,185.12,10.25,11.25,9.438,8.812,9.25441
204.01,7.62,-0.00122,185.14,185.14,10.3125,11.25,9.438,8.812,9.28164
205.37,7.67,0.00084,185.16,185.16,10.3125,11.25,9.438,8.812,9.30886
205.61,7.67,0.00087,185.18,185.18,10.3125,11.25,9.438,8.812,9.33609
205.85,7.68,-0.00015,185.2,185.2,10.3125,11.25,9.438,8.812,9.36332
205.61,7.67,0.00087,185.22,185.22,10.3125,11.25,9.438,8.812,9.39055
207.49,7.75,0.00084,185.24,185.24,10.3125,11.25,9.438,8.812,9.41777
206.12,7.69,0.00091,185.26,185.26,10.3125,11.25,9.438,8.812,9.445
208.0,7.76,0.00084,185.28,185.28,10.3125,11.25,9.438,8.812,9.47223
207.73,7.75,-0.00072,185.3,185.3,10.3125,11.25,9.438,8.812,9.49946
208.24,7.77,0.00087,185.32,185.32,10.3125,11.25,9.438,8.812,9.52668
208.48,7.78,0.00091,185.34,185.34,10.3125,11.25,9.438,8.812,9.55391
210.11,7.84,-0.00038,185.36,185.36,10.3125,11.25,9.438,8.812,9.58114
210.36,7.85,0.00084,185.38,185.38,10.25,11.25,9.438,8.812,9.60837
210.62,7.86,0.00091,185.4,185.4,10.25,10.938,9.438,8.812,9.63559
210.86,7.87,0.00061,185.42,185.42,10.25,10.938,9.438,8.812,9.66282
212.36,7.93,0.00087,185.44,185.44,10.25,10.938,9.438,8.812,9.69005
211.48,7.89,0.00076,185.46,185.46,10.25,10.938,9.438,8.812,9.71728
212.74,7.94,0.00091,185.48,185.48,10.25,10.938,9.438,8.812,9.7445
212.74,7.94,0.00091,185.5,185.5,10.25,10.938,9.438,8.812,9.77173
213.11,7.96,-0.00194,185.52,185.52,10.25,10.938,9.438,8.812,9.79896
213.86,7.98,0.00087,185.54,185.54,10.25,10.938,9.438,8.812,9.82619
214.99,8.03,0.00087,185.56,185.56,10.25,10.938,9.438,8.812,9.85342
215.36,8.04,0.00027,185.58,185.58,10.25,10.938,9.438,8.812,9.88064
215.61,8.05,0.00091,185.6,185.6,10.25,10.938,9.438,8.812,9.90787
216.73,8.09,0.00084,185.62,185.62,10.25,10.938,9.438,8.812,9.9351
217.75,8.13,0.00087,185.64,185.64,10.25,10.938,9.438,8.812,9.96233
217.62,8.12,0.00091,185.66,185.66,10.25,10.938,9.438,8.812,9.98956
217.37,8.11,0.00087,185.68,185.68,10.25,10.938,9.438,8.812,10.01678
219.12,8.18,0.0011,185.7,185.7,10.25,10.938,9.438,8.812,10.04401
218.23,8.15,0.00114,185.72,185.72,10.25,10.938,9.438,8.812,10.07124
220.11,8.22,-0.00224,185.74,185.74,10.25,10.938,9.438,8.812,10.09847
219.97,8.21,0.00114,185.76,185.76,10.25,10.938,9.438,8.812,10.12569
221.37,8.26,0.00114,185.78,185.78,10.25,10.938,9.438,8.812,10.15292
220.48,8.23,0.00038,185.8,185.8,10.25,10.938,9.438,8.812,10.18015
221.98,8.29,0.00118,185.82,185.82,10.25,10.938,9.438,8.812,10.20738
222.6,8.31,0.00118,185.84,185.84,10.25,10.938,9.438,8.812,10.2346
222.87,8.32,0.00118,185.86,185.86,10.25,10.938,9.438,8.812,10.26183
223.48,8.34,0.00118,185.88,185.88,10.25,10.938,9.438,8.812,10.28906
224.98,8.4,-4e-05,185.9,185.9,10.25,10.938,9.438,8.812,10.31629
223.48,8.34,0.00122,185.92,185.92,10.25,10.938,9.438,8.812,10.34352
225.36,8.41,0.00122,185.94,185.94,10.25,10.938,9.438,8.812,10.37074
225.36,8.41,0.0,185.96,185.96,10.25,10.938,9.438,8.812,10.39797
226.86,8.47,0.00106,185.98,185.98,10.25,10.938,9.438,8.812,10.4252
226.24,8.45,0.00106,186.0,186.0,10.25,10.938,9.438,8.812,10.45243
227.98,8.51,0.00106,186.02,186.02,10.25,10.938,9.438,8.812,10.47965
227.98,8.51,0.00106,186.04,186.04,10.25,10.938,9.438,8.812,10.50688
228.36,8.52,0.00095,186.06,186.06,10.25,10.938,9.438,8.812,10.53411
228.97,8.55,0.0011,186.08,186.08,10.25,10.938,9.438,8.812,10.56134
230.23,8.59,0.00103,186.1,186.1,10.3125,10.938,9.438,8.812,10.58856
230.37,8.6,-0.00164,186.12,186.12,10.3125,11.25,9.438,8.812,10.61579
230.85,8.62,0.0011,186.14,186.14,10.3125,11.25,9.438,8.812,10.64302
231.12,8.63,0.00114,186.16,186.16,10.3125,11.25,9.438,8.812,10.67025
232.48,8.68,4e-05,186.18,186.18,10.3125,11.25,9.438,8.812,10.69747
232.59,8.68,0.00114,186.2,186.2,10.3125,11.25,9.438,8.812,10.7247
232.97,8.7,0.00103,186.22,186.22,10.3125,11.25,9.438,8.812,10.75193
233.85,8.73,0.00099,186.24,186.24,10.3125,11.25,9.438,8.812,10.77916
233.61,8.72,0.0011,186.26,186.26,10.3125,11.25,9.438,8.812,10.80639
234.84,8.77,0.00095,186.28,186.28,10.3125,11.25,9.438,8.812,10.83361
235.59,8.79,0.00106,186.3,186.3,10.3125,11.25,9.438,8.812,10.86084
235.97,8.81,0.00106,186.32,186.32,10.3125,11.25,9.438,8.812,10.88807
236.23,8.82,-0.00106,186.34,186.34,10.25,11.25,9.438,8.812,10.9153
237.84,8.88,0.00103,186.36,186.36,10.25,11.25,9.438,8.812,10.94252
238.22,8.89,0.00106,186.38,186.38,10.25,11.25,9.438,9.188,10.96975
238.35,8.9,-0.00125,186.4,186.4,10.25,11.25,9.438,9.188,10.99698
238.35,8.9,0.0011,186.42,186.42,10.25,11.25,9.438,9.188,11.02421
240.23,8.97,0.00103,186.44,186.44,10.25,11.25,9.438,9.188,11.05143
238.97,8.92,0.00118,186.46,186.46,10.25,11.25,9.438,9.188,11.07866
240.6,8.98,0.00118,186.48,186.48,10.25,11.25,9.438,9.188,11.10589
240.73,8.99,0.00061,186.5,186.5,10.25,11.25,9.438,9.188,11.13312
240.98,8.99,0.00118,186.52,186.52,10.25,11.25,9.438,9.188,11.16035
241.11,9.0,0.00118,186.54,186.54,10.25,11.25,9.438,9.188,11.18757
243.23,9.08,-0.00266,186.56,186.56,10.25,11.25,9.438,9.188,11.2148
242.48,9.05,0.00118,186.58,186.58,10.25,11.25,9.438,9.188,11.24203
243.36,9.08,0.00118,186.6,186.6,10.25,11.25,9.438,9.188,11.26926
243.6,9.09,0.00118,186.62,186.62,10.25,10.938,9.438,8.812,11.29648
245.58,9.17,0.00091,186.64,186.64,10.25,10.938,9.375,8.812,11.32371
247.83,9.25,0.00072,184.66,184.66,10.25,10.938,9.375,8.812,11.50074
248.1,9.26,0.00091,184.68,184.68,10.25,10.938,9.375,8.812,11.52797
248.48,9.28,0.00087,184.7,184.7,10.25,10.938,9.375,8.812,11.5552
249.71,9.32,-0.00369,184.72,184.72,10.25,10.938,9.375,8.812,11.58242
248.85,9.29,0.00095,184.74,184.74,10.25,10.938,9.375,8.812,11.60965
250.35,9.35,0.00095,184.76,184.76,10.25,11.25,9.375,8.812,11.63688
250.08,9.34,0.00057,184.78,184.78,10.25,11.25,9.438,8.812,11.66411
251.72,9.4,0.00099,184.8,184.8,10.25,11.25,9.438,8.812,11.69133
250.35,9.35,0.00095,184.82,184.82,10.25,11.25,9.438,8.812,11.71856
252.09,9.41,0.00099,184.84,184.84,10.25,11.25,9.438,8.812,11.74579
251.72,9.4,0.00095,184.86,184.86,10.25,11.25,9.438,8.812,11.77302
251.96,9.4,0.00084,184.88,184.88,10.25,11.25,9.438,8.812,11.80024
252.6,9.43,0.00095,184.9,184.9,10.25,11.25,9.438,8.812,11.82747
253.84,9.47,0.00099,184.92,184.92,10.25,11.25,9.438,8.812,11.8547
253.84,9.47,-0.00361,184.94,184.94,10.25,11.25,9.438,8.812,11.88193
254.1,9.48,0.00095,184.96,184.96,10.25,11.25,9.438,8.812,11.90915
254.96,9.52,0.00091,184.98,184.98,10.25,11.25,9.438,8.812,11.93638
255.6,9.54,0.00049,185.0,185.0,10.25,10.938,9.438,8.812,11.96361
255.6,9.54,0.00091,185.02,185.02,10.25,10.938,9.438,8.812,11.99084
255.71,9.54,0.00095,185.04,185.04,10.25,10.938,9.438,8.812,12.01806
256.59,9.58,0.00095,185.06,185.06,10.25,10.938,9.438,8.812,12.04529
255.84,9.55,0.00099,185.08,185.08,10.25,10.938,9.438,8.812,12.07252
257.1,9.6,0.00049,185.1,185.1,10.25,10.938,9.438,8.812,12.09975
257.72,9.62,0.00099,185.12,185.12,10.25,10.938,9.438,8.812,12.12697
257.96,9.63,0.00103,185.14,185.14,10.25,10.938,9.438,8.812,12.1542
257.34,9.61,-0.00167,185.16,185.16,10.25,10.938,9.438,8.812,12.18143
259.22,9.68,0.00103,185.18,185.18,10.25,10.938,9.438,8.812,12.20866
259.09,9.67,0.00106,185.2,185.2,10.25,10.938,9.438,8.812,12.23588
260.08,9.71,0.00091,185.22,185.22,10.25,10.938,9.438,8.812,12.26311
259.7,9.69,0.00106,185.24,185.24,10.25,10.938,9.438,8.812,12.29034
261.71,9.77,0.00103,185.26,185.26,10.25,10.938,9.375,8.812,12.31757
259.84,9.7,0.00106,185.28,185.28,10.25,10.938,9.375,8.812,12.34479
261.95,9.78,0.00099,185.3,185.3,10.25,10.938,9.375,8.812,12.37202
262.09,9.78,-0.00304,185.32,185.32,10.25,10.938,9.375,8.812,12.39925
262.84,9.81,0.00095,185.34,185.34,10.25,10.938,9.375,8.812,12.42648
262.6,9.8,0.00103,185.36,185.36,10.25,10.938,9.375,8.812,12.45371
264.2,9.86,-0.00034,185.38,185.38,10.25,10.938,9.375,8.812,12.48093
264.71,9.88,0.00106,185.4,185.4,10.25,10.938,9.375,8.812,12.50816
264.47,9.87,0.00099,185.42,185.42,10.25,10.938,9.375,8.812,12.53539
265.09,9.89,0.00095,185.44,185.44,10.25,10.938,9.375,8.812,12.56262
266.83,9.96,0.00106,185.46,185.46,10.25,10.938,9.375,8.812,12.58984
266.45,9.95,0.00118,185.48,185.48,10.25,11.312,9.375,8.875,12.61707
267.34,9.98,0.00099,185.5,185.5,10.25,11.312,9.438,8.875,12.6443
267.58,9.99,0.00106,185.52,185.52,10.25,11.312,9.438,8.875,12.67153
267.47,9.98,-0.00072,185.54,185.54,10.25,11.312,9.438,8.875,12.69875
269.08,10.04,0.00103,185.56,185.56,10.25,11.312,9.438,8.875,12.72598
269.45,10.06,0.00106,185.58,185.58,10.25,11.312,9.438,8.875,12.75321
270.2,10.09,0.00046,185.6,185.6,10.25,11.312,9.438,8.875,12.78044
270.07,10.08,0.00103,185.62,185.62,10.25,11.312,9.438,8.875,12.80767
271.46,10.13,0.00103,185.64,185.64,10.25,11.312,9.438,8.875,12.83489
271.84,10.15,0.00106,185.66,185.66,10.25,11.312,9.438,8.875,12.86212
272.32,10.16,0.00099,185.68,185.68,10.25,11.312,9.438,8.875,12.88935
272.45,10.17,0.00084,185.7,185.7,10.25,11.312,9.438,8.875,12.91658
274.09,10.23,0.00106,185.72,185.72,10.25,11.312,9.438,8.812,12.9438
272.83,10.18,0.00099,185.74,185.74,10.25,11.312,9.438,8.812,12.97103
274.7,10.25,-0.00095,185.76,185.76,10.25,11.312,9.438,8.812,12.99826
274.7,10.25,0.00103,185.78,185.78,10.25,11.312,9.438,8.812,13.02549
276.45,10.32,0.0011,185.8,185.8,10.25,11.312,9.438,8.812,13.05272
275.45,10.28,-4e-05,185.82,185.82,10.25,11.312,9.438,8.812,13.07994
276.82,10.33,0.00106,185.84,185.84,10.25,11.312,9.438,8.812,13.10717
276.82,10.33,0.00091,185.86,185.86,10.25,11.312,9.438,8.812,13.1344
277.57,10.36,0.00099,185.88,185.88,10.25,11.312,9.438,8.812,13.16163
277.46,10.36,0.00106,185.9,185.9,10.25,11.312,9.438,8.812,13.18885
279.58,10.44,-0.00099,185.92,185.92,10.25,11.312,9.438,8.812,13.21608
278.83,10.41,0.00103,185.94,185.94,10.25,11.312,9.438,8.812,13.24331
280.09,10.46,0.00099,185.96,185.96,10.25,10.938,9.438,8.812,13.27054
280.33,10.46,0.00019,185.98,185.98,10.25,10.938,9.438,8.812,13.29776
280.46,10.47,0.0011,186.0,186.0,10.25,10.938,9.438,8.812,13.32499
281.08,10.49,0.0011,186.02,186.02,10.25,10.938,9.438,8.812,13.35222
282.07,10.53,0.00106,186.04,186.04,10.25,10.938,9.438,8.812,13.37945
282.82,10.56,0.00114,186.06,186.06,10.25,10.938,9.438,8.812,13.40668
282.21,10.53,0.00095,186.08,186.08,10.25,10.938,9.438,8.812,13.4339
283.71,10.59,0.00114,186.1,186.1,10.25,10.938,9.438,8.812,13.46113
284.83,10.63,0.00122,186.12,186.12,10.25,10.938,9.438,8.812,13.48836
284.83,10.63,-0.00145,186.14,186.14,10.25,10.938,9.438,8.812,13.51558
285.07,10.64,0.00114,186.16,186.16,10.25,10.938,9.438,8.812,13.54281
285.69,10.66,0.0011,186.18,186.18,10.25,10.938,9.438,8.812,13.57004
285.69,10.66,-0.00011,186.2,186.2,10.25,11.25,9.438,8.812,13.59727
287.56,10.73,0.00114,186.22,186.22,10.25,11.25,9.438,9.188,13.6245
287.08,10.72,0.0011,186.24,186.24,10.25,11.25,9.5,9.188,13.65172
288.45,10.77,0.0011,186.26,186.26,10.25,11.25,9.5,9.188,13.67895
287.7,10.74,0.00106,186.28,186.28,10.25,11.25,9.5,9.188,13.70618
289.44,10.8,0.00091,186.3,186.3,10.25,11.25,9.5,9.188,13.73341
289.57,10.81,0.0011,186.32,186.32,10.25,11.25,9.5,9.188,13.76064
289.71,10.81,0.00106,186.34,186.34,10.25,11.25,9.5,9.188,13.78786
290.08,10.83,-0.003,186.36,186.36,10.25,11.25,9.5,9.188,13.81509
291.58,10.88,0.0011,186.38,186.38,10.25,11.25,9.5,9.188,13.84232
290.94,10.86,0.00106,186.4,186.4,10.25,11.25,9.5,9.188,13.86955
292.33,10.91,0.00129,186.42,186.42,10.25,11.25,9.5,9.188,13.89677
292.71,10.93,0.00114,186.44,186.44,10.25,11.312,9.5,9.188,13.924
294.07,10.98,0.00099,186.46,186.46,10.25,11.312,9.5,8.812,13.95123
293.32,10.95,0.00106,186.48,186.48,10.25,11.312,9.438,8.812,13.97846
294.69,11.0,0.00114,186.5,186.5,10.25,11.312,9.438,8.812,14.00568
294.45,10.99,-0.00061,186.52,186.52,10.25,11.312,9.438,8.812,14.03291
294.82,11.01,0.00106,186.54,186.54,10.25,11.312,9.438,8.812,14.06014
295.2,11.02,0.0011,186.56,186.56,10.25,11.312,9.438,8.812,14.08737
296.94,11.08,0.00076,186.58,186.58,10.25,11.312,9.438,8.812,14.11459
296.7,11.07,0.00114,186.6,186.6,10.25,11.312,9.438,8.812,14.14182
296.81,11.08,0.0011,186.62,186.62,10.25,11.312,9.438,8.812,14.16905
298.2,11.13,0.00106,186.64,186.64,10.25,11.312,9.438,8.812,14.19628
301.44,11.25,0.00114,184.66,184.66,10.25,11.312,9.438,8.812,14.37233
301.95,11.27,-0.00232,184.68,184.68,10.25,11.312,9.438,8.812,14.39956
303.08,11.31,0.00118,184.7,184.7,10.25,11.312,9.438,8.812,14.42679
303.18,11.32,0.00118,184.72,184.72,10.25,11.312,9.438,8.812,14.45401
303.18,11.32,0.00068,184.74,184.74,10.25,11.312,9.438,8.812,14.48124
304.2,11.36,0.00114,184.76,184.76,10.25,11.312,9.438,8.812,14.50847
303.32,11.32,0.00125,184.78,184.78,10.25,11.312,9.438,8.812,14.5357
305.57,11.41,0.00099,184.8,184.8,10.25,11.312,9.438,8.812,14.56293
305.7,11.41,0.00114,184.82,184.82,10.25,11.25,9.438,8.812,14.59015
305.7,11.41,0.00087,184.84,184.84,10.25,11.25,9.438,8.812,14.61738
304.95,11.38,0.00122,184.86,184.86,10.25,11.25,9.5,8.812,14.64461
306.69,11.45,0.00114,184.88,184.88,10.25,11.25,9.5,8.812,14.67184
305.57,11.41,8e-05,184.9,184.9,10.25,11.25,9.5,8.812,14.69906
307.31,11.47,0.00122,184.92,184.92,10.25,11.25,9.5,8.812,14.72629
307.58,11.48,0.00129,184.94,184.94,10.25,11.25,9.5,8.812,14.75352
308.81,11.53,0.00061,184.96,184.96,10.25,11.25,9.5,8.812,14.78075
307.58,11.48,0.00122,184.98,184.98,10.25,11.25,9.5,8.812,14.80797
309.05,11.54,0.00122,185.0,185.0,10.25,11.25,9.5,8.812,14.8352
309.32,11.55,0.00129,185.02,185.02,10.25,11.25,9.5,8.812,14.86243
309.69,11.56,0.00129,185.04,185.04,10.3125,11.25,9.5,8.812,14.88966
309.32,11.55,0.00103,185.06,185.06,10.3125,11.312,9.5,8.812,14.91688
311.06,11.61,0.00133,185.08,185.08,10.3125,11.312,9.5,8.812,14.94411
310.44,11.59,0.00133,185.1,185.1,10.3125,11.312,9.438,8.812,14.97134
310.92,11.61,0.00046,185.12,185.12,10.3125,11.312,9.438,8.812,14.99857
311.43,11.62,0.00129,185.14,185.14,10.3125,11.312,9.438,8.812,15.02579
312.93,11.68,0.00129,185.16,185.16,10.3125,11.312,9.438,8.812,15.05302
312.69,11.67,0.00095,185.18,185.18,10.3125,11.312,9.438,8.812,15.08025
313.31,11.7,0.00125,185.2,185.2,10.3125,11.312,9.438,8.812,15.10748
313.31,11.7,0.00095,185.22,185.22,10.3125,11.312,9.438,8.812,15.1347
313.44,11.7,0.00118,185.24,185.24,10.3125,11.312,9.438,8.812,15.16193
315.18,11.77,0.00129,185.26,185.26,10.3125,11.312,9.438,8.812,15.18916
316.07,11.8,-0.00061,185.28,185.28,10.3125,11.312,9.438,8.812,15.21639
316.18,11.8,0.00125,185.3,185.3,10.3125,11.312,9.438,8.812,15.24362
316.07,11.8,0.00125,185.32,185.32,10.3125,10.875,9.438,8.812,15.27084
317.43,11.85,0.00072,185.34,185.34,10.3125,10.875,9.438,8.812,15.29807
318.05,11.87,0.00129,185.36,185.36,10.3125,10.875,9.438,8.812,15.3253
318.05,11.87,0.00141,185.38,185.38,10.3125,10.875,9.438,8.812,15.35253
318.18,11.88,0.00217,185.4,185.4,10.3125,10.875,9.438,8.812,15.37976
320.06,11.95,0.00133,185.42,185.42,10.3125,10.875,9.438,8.812,15.40699
318.93,11.9,0.00148,185.44,185.44,10.3125,10.875,9.438,8.812,15.43422
320.81,11.97,0.00125,185.46,185.46,10.3125,10.875,9.438,8.812,15.46144
321.19,11.99,0.00129,185.48,185.48,10.3125,10.875,9.438,8.812,15.48867
321.56,12.0,0.00034,185.5,185.5,10.3125,10.875,9.438,8.812,15.5159
321.32,11.99,0.00133,185.52,185.52,10.3125,10.875,9.438,8.812,15.54313
323.68,12.08,0.00122,185.54,185.54,10.25,10.875,9.438,8.812,15.57035
323.81,12.09,0.00042,185.56,185.56,10.25,11.25,9.438,9.188,15.59758
323.81,12.09,0.00129,185.58,185.58,10.25,11.25,9.438,9.188,15.62481
323.68,12.08,0.00125,185.6,185.6,10.25,11.25,9.438,9.188,15.65204
325.31,12.14,0.00118,185.62,185.62,10.25,11.25,9.438,9.188,15.67927
325.04,12.13,0.00129,185.64,185.64,10.25,11.25,9.438,9.188,15.7065
325.93,12.17,0.00106,185.66,185.66,10.25,11.25,9.438,9.188,15.73373
326.54,12.19,0.00122,185.68,185.68,10.25,11.25,9.438,9.188,15.76095
327.19,12.21,0.00122,185.7,185.7,10.25,11.25,9.438,9.188,15.78818
327.67,12.23,-0.00186,185.72,185.72,10.25,11.25,9.438,9.188,15.81541
328.93,12.28,0.00133,185.74,185.74,10.25,11.25,9.438,9.188,15.84264
329.44,12.3,0.00133,185.76,185.76,10.25,11.25,9.438,9.188,15.86987
330.05,12.32,0.00061,185.78,185.78,10.25,11.25,9.438,9.188,15.8971
330.56,12.34,0.00137,185.8,185.8,10.25,10.875,9.438,8.875,15.92432
331.93,12.39,0.00129,185.82,185.82,10.25,10.875,9.375,8.875,15.95155
332.17,12.4,0.00133,185.84,185.84,10.25,10.875,9.375,8.875,15.97878
332.3,12.4,0.00145,185.86,185.86,10.25,10.875,9.375,8.875,16.00601
333.56,12.45,-0.00015,185.88,185.88,10.25,10.875,9.375,8.875,16.03324
332.92,12.43,0.00141,185.9,185.9,10.25,10.875,9.375,8.875,16.06046
334.79,12.5,0.00141,185.92,185.92,10.25,10.875,9.375,8.875,16.08769
334.79,12.5,0.00084,185.94,185.94,10.25,10.875,9.375,8.875,16.11492
335.79,12.53,0.00137,185.96,185.96,10.25,10.875,9.375,8.875,16.14215
335.68,12.53,0.00137,185.98,185.98,10.25,10.875,9.375,8.875,16.16938
337.29,12.59,0.00122,186.0,186.0,10.25,10.875,9.375,8.875,16.1966
337.66,12.6,0.00141,186.02,186.02,10.3125,10.875,9.375,8.875,16.22383
338.79,12.65,0.00114,186.04,186.04,10.3125,11.25,9.375,9.188,16.25106
337.66,12.6,0.00145,186.06,186.06,10.3125,11.25,9.438,9.188,16.27829
340.05,12.69,0.00137,186.08,186.08,10.3125,11.25,9.438,9.188,16.30552
339.16,12.66,0.00011,186.1,186.1,10.3125,11.25,9.438,9.188,16.33275
340.42,12.71,0.00141,186.12,186.12,10.3125,11.25,9.438,9.188,16.35997
340.66,12.72,0.00141,186.14,186.14,10.3125,11.25,9.438,9.188,16.3872
342.43,12.78,0.00019,186.16,186.16,10.3125,11.25,9.438,9.188,16.41443
341.04,12.73,0.00141,186.18,186.18,10.3125,11.25,9.438,9.188,16.44166
342.8,12.8,0.00137,186.2,186.2,10.3125,11.25,9.438,9.188,16.46889
343.42,12.82,0.00145,186.22,186.22,10.3125,11.25,9.438,9.188,16.49611
344.04,12.84,0.00145,186.24,186.24,10.3125,11.25,9.438,9.188,16.52334
344.31,12.85,0.00133,186.26,186.26,10.25,11.25,9.438,9.188,16.55057
346.66,12.94,0.00122,186.28,186.28,10.25,10.938,9.438,8.812,16.5778
345.16,12.88,0.00148,186.3,186.3,10.25,10.938,9.438,8.812,16.60504
346.18,12.92,-0.00057,186.32,186.32,10.25,10.938,9.438,8.812,16.63227
346.29,12.93,0.00148,186.34,186.34,10.25,10.938,9.438,8.812,16.6595
347.92,12.99,0.00145,186.36,186.36,10.25,10.938,9.438,8.812,16.68673
347.65,12.98,0.00091,186.38,186.38,10.25,10.938,9.438,8.812,16.71396
347.79,12.98,0.00148,186.4,186.4,10.25,10.938,9.438,8.812,16.74118
348.67,13.02,0.00141,186.42,186.42,10.25,10.938,9.438,8.812,16.76841
348.3,13.0,0.00141,186.44,186.44,10.25,10.938,9.438,8.812,16.79564
349.8,13.06,0.00148,186.46,186.46,10.25,10.938,9.438,8.812,16.82287
350.17,13.07,0.00072,186.48,186.48,10.25,10.938,9.438,8.812,16.8501
351.3,13.11,0.00145,186.5,186.5,10.3125,10.938,9.438,8.812,16.87733
350.65,13.09,0.00148,186.52,186.52,10.3125,10.875,9.438,9.25,16.90456
352.53,13.16,-0.00137,186.54,186.54,10.3125,10.875,9.438,9.25,16.93179
352.53,13.16,0.00141,186.56,186.56,10.3125,10.875,9.438,9.25,16.95902
352.66,13.16,0.00145,186.58,186.58,10.3125,10.875,9.438,9.25,16.98626
353.04,13.18,0.00034,186.6,186.6,10.3125,10.875,9.438,9.25,17.01348
354.16,13.22,0.00141,186.62,186.62,10.3125,10.875,9.438,9.25,17.04071
353.17,13.18,0.00122,186.64,186.64,10.3125,10.875,9.438,9.25,17.06794
358.16,13.37,0.00137,184.66,184.66,10.25,10.938,9.438,8.875,17.33498
360.3,13.45,0.00145,184.68,184.68,10.25,10.938,9.438,8.875,17.36221
359.66,13.43,0.00148,184.7,184.7,10.25,10.938,9.438,8.875,17.38944
360.16,13.44,-0.00027,184.72,184.72,10.25,10.938,9.438,8.875,17.41667
360.65,13.46,0.00148,184.74,184.74,10.25,10.938,9.438,8.875,17.4439
360.54,13.46,0.00145,184.76,184.76,10.25,10.938,9.438,8.875,17.47112
361.66,13.5,-0.00145,184.78,184.78,10.25,10.938,9.438,8.875,17.49835
362.52,13.53,0.00145,184.8,184.8,10.25,10.938,9.438,8.875,17.52558
362.52,13.53,0.00148,184.82,184.82,10.25,10.938,9.438,8.875,17.55281
362.66,13.54,0.00122,184.84,184.84,10.25,10.938,9.438,8.875,17.58004
363.41,13.56,0.00145,184.86,184.86,10.25,10.938,9.438,8.875,17.60726
362.42,13.53,0.00156,184.88,184.88,10.25,10.938,9.438,8.875,17.63449
363.65,13.57,0.00145,184.9,184.9,10.25,10.938,9.438,8.875,17.66172
364.02,13.59,0.00148,184.92,184.92,10.25,10.938,9.438,8.875,17.68895
365.66,13.65,-0.00046,184.94,184.94,10.25,10.938,9.438,8.875,17.71618
364.29,13.6,0.00148,184.96,184.96,10.25,10.938,9.438,8.875,17.74341
365.52,13.64,0.00148,184.98,184.98,10.25,10.938,9.438,8.875,17.77063
365.79,13.65,0.00068,185.0,185.0,10.25,10.938,9.438,8.875,17.79786
366.17,13.67,0.00148,185.02,185.02,10.25,10.938,9.438,8.875,17.82509
365.79,13.65,0.00148,185.04,185.04,10.25,10.938,9.438,8.875,17.85232
368.15,13.74,0.00148,185.06,185.06,10.25,10.938,9.438,8.875,17.87955
367.77,13.73,0.00148,185.08,185.08,10.25,11.312,9.438,8.812,17.90678
368.52,13.76,0.00137,185.1,185.1,10.25,11.312,9.438,8.812,17.93401
369.78,13.8,0.00137,185.12,185.12,10.25,11.312,9.438,8.812,17.96124
369.92,13.81,0.00152,185.14,185.14,10.25,11.312,9.438,8.812,17.98947
370.16,13.82,0.00152,185.16,185.16,10.25,11.312,9.438,8.812,18.01874
370.02,13.81,0.00152,185.18,185.18,10.25,11.312,9.438,8.812,18.04597
369.92,13.81,0.0016,185.2,185.2,10.25,11.312,9.438,8.812,18.07538
371.42,13.86,0.00152,185.22,185.22,10.25,11.312,9.438,8.812,18.10261
371.52,13.87,0.00148,185.24,185.24,10.25,11.312,9.438,8.812,18.12984
373.4,13.94,0.00148,185.26,185.26,10.25,11.312,9.438,8.812,18.15706
371.42,13.86,0.0016,185.28,185.28,10.25,11.312,9.438,8.812,18.18429
373.91,13.96,0.00145,185.3,185.3,10.25,11.312,9.438,8.812,18.21152
373.64,13.95,0.00156,185.32,185.32,10.3125,11.25,9.438,8.875,18.23875
373.4,13.94,0.0003,185.34,185.34,10.3125,11.25,9.438,8.875,18.26598
374.39,13.97,0.00148,185.36,185.36,10.3125,11.25,9.438,8.875,18.29321
376.64,14.06,0.00156,185.38,185.38,10.3125,11.25,9.438,8.875,18.32044
375.65,14.02,-0.00114,185.4,185.4,10.3125,11.25,9.438,8.875,18.34767
376.4,14.05,0.00148,185.42,185.42,10.3125,11.25,9.438,8.875,18.3749
376.64,14.06,0.00156,185.44,185.44,10.3125,11.25,9.438,8.875,18.40239
378.03,14.11,-0.00027,185.46,185.46,10.3125,11.25,9.438,8.875,18.42962
377.39,14.09,0.00156,185.48,185.48,10.3125,11.25,9.438,8.875,18.45685
378.41,14.12,0.00099,185.5,185.5,10.3125,11.25,9.438,8.875,18.48408
379.53,14.17,0.00156,185.52,185.52,10.3125,11.25,9.438,8.875,18.5113
379.64,14.17,0.0016,185.54,185.54,10.3125,11.25,9.438,8.875,18.53853
381.14,14.23,0.00057,185.56,185.56,10.3125,10.938,9.438,8.812,18.56576
381.28,14.23,0.0016,185.58,185.58,10.3125,10.938,9.438,8.812,18.59299
381.52,14.24,0.00164,185.6,185.6,10.3125,10.938,9.438,8.812,18.62022
381.65,14.25,0.00019,185.62,185.62,10.3125,10.938,9.438,8.812,18.64745
383.9,14.33,0.00156,185.64,185.64,10.3125,10.938,9.438,8.812,18.67468
383.66,14.32,0.00167,185.66,185.66,10.3125,10.938,9.438,8.812,18.70191
384.28,14.34,0.00148,185.68,185.68,10.3125,10.938,9.438,8.812,18.72914
384.65,14.36,0.00156,185.7,185.7,10.3125,10.938,9.438,8.812,18.75637
386.63,14.43,0.0011,185.72,185.72,10.3125,10.938,9.438,8.812,18.78359
385.16,14.38,0.00156,185.74,185.74,10.3125,10.938,9.438,8.812,18.81082
386.63,14.43,0.00156,185.76,185.76,10.3125,10.938,9.438,8.812,18.83805
387.52,14.46,-0.00023,185.78,185.78,10.3125,10.938,9.438,8.812,18.86528
388.13,14.49,0.0016,185.8,185.8,10.25,11.312,9.438,8.812,18.89251
387.89,14.48,0.0016,185.82,185.82,10.25,11.312,9.438,8.812,18.91973
390.01,14.56,0.00122,185.84,185.84,10.25,11.312,9.438,8.812,18.94696
390.38,14.57,0.00156,185.86,185.86,10.25,11.312,9.438,8.812,18.97419
390.65,14.58,0.00175,185.88,185.88,10.25,11.312,9.438,8.812,19.00142
390.76,14.59,0.0016,185.9,185.9,10.25,11.312,9.438,8.812,19.02865
392.63,14.66,0.00164,185.92,185.92,10.25,11.312,9.438,8.812,19.05588
392.26,14.64,0.00156,185.94,185.94,10.25,11.312,9.438,8.812,19.08311
392.77,14.66,0.00167,185.96,185.96,10.25,11.312,9.438,8.812,19.11034
393.38,14.68,0.00164,185.98,185.98,10.25,11.312,9.438,8.812,19.13757
393.65,14.69,0.00091,186.0,186.0,10.25,11.312,9.438,8.812,19.1648
395.26,14.75,0.00164,186.02,186.02,10.25,11.312,9.438,8.812,19.19202
395.9,14.78,0.00171,186.04,186.04,10.3125,11.312,9.438,9.188,19.21925
396.28,14.79,0.0019,186.06,186.06,10.3125,10.875,9.438,9.188,19.24648
395.63,14.77,0.00167,186.08,186.08,10.3125,10.875,9.438,9.188,19.27371
397.64,14.84,0.00084,186.1,186.1,10.3125,10.875,9.438,9.188,19.30093
398.02,14.86,0.00171,186.12,186.12,10.3125,10.875,9.438,9.188,19.32816
398.39,14.87,0.00171,186.14,186.14,10.3125,10.875,9.438,9.188,19.35539
398.26,14.87,0.00072,186.16,186.16,10.3125,10.875,9.438,9.188,19.38262
399.76,14.92,0.00171,186.18,186.18,10.3125,10.875,9.438,9.188,19.40985
399.14,14.9,0.00171,186.2,186.2,10.3125,10.875,9.438,9.188,19.43708
400.27,14.94,0.00019,186.22,186.22,10.3125,10.875,9.438,9.188,19.46431
400.64,14.96,0.00171,186.24,186.24,10.3125,10.875,9.438,9.188,19.49153
402.63,15.03,0.00167,186.26,186.26,10.3125,10.875,9.438,9.188,19.51876
400.75,14.96,0.00152,186.28,186.28,10.3125,10.875,9.438,8.812,19.54599
403.38,15.06,0.00167,186.3,186.3,10.3125,11.312,9.375,8.812,19.57322
403.14,15.05,0.00125,186.32,186.32,10.3125,11.312,9.375,8.812,19.60045
403.27,15.05,0.00164,186.34,186.34,10.3125,11.312,9.375,8.812,19.62767
403.38,15.06,0.00164,186.36,186.36,10.3125,11.312,9.375,8.812,19.6549
405.76,15.15,-0.00072,186.38,186.38,10.3125,11.312,9.375,8.812,19.68213
404.77,15.11,0.00167,186.4,186.4,10.3125,11.312,9.375,8.812,19.70936
405.52,15.14,0.00167,186.42,186.42,10.3125,11.312,9.375,8.812,19.73659
405.9,15.15,-0.00011,186.44,186.44,10.3125,11.312,9.375,8.812,19.76382
407.64,15.22,0.00167,186.46,186.46,10.3125,11.312,9.375,8.812,19.79105
406.65,15.18,0.00171,186.48,186.48,10.3125,11.312,9.375,8.812,19.81828
408.76,15.26,0.00171,186.5,186.5,10.3125,11.312,9.375,8.812,19.84551
408.9,15.26,0.00171,186.52,186.52,10.25,11.312,9.375,8.812,19.87274
409.0,15.27,0.0011,186.54,186.54,10.25,10.938,9.438,8.812,19.89996
409.75,15.29,0.00171,186.56,186.56,10.25,10.938,9.438,8.812,19.92719
410.64,15.33,0.00171,186.58,186.58,10.25,10.938,9.438,8.812,19.95442
411.15,15.35,-0.00087,186.6,186.6,10.25,10.938,9.438,8.812,19.98165
411.39,15.36,0.00171,186.62,186.62,10.25,10.938,9.438,8.812,20.00887
412.24,15.39,0.00171,186.64,186.64,10.25,10.938,9.438,8.812,20.0361
415.75,15.52,0.00091,184.66,184.66,10.25,11.25,9.5,8.812,20.24893
416.0,15.53,0.00186,184.68,184.68,10.25,11.25,9.5,8.812,20.27616
416.26,15.54,0.00183,184.7,184.7,10.25,11.25,9.5,8.812,20.30339
416.37,15.54,0.00019,184.72,184.72,10.25,11.25,9.5,8.812,20.33062
418.14,15.61,0.00179,184.74,184.74,10.25,11.25,9.5,8.812,20.35785
418.0,15.6,0.00179,184.76,184.76,10.25,11.25,9.5,8.812,20.38507
420.12,15.68,0.00164,184.78,184.78,10.25,11.25,9.5,8.812,20.4123
418.0,15.6,0.00179,184.8,184.8,10.25,11.25,9.5,8.812,20.43953
419.37,15.65,0.00129,184.82,184.82,10.25,11.25,9.5,8.812,20.46676
418.0,15.6,0.00175,184.84,184.84,10.25,11.25,9.5,8.812,20.49399
419.75,15.67,0.00175,184.86,184.86,10.25,11.25,9.5,8.812,20.52122
419.88,15.67,-0.00027,184.88,184.88,10.3125,11.25,9.5,8.812,20.54845
420.01,15.68,0.00179,184.9,184.9,10.3125,11.0,9.0,8.812,20.57568
419.88,15.67,0.00183,184.92,184.92,10.3125,11.0,9.0,8.812,20.60291
421.38,15.73,0.00175,184.94,184.94,10.3125,11.0,9.0,8.812,20.63013
421.14,15.72,0.00183,184.96,184.96,10.3125,11.0,9.0,8.812,20.65736
420.87,15.71,0.00175,184.98,184.98,10.3125,11.0,9.0,8.812,20.68459
421.62,15.74,0.00179,185.0,185.0,10.3125,11.0,9.0,8.812,20.71182
423.26,15.8,0.00179,185.02,185.02,10.3125,11.0,9.0,8.812,20.73904
423.39,15.8,0.00091,185.04,185.04,10.3125,11.0,9.0,8.812,20.76627
423.76,15.82,0.00179,185.06,185.06,10.3125,11.0,9.0,8.812,20.7935
424.51,15.85,0.00179,185.08,185.08,10.3125,11.0,9.0,8.812,20.82073
424.25,15.84,0.0003,185.1,185.1,10.3125,11.0,9.0,8.812,20.84795
425.75,15.89,0.00179,185.12,185.12,10.3125,11.0,9.0,8.812,20.87518
426.36,15.91,0.00183,185.14,185.14,10.3125,10.938,9.438,8.812,20.90241
427.25,15.95,0.00164,185.16,185.16,10.3125,10.938,9.438,8.812,20.92964
425.88,15.9,0.00175,185.18,185.18,10.3125,10.938,9.438,8.812,20.95687
427.86,15.97,0.00171,185.2,185.2,10.3125,10.938,9.438,8.812,20.98409
428.24,15.98,0.00183,185.22,185.22,10.3125,10.938,9.438,8.812,21.01132
428.51,15.99,0.00183,185.24,185.24,10.3125,10.938,9.438,8.812,21.03855
428.51,15.99,0.00087,185.26,185.26,10.3125,10.938,9.438,8.812,21.06578
430.25,16.06,0.00179,185.28,185.28,10.3125,10.938,9.438,8.812,21.09301
429.12,16.02,0.00183,185.3,185.3,10.3125,10.938,9.438,8.812,21.12024
430.76,16.08,-0.00046,185.32,185.32,10.3125,10.938,9.438,8.812,21.14747
431.0,16.09,0.00183,185.34,185.34,10.3125,10.938,9.438,8.812,21.17469
433.25,16.17,0.00186,185.36,185.36,10.3125,10.938,9.438,8.875,21.20192
431.75,16.12,0.0019,185.38,185.38,10.3125,10.875,9.438,8.875,21.22915
433.76,16.19,0.00183,185.4,185.4,10.3125,10.875,9.438,8.875,21.25638
434.13,16.2,0.0016,185.42,185.42,10.3125,10.875,9.438,8.875,21.2836
434.37,16.21,0.00183,185.44,185.44,10.3125,10.875,9.438,8.875,21.31083
434.24,16.21,0.0019,185.46,185.46,10.3125,10.875,9.438,8.875,21.33806
436.25,16.28,-0.00259,185.48,185.48,10.3125,10.875,9.438,8.875,21.36529
436.49,16.29,0.00194,185.5,185.5,10.3125,10.875,9.438,8.875,21.39252
436.76,16.3,0.00186,185.52,185.52,10.3125,10.875,9.438,8.875,21.41974
437.51,16.33,0.00152,185.54,185.54,10.3125,10.875,9.438,8.875,21.44697
439.11,16.39,0.00183,185.56,185.56,10.3125,10.875,9.438,8.875,21.4742
439.11,16.39,0.00198,185.58,185.58,10.3125,10.875,9.438,8.875,21.50143
440.0,16.42,0.00194,185.6,185.6,10.25,10.875,9.438,8.875,21.52865
440.86,16.46,0.00186,185.62,185.62,10.25,10.938,9.438,8.875,21.55588
440.37,16.44,0.00053,185.64,185.64,10.25,10.938,9.438,8.875,21.58311
441.87,16.49,0.00186,185.66,185.66,10.25,10.938,9.438,8.875,21.61034
442.36,16.51,0.0019,185.68,185.68,10.25,10.938,9.438,8.875,21.63757
443.0,16.54,-0.00323,185.7,185.7,10.25,10.938,9.438,8.875,21.6648
442.62,16.52,0.00183,185.72,185.72,10.25,10.938,9.438,8.875,21.69203
444.5,16.59,0.00183,185.74,185.74,10.25,10.938,9.438,8.875,21.71925
445.49,16.63,0.00152,185.76,185.76,10.25,10.938,9.438,8.875,21.74648
444.87,16.61,0.00186,185.78,185.78,10.25,10.938,9.438,8.875,21.77371
445.25,16.62,0.00068,185.8,185.8,10.25,10.938,9.438,8.875,21.80094
447.61,16.71,0.0019,185.82,185.82,10.25,10.938,9.438,8.875,21.82817
446.11,16.65,0.0019,185.84,185.84,10.3125,10.938,9.438,8.812,21.85539
447.98,16.72,0.00164,185.86,185.86,10.3125,11.25,9.438,8.812,21.88262
447.88,16.72,0.0019,185.88,185.88,10.3125,11.25,9.438,8.812,21.90985
448.25,16.73,0.00186,185.9,185.9,10.3125,11.25,9.438,8.812,21.93708
447.98,16.72,0.00106,185.92,185.92,10.3125,11.25,9.438,8.812,21.9643
449.86,16.79,0.0019,185.94,185.94,10.3125,11.25,9.438,8.812,21.99153
448.87,16.75,0.0019,185.96,185.96,10.3125,11.25,9.438,8.812,22.01876
449.99,16.8,0.00171,185.98,185.98,10.3125,11.25,9.438,8.812,22.04599
450.37,16.81,0.0019,186.0,186.0,10.3125,11.25,9.438,8.812,22.07322
452.11,16.88,0.00164,186.02,186.02,10.3125,11.25,9.438,8.812,22.10044
451.6,16.86,0.0019,186.04,186.04,10.3125,11.25,9.438,8.812,22.12767
452.86,16.9,0.0019,186.06,186.06,10.3125,11.25,9.438,8.812,22.1549
452.99,16.91,-0.00038,186.08,186.08,10.3125,11.25,9.438,9.188,22.18213
453.23,16.92,0.0019,186.1,186.1,10.25,10.875,9.438,9.188,22.20935
453.74,16.94,0.0019,186.12,186.12,10.25,10.875,9.438,9.188,22.23658
455.24,16.99,0.00156,186.14,186.14,10.25,10.875,9.438,9.188,22.26381
455.11,16.99,0.0019,186.16,186.16,10.25,10.875,9.438,9.188,22.29104
454.87,16.98,0.00186,186.18,186.18,10.25,10.875,9.438,9.188,22.31827
456.47,17.04,0.00194,186.2,186.2,10.25,10.875,9.438,9.188,22.34549
456.85,17.05,0.0019,186.22,186.22,10.25,10.875,9.438,9.188,22.37272
457.6,17.08,0.00171,186.24,186.24,10.25,10.875,9.438,9.188,22.39995
457.6,17.08,0.00198,186.26,186.26,10.25,10.875,9.438,9.188,22.42718
459.23,17.14,0.0019,186.28,186.28,10.25,10.875,9.438,9.188,22.4544
458.11,17.1,0.00049,186.3,186.3,10.25,10.875,9.438,9.188,22.48163
460.23,17.18,0.00186,186.32,186.32,10.25,10.875,9.438,8.875,22.50886
460.23,17.18,0.00194,186.34,186.34,10.3125,10.938,9.438,8.875,22.53609
460.36,17.18,0.00167,186.36,186.36,10.3125,10.938,9.438,8.875,22.56332
460.49,17.19,0.0019,186.38,186.38,10.3125,10.938,9.438,8.875,22.59054
462.23,17.25,0.00194,186.4,186.4,10.3125,10.938,9.438,8.875,22.61777
462.74,17.27,0.00194,186.42,186.42,10.3125,10.938,9.438,8.875,22.645
462.98,17.28,0.00198,186.44,186.44,10.3125,10.938,9.438,8.875,22.67223
462.98,17.28,0.00049,186.46,186.46,10.3125,10.938,9.438,8.875,22.69945
464.73,17.35,0.00198,186.48,186.48,10.3125,10.938,9.438,8.875,22.72668
463.98,17.32,0.00198,186.5,186.5,10.3125,10.938,9.438,8.875,22.75391
465.24,17.37,0.00019,186.52,186.52,10.3125,10.938,9.438,8.875,22.78114
465.72,17.38,0.00194,186.54,186.54,10.3125,10.938,9.438,8.875,22.80837
465.99,17.39,0.00194,186.56,186.56,10.3125,10.938,9.438,8.812,22.83559
466.47,17.41,0.00183,186.58,186.58,10.25,10.938,9.438,8.812,22.86282
467.73,17.46,0.00198,186.6,186.6,10.25,11.312,9.438,8.812,22.89005
467.73,17.46,0.00183,186.62,186.62,10.25,11.312,9.438,8.812,22.91728
468.24,17.48,0.00198,186.64,186.64,10.25,11.312,9.438,8.812,22.94451
472.36,17.63,0.0019,184.66,184.66,10.25,11.312,9.438,8.812,23.12951
472.36,17.63,0.00205,184.68,184.68,10.25,11.312,9.438,8.812,23.15674
473.97,17.69,0.0019,184.7,184.7,10.25,11.312,9.438,9.25,23.18397
472.36,17.63,0.00205,184.72,184.72,10.25,11.312,9.438,9.25,23.21119
473.86,17.69,0.00205,184.74,184.74,10.25,11.312,9.438,9.25,23.23842
473.86,17.69,0.00061,184.76,184.76,10.25,11.312,9.438,9.25,23.26565
475.47,17.75,0.00205,184.78,184.78,10.25,11.312,9.438,9.25,23.29288
473.86,17.69,0.00205,184.8,184.8,10.25,11.312,9.438,9.25,23.32011
476.59,17.79,0.00023,184.82,184.82,10.25,11.312,9.438,9.25,23.34734
475.36,17.74,0.00202,184.84,184.84,10.25,11.312,9.438,9.25,23.37457
476.35,17.78,0.00205,184.86,184.86,10.25,11.312,9.438,9.25,23.4018
475.36,17.74,0.00202,184.88,184.88,10.25,11.312,9.438,9.25,23.42903
476.97,17.8,0.00205,184.9,184.9,10.25,11.312,9.438,9.25,23.45626
476.11,17.77,0.00167,184.92,184.92,10.25,11.312,9.438,9.25,23.48349
476.97,17.8,0.00205,184.94,184.94,10.25,11.312,9.438,9.188,23.51071
478.09,17.85,0.00209,184.96,184.96,10.25,11.312,9.438,9.188,23.53794
478.09,17.85,0.00087,184.98,184.98,10.25,11.312,9.375,9.188,23.56517
477.48,17.82,0.00209,185.0,185.0,10.25,11.312,9.375,9.188,23.5924
478.09,17.85,0.00213,185.02,185.02,10.25,11.312,9.375,9.188,23.61963
478.98,17.88,0.00152,185.04,185.04,10.25,11.312,9.375,9.188,23.64686
478.47,17.86,0.00209,185.06,185.06,10.25,11.312,9.375,9.188,23.67408
479.73,17.91,0.00202,185.08,185.08,10.25,11.312,9.375,9.188,23.70131
480.72,17.94,0.00209,185.1,185.1,10.25,11.312,9.375,9.188,23.72854
480.96,17.95,0.00209,185.12,185.12,10.25,11.312,9.375,9.188,23.75577
480.72,17.94,0.00171,185.14,185.14,10.25,11.312,9.375,9.188,23.783
482.97,18.03,0.00209,185.16,185.16,10.25,11.312,9.375,9.188,23.81023
482.09,18.0,0.00209,185.18,185.18,10.25,11.312,9.375,8.812,23.83746
483.72,18.06,-0.00076,185.2,185.2,10.25,11.312,9.375,8.812,23.86469
483.59,18.05,0.00205,185.22,185.22,10.25,11.312,9.438,8.812,23.89191
485.22,18.11,0.00209,185.24,185.24,10.25,11.312,9.438,8.812,23.91914
483.59,18.05,0.00167,185.26,185.26,10.25,11.312,9.438,8.812,23.94637
486.1,18.14,0.00202,185.28,185.28,10.25,11.312,9.438,8.812,23.9736
486.72,18.17,0.00194,185.3,185.3,10.25,11.312,9.438,8.812,24.00083
486.59,18.16,0.00209,185.32,185.32,10.25,11.312,9.438,8.812,24.02806
487.47,18.2,0.00205,185.34,185.34,10.25,11.312,9.438,8.812,24.05529
489.35,18.27,-0.00061,185.36,185.36,10.25,11.312,9.438,8.812,24.08252
487.71,18.2,0.00209,185.38,185.38,10.25,11.312,9.438,8.812,24.10974
489.48,18.27,0.00213,185.4,185.4,10.25,11.312,9.438,8.812,24.13697
489.96,18.29,-4e-05,185.42,185.42,10.25,11.312,9.438,8.875,24.1642
492.21,18.37,0.00213,185.44,185.44,10.25,10.875,9.438,8.875,24.19143
490.2,18.3,0.00205,185.46,185.46,10.25,10.875,9.438,8.875,24.21866
492.08,18.37,0.0019,185.48,185.48,10.25,10.875,9.438,8.875,24.24589
492.21,18.37,0.00209,185.5,185.5,10.25,10.875,9.438,8.875,24.27312
492.35,18.38,0.00171,185.52,185.52,10.25,10.875,9.438,8.875,24.30035
492.96,18.4,0.00205,185.54,185.54,10.25,10.875,9.438,8.875,24.32757
494.6,18.46,0.00202,185.56,185.56,10.25,10.875,9.438,8.875,24.3548
494.6,18.46,0.00217,185.58,185.58,10.25,10.875,9.438,8.875,24.38203
494.84,18.47,0.00209,185.6,185.6,10.25,10.875,9.438,8.875,24.40926
495.72,18.5,0.00209,185.62,185.62,10.25,10.875,9.438,8.875,24.43649
497.6,18.57,0.00217,185.64,185.64,10.25,10.875,9.438,8.875,24.46371
497.46,18.57,0.00209,185.66,185.66,10.25,10.875,9.438,9.188,24.49094
497.84,18.58,0.00217,185.68,185.68,10.25,10.875,9.438,9.188,24.51817
498.59,18.61,0.00217,185.7,185.7,10.25,10.875,9.438,9.188,24.5454
499.95,18.66,0.00217,185.72,185.72,10.25,10.875,9.438,9.188,24.57263
499.58,18.65,0.00198,185.74,185.74,10.25,10.875,9.438,9.188,24.59986
500.46,18.68,0.00217,185.76,185.76,10.25,10.875,9.438,9.188,24.62709
501.46,18.72,0.00221,185.78,185.78,10.25,10.875,9.438,9.188,24.65432
500.22,18.67,0.00019,185.8,185.8,10.25,10.875,9.438,9.188,24.68155
502.34,18.75,0.00221,185.82,185.82,10.25,10.875,9.438,9.188,24.70877
502.71,18.77,0.00221,185.84,185.84,10.25,10.875,9.438,9.188,24.736
502.71,18.77,0.00114,185.86,185.86,10.25,10.875,9.438,9.188,24.76323
503.09,18.78,0.00221,185.88,185.88,10.25,10.875,9.438,9.188,24.79046
505.07,18.85,0.00202,185.9,185.9,10.25,10.875,9.438,9.25,24.81768
503.71,18.8,0.00213,185.92,185.92,10.3125,10.875,9.438,9.25,24.84491
505.34,18.86,0.00221,185.94,185.94,10.3125,11.312,9.5,9.25,24.87214
505.34,18.86,0.00164,185.96,185.96,10.3125,11.312,9.5,9.25,24.89937
507.59,18.95,0.00224,185.98,185.98,10.3125,11.312,9.5,9.25,24.9266
506.09,18.89,0.00221,186.0,186.0,10.3125,11.312,9.5,9.25,24.95383
507.97,18.96,0.00065,186.02,186.02,10.3125,11.312,9.5,9.25,24.98106
507.97,18.96,0.00224,186.04,186.04,10.3125,11.312,9.5,9.25,25.00829
507.7,18.95,0.00221,186.06,186.06,10.3125,11.312,9.5,9.25,25.03552
508.45,18.98,0.00209,186.08,186.08,10.3125,11.312,9.5,9.25,25.06274
510.22,19.05,0.00221,186.1,186.1,10.3125,11.312,9.5,9.25,25.08997
509.71,19.03,0.00224,186.12,186.12,10.3125,11.312,9.5,9.25,25.1172
510.83,19.07,0.00224,186.14,186.14,10.3125,11.312,9.5,8.875,25.14443
511.58,19.1,0.00224,186.16,186.16,10.25,11.312,9.5,8.875,25.17166
511.07,19.08,-0.00015,186.18,186.18,10.25,11.312,9.438,8.875,25.19888
512.33,19.12,0.00221,186.2,186.2,10.25,11.312,9.438,8.875,25.22611
513.59,19.17,0.00224,186.22,186.22,10.25,11.312,9.438,8.875,25.25334
513.97,19.18,0.00129,186.24,186.24,10.25,11.312,9.438,8.875,25.28057
513.7,19.18,0.00224,186.26,186.26,10.25,11.312,9.438,8.875,25.30779
515.33,19.24,0.00221,186.28,186.28,10.25,11.312,9.438,8.875,25.33502
516.08,19.26,0.00221,186.3,186.3,10.25,11.312,9.438,8.875,25.36225
515.95,19.26,0.00221,186.32,186.32,10.25,11.312,9.438,8.875,25.38948
516.32,19.27,0.00221,186.34,186.34,10.25,11.312,9.438,8.875,25.4167
518.07,19.34,0.00232,186.36,186.36,10.25,11.312,9.438,8.875,25.44393
516.94,19.3,0.00228,186.38,186.38,10.25,11.312,9.438,8.875,25.47116
519.46,19.39,0.00095,186.4,186.4,10.25,11.312,9.438,8.875,25.49839
518.95,19.37,0.00228,186.42,186.42,10.25,11.312,9.438,8.875,25.52561
521.2,19.45,0.00232,186.44,186.44,10.25,11.312,9.438,8.875,25.55284
519.19,19.38,0.00183,186.46,186.46,10.25,11.312,9.438,8.875,25.58007
521.71,19.47,0.00228,186.48,186.48,10.25,11.312,9.438,8.875,25.6073
521.57,19.47,0.00213,186.5,186.5,10.25,11.312,9.438,8.875,25.63453
521.95,19.48,0.00236,186.52,186.52,10.25,11.312,9.438,8.875,25.66175
522.32,19.5,0.00228,186.54,186.54,10.25,11.312,9.438,8.875,25.68898
524.33,19.57,0.00095,186.56,186.56,10.25,11.312,9.438,8.875,25.71621
524.57,19.58,0.00236,186.58,186.58,10.25,11.312,9.438,8.875,25.74344
524.82,19.59,0.00236,186.6,186.6,10.25,11.312,9.438,8.875,25.77067
524.57,19.58,0.00129,186.62,186.62,10.25,11.312,9.438,8.812,25.7979
526.08,19.64,0.00232,186.64,186.64,10.25,11.312,9.438,8.812,25.82513
528.33,19.72,0.00236,184.66,184.66,10.3125,10.938,9.438,8.812,26.01029
527.44,19.69,0.00232,184.68,184.68,10.3125,10.938,9.438,8.812,26.03752
528.94,19.74,0.00145,184.7,184.7,10.3125,10.938,9.438,8.812,26.06475
529.32,19.76,0.00236,184.72,184.72,10.3125,10.938,9.438,8.812,26.09198
528.94,19.74,0.0024,184.74,184.74,10.3125,10.938,9.438,8.812,26.11921
528.81,19.74,0.00198,184.76,184.76,10.3125,10.938,9.438,8.812,26.14643
531.19,19.83,0.00236,184.78,184.78,10.25,10.938,9.438,8.812,26.17366
530.82,19.81,0.00232,184.8,184.8,10.25,11.312,9.438,8.812,26.20089
530.31,19.8,0.00236,184.82,184.82,10.25,11.312,9.438,8.812,26.22812
530.44,19.8,0.00236,184.84,184.84,10.25,11.312,9.438,8.812,26.25535
532.56,19.88,0.00148,184.86,184.86,10.25,11.312,9.438,8.812,26.28258
532.18,19.86,0.00236,184.88,184.88,10.25,11.312,9.438,8.812,26.30981
532.08,19.86,0.00232,184.9,184.9,10.25,11.312,9.438,8.812,26.33704
532.32,19.87,0.00057,184.92,184.92,10.25,11.312,9.438,8.812,26.36427
533.95,19.93,0.00236,184.94,184.94,10.25,11.312,9.438,8.812,26.3915
532.32,19.87,0.00236,184.96,184.96,10.25,11.312,9.438,8.812,26.41873
534.57,19.95,0.00228,184.98,184.98,10.25,11.312,9.438,8.812,26.44595
533.68,19.92,0.00236,185.0,185.0,10.25,11.312,9.438,8.812,26.47318
534.33,19.95,0.00224,185.02,185.02,10.25,11.312,9.438,8.812,26.50041
534.57,19.95,0.0024,185.04,185.04,10.25,11.25,9.438,8.812,26.52764
536.44,20.02,0.00236,185.06,185.06,10.25,11.25,9.438,8.812,26.55486
536.2,20.02,0.00061,185.08,185.08,10.25,11.25,9.438,8.812,26.58209
538.45,20.1,0.00243,185.1,185.1,10.25,11.25,9.438,8.812,26.60932
538.45,20.1,0.00247,185.12,185.12,10.25,11.25,9.438,8.812,26.63655
538.32,20.09,0.00198,185.14,185.14,10.25,11.25,9.438,8.812,26.66378
538.08,20.09,0.00243,185.16,185.16,10.25,11.25,9.438,8.812,26.69101
538.56,20.1,0.00243,185.18,185.18,10.25,11.25,9.438,8.812,26.71827
539.58,20.14,0.00243,185.2,185.2,10.25,11.25,9.438,8.812,26.7455
540.7,20.18,0.00209,185.22,185.22,10.25,11.25,9.438,8.812,26.77904
540.57,20.18,0.00243,185.24,185.24,10.25,11.25,9.438,8.812,26.80744
540.43,20.17,0.00243,185.26,185.26,10.25,11.25,9.438,8.812,26.83662
541.8,20.22,0.00049,185.28,185.28,10.25,10.938,9.438,8.812,26.86414
542.18,20.24,0.00221,185.3,185.3,10.25,10.938,9.438,8.812,26.89137
542.07,20.23,0.00232,185.32,185.32,10.25,10.938,9.438,8.812,26.9186
543.06,20.27,0.00205,185.34,185.34,10.25,10.938,9.438,8.812,26.94596
542.82,20.26,0.00236,185.36,185.36,10.25,10.938,9.438,8.812,26.97529
543.57,20.29,0.0024,185.38,185.38,10.25,10.938,9.438,8.812,27.00252
543.81,20.3,0.0011,185.4,185.4,10.25,10.938,9.438,8.812,27.03192
545.18,20.35,0.0024,185.42,185.42,10.25,10.938,9.438,8.812,27.0613
545.82,20.37,0.0024,185.44,185.44,10.25,10.938,9.438,8.812,27.08853
546.06,20.38,0.0019,185.46,185.46,10.25,10.938,9.438,9.188,27.11576
546.44,20.4,0.00224,185.48,185.48,10.25,10.938,9.438,9.188,27.14593
546.06,20.38,0.00243,185.5,185.5,10.25,11.312,9.438,9.188,27.17316
546.81,20.41,0.00243,185.52,185.52,10.25,11.312,9.438,9.188,27.20758
548.31,20.47,0.00232,185.54,185.54,10.25,11.312,9.438,9.188,27.23481
547.43,20.43,0.0024,185.56,185.56,10.25,11.312,9.438,9.188,27.26204
549.57,20.51,0.00243,185.58,185.58,10.25,11.312,9.438,9.188,27.28993
549.06,20.5,0.00247,185.6,185.6,10.25,11.312,9.438,9.188,27.31717
550.43,20.55,0.00205,185.62,185.62,10.25,11.312,9.438,9.188,27.3444
549.81,20.52,0.00243,185.64,185.64,10.25,11.312,9.438,9.188,27.37163
551.31,20.58,0.00228,185.66,185.66,10.25,11.312,9.438,9.188,27.39886
550.7,20.56,0.00247,185.68,185.68,10.25,11.312,9.438,9.188,27.42609
551.18,20.57,0.00251,185.7,185.7,10.25,11.312,9.438,8.812,27.45583
552.68,20.63,0.00274,185.72,185.72,10.25,11.312,9.438,8.812,27.4833
552.2,20.61,0.00247,185.74,185.74,10.25,10.938,9.375,8.812,27.51053
552.81,20.64,0.00243,185.76,185.76,10.25,10.938,9.375,8.812,27.53776
554.42,20.7,-0.00011,185.78,185.78,10.25,10.938,9.375,8.812,27.56499
555.54,20.74,0.00247,185.8,185.8,10.25,10.938,9.375,8.812,27.59222
555.3,20.73,0.00243,185.82,185.82,10.25,10.938,9.375,8.812,27.61945
555.81,20.75,0.00023,185.84,185.84,10.25,10.938,9.375,8.812,27.64667
557.42,20.81,0.00247,185.86,185.86,10.25,10.938,9.375,8.812,27.6739
558.68,20.85,0.00228,185.88,185.88,10.25,10.938,9.375,8.812,27.70113
558.68,20.85,0.00224,185.9,185.9,10.25,10.938,9.375,8.812,27.72836
559.8,20.9,0.00247,185.92,185.92,10.25,10.938,9.375,8.812,27.75559
561.06,20.94,0.00179,185.94,185.94,10.25,10.938,9.375,9.188,27.78282
561.17,20.95,0.00243,185.96,185.96,10.25,10.938,9.375,9.188,27.81005
562.8,21.01,0.00243,185.98,185.98,10.25,11.312,9.438,9.188,27.83728
562.56,21.0,0.00357,186.0,186.0,10.25,11.312,9.438,9.188,27.8645
562.67,21.0,0.00251,186.02,186.02,10.25,11.312,9.438,9.188,27.89173
563.31,21.03,0.00247,186.04,186.04,10.25,11.312,9.438,9.188,27.91896
565.94,21.12,0.00228,186.06,186.06,10.25,11.312,9.438,9.188,27.94619
563.93,21.05,0.00255,186.08,186.08,10.25,11.312,9.438,9.188,27.97341
566.55,21.15,0.0024,186.1,186.1,10.25,11.312,9.438,9.188,28.00064
566.55,21.15,0.00251,186.12,186.12,10.25,11.312,9.438,9.188,28.02787
567.55,21.18,0.00255,186.14,186.14,10.25,11.312,9.438,9.188,28.0551
567.41,21.18,0.00179,186.16,186.16,10.25,11.312,9.438,9.188,28.08233
569.66,21.26,0.00255,186.18,186.18,10.25,11.312,9.438,8.875,28.10955
569.8,21.27,0.00255,186.2,186.2,10.25,11.312,9.438,8.875,28.13678
570.68,21.3,0.00137,186.22,186.22,10.25,10.938,9.438,8.875,28.16401
569.8,21.27,0.00251,186.24,186.24,10.3125,10.938,9.438,8.875,28.19124
572.05,21.35,0.00255,186.26,186.26,10.3125,10.938,9.438,8.875,28.21866
571.91,21.35,0.00156,186.28,186.28,10.3125,10.938,9.438,8.875,28.24589
572.05,21.35,0.00255,186.3,186.3,10.3125,10.938,9.438,8.875,28.27312
572.56,21.37,0.00247,186.32,186.32,10.3125,10.938,9.438,8.875,28.30035
573.04,21.39,-0.00087,186.34,186.34,10.3125,10.938,9.438,8.875,28.3313
575.05,21.46,0.00251,186.36,186.36,10.3125,10.938,9.438,8.875,28.35853
573.68,21.41,0.00247,186.38,186.38,10.3125,10.938,9.438,8.875,28.38576
573.92,21.42,0.00106,186.4,186.4,10.3125,10.938,9.438,8.875,28.41532
575.18,21.47,0.00251,186.42,186.42,10.3125,10.938,9.438,8.875,28.44255
575.93,21.5,0.00251,186.44,186.44,10.3125,10.938,9.438,8.875,28.46978
575.18,21.47,0.00103,186.46,186.46,10.3125,10.938,9.438,8.875,28.497
575.66,21.49,0.00255,186.48,186.48,10.25,10.938,9.438,8.875,28.52423
575.8,21.49,0.00243,186.5,186.5,10.25,10.938,9.438,8.875,28.55146
576.31,21.51,0.00251,186.52,186.52,10.25,10.938,9.438,8.875,28.57869
578.05,21.58,0.00255,186.54,186.54,10.25,10.938,9.438,8.875,28.60591
578.18,21.58,0.0019,186.56,186.56,10.25,10.938,9.438,8.875,28.63314
578.29,21.59,0.00255,186.58,186.58,10.25,10.938,9.438,8.875,28.66037
579.55,21.63,0.00259,186.6,186.6,10.25,10.938,9.438,8.875,28.6876
580.54,21.67,0.00145,186.62,186.62,10.25,10.938,9.438,8.875,28.71483
580.91,21.68,0.00259,186.64,186.64,10.25,10.938,9.438,8.875,28.74206
585.42,21.85,0.00236,184.66,184.66,10.25,11.312,9.438,9.188,28.99994
586.03,21.88,0.00262,184.68,184.68,10.25,11.312,9.438,9.188,29.02717
586.3,21.89,0.00259,184.7,184.7,10.25,11.312,9.438,9.188,29.05439
586.3,21.89,-4e-05,184.72,184.72,10.25,11.312,9.438,9.188,29.08162
587.05,21.91,0.00266,184.74,184.74,10.25,11.312,9.438,8.875,29.10885
586.41,21.89,0.00266,184.76,184.76,10.25,11.312,9.438,8.875,29.13608
588.28,21.96,0.0016,184.78,184.78,10.25,11.312,9.438,8.875,29.16331
587.91,21.95,0.00266,184.8,184.8,10.3125,11.312,9.438,8.875,29.19054
588.92,21.98,0.00266,184.82,184.82,10.3125,11.312,9.438,8.875,29.21776
586.78,21.9,0.00266,184.84,184.84,10.3125,11.312,9.438,8.875,29.24499
588.42,21.96,0.00262,184.86,184.86,10.3125,11.312,9.438,8.875,29.27222
588.42,21.96,0.00148,184.88,184.88,10.3125,11.312,9.438,8.875,29.29945
588.92,21.98,0.00266,184.9,184.9,10.3125,11.312,9.438,8.875,29.32668
588.04,21.95,0.00259,184.92,184.92,10.3125,11.312,9.438,8.875,29.35391
590.42,22.04,0.00084,184.94,184.94,10.3125,11.312,9.438,8.875,29.38114
589.17,21.99,0.00266,184.96,184.96,10.3125,11.312,9.438,8.875,29.40837
589.92,22.02,0.00262,184.98,184.98,10.3125,11.312,9.438,8.812,29.4356
590.91,22.06,0.00251,185.0,185.0,10.3125,11.312,9.438,8.812,29.46282
591.42,22.08,0.00266,185.02,185.02,10.3125,11.312,9.438,8.812,29.49005
591.42,22.08,0.00262,185.04,185.04,10.25,11.25,9.438,8.812,29.51728
593.05,22.14,0.0027,185.06,185.06,10.25,11.25,9.438,8.812,29.54451
593.4,22.15,0.00274,185.08,185.08,10.25,11.25,9.438,8.812,29.57174
592.78,22.13,0.0016,185.1,185.1,10.25,11.25,9.438,8.812,29.59896
593.67,22.16,0.00274,185.12,185.12,10.25,11.25,9.438,8.812,29.62619
594.42,22.19,0.00274,185.14,185.14,10.25,11.25,9.438,8.812,29.65358
595.03,22.21,0.00179,185.16,185.16,10.25,11.25,9.438,8.812,29.68081
594.9,22.21,0.00274,185.18,185.18,10.25,11.25,9.438,8.812,29.70804
596.29,22.26,0.00259,185.2,185.2,10.25,11.25,9.438,8.812,29.73527
597.52,22.3,0.0027,185.22,185.22,10.25,11.25,9.438,9.188,29.7625
596.77,22.28,0.00266,185.24,185.24,10.25,11.25,9.438,9.188,29.78973
597.9,22.32,0.00251,185.26,185.26,10.25,11.25,9.438,9.188,29.81695
598.41,22.34,0.0027,185.28,185.28,10.25,11.312,9.438,9.188,29.84418
597.66,22.31,0.0027,185.3,185.3,10.25,11.312,9.438,9.188,29.87141
599.77,22.39,0.00068,185.32,185.32,10.25,11.312,9.438,9.188,29.89864
600.42,22.41,0.00266,185.34,185.34,10.25,11.312,9.438,9.188,29.92586
600.28,22.41,0.00274,185.36,185.36,10.25,11.312,9.438,9.188,29.95309
600.15,22.4,0.00171,185.38,185.38,10.25,11.312,9.438,9.188,29.98032
601.78,22.46,0.0027,185.4,185.4,10.25,11.312,9.438,9.188,30.00755
602.16,22.48,0.0027,185.42,185.42,10.25,11.312,9.438,9.188,30.03478
602.77,22.5,0.0027,185.44,185.44,10.25,11.312,9.438,9.188,30.06201
602.29,22.48,0.0027,185.46,185.46,10.25,11.312,9.438,8.812,30.08924
604.54,22.57,0.00209,185.48,185.48,10.25,11.312,9.438,8.812,30.11647
603.15,22.51,0.00274,185.5,185.5,10.25,11.312,9.5,8.812,30.1437
605.03,22.58,0.0027,185.52,185.52,10.25,11.312,9.5,8.812,30.17092
604.41,22.56,0.00122,185.54,185.54,10.25,11.312,9.5,8.812,30.19815
604.65,22.57,0.0027,185.56,185.56,10.25,11.312,9.5,8.812,30.22538
605.03,22.58,0.00266,185.58,185.58,10.25,11.312,9.5,8.812,30.25261
606.9,22.65,0.00262,185.6,185.6,10.25,11.312,9.5,8.812,30.27983
607.52,22.68,0.0027,185.62,185.62,10.25,11.312,9.5,8.812,30.30706
607.78,22.69,0.00274,185.64,185.64,10.25,11.312,9.5,8.812,30.33429
607.41,22.67,0.0027,185.66,185.66,10.25,11.312,9.5,8.812,30.36152
609.66,22.76,0.0027,185.68,185.68,10.25,11.312,9.5,8.812,30.38875
609.15,22.74,0.00224,185.7,185.7,10.25,11.312,9.5,8.812,30.41598
609.77,22.76,0.00274,185.72,185.72,10.25,11.312,9.5,8.812,30.4432
610.28,22.78,0.00274,185.74,185.74,10.25,11.312,9.375,8.812,30.47043
610.65,22.79,0.00164,185.76,185.76,10.25,11.312,9.375,8.812,30.49766
611.27,22.82,0.00274,185.78,185.78,10.25,11.312,9.375,8.812,30.52489
612.15,22.85,0.00266,185.8,185.8,10.25,11.312,9.375,8.812,30.55212
612.9,22.88,0.00266,185.82,185.82,10.25,11.312,9.375,8.812,30.57935
612.39,22.86,0.00281,185.84,185.84,10.25,11.312,9.375,8.812,30.60658
613.41,22.9,0.00224,185.86,185.86,10.25,11.312,9.375,8.812,30.6338
614.64,22.94,0.00278,185.88,185.88,10.25,11.312,9.375,8.812,30.66103
614.78,22.95,0.00278,185.9,185.9,10.25,11.312,9.375,8.812,30.68826
614.91,22.95,0.0011,185.92,185.92,10.25,11.312,9.375,8.812,30.71549
616.65,23.02,0.00274,185.94,185.94,10.25,11.312,9.375,8.812,30.74272
615.15,22.96,0.00278,185.96,185.96,10.25,11.312,9.375,8.812,30.76995
617.4,23.05,0.00137,185.98,185.98,10.25,11.312,9.375,8.812,30.79717
617.78,23.06,0.00278,186.0,186.0,10.25,10.875,9.438,8.812,30.8244
619.01,23.11,0.00278,186.02,186.02,10.3125,10.875,9.438,8.812,30.85163
619.38,23.12,0.00198,186.04,186.04,10.3125,10.875,9.438,8.812,30.87886
619.14,23.11,0.00278,186.06,186.06,10.3125,10.875,9.438,8.812,30.90609
619.28,23.12,0.00202,186.08,186.08,10.3125,10.875,9.438,8.812,30.93332
619.14,23.11,0.00281,186.1,186.1,10.3125,10.875,9.438,8.812,30.96055
618.77,23.1,0.00281,186.12,186.12,10.3125,10.875,9.438,8.812,30.98778
620.4,23.16,0.00065,186.14,186.14,10.3125,10.875,9.438,8.812,31.01501
621.15,23.19,0.00281,186.16,186.16,10.3125,10.875,9.438,8.812,31.04224
621.02,23.18,0.00281,186.18,186.18,10.3125,10.875,9.438,8.812,31.06947
620.64,23.17,0.00243,186.2,186.2,10.3125,10.875,9.438,8.812,31.0967
622.76,23.25,0.00281,186.22,186.22,10.3125,10.875,9.438,8.812,31.12393
621.02,23.18,0.00274,186.24,186.24,10.3125,11.312,9.438,8.812,31.15116
622.65,23.24,0.00274,186.26,186.26,10.25,11.312,9.438,8.812,31.17839
622.89,23.25,0.00281,186.28,186.28,10.25,11.312,9.438,8.812,31.20561
623.14,23.26,0.00137,186.3,186.3,10.25,11.312,9.438,8.812,31.23284
623.78,23.28,0.00285,186.32,186.32,10.25,11.312,9.438,8.812,31.26007
625.01,23.33,0.00281,186.34,186.34,10.25,11.312,9.438,8.812,31.2873
625.65,23.35,0.0,186.36,186.36,10.25,11.312,9.438,8.812,31.31453
625.39,23.34,0.00289,186.38,186.38,10.25,11.312,9.438,8.812,31.34176
626.4,23.38,0.00278,186.4,186.4,10.25,11.312,9.438,8.812,31.36899
627.15,23.41,0.00266,186.42,186.42,10.25,11.312,9.438,8.812,31.39622
627.77,23.43,0.00281,186.44,186.44,10.25,11.312,9.438,8.812,31.42345
627.77,23.43,0.00278,186.46,186.46,10.25,11.312,9.438,8.812,31.45068
628.15,23.45,0.00289,186.48,186.48,10.25,11.312,9.438,8.812,31.4779
628.52,23.46,0.00281,186.5,186.5,10.25,11.312,9.438,8.812,31.50513
629.65,23.5,0.00179,186.52,186.52,10.25,11.312,9.438,8.812,31.53236
630.02,23.52,0.00289,186.54,186.54,10.25,11.312,9.438,8.812,31.55959
631.28,23.56,0.00285,186.56,186.56,10.25,11.312,9.438,8.812,31.58682
630.26,23.53,0.00145,186.58,186.58,10.25,11.312,9.438,8.812,31.61405
632.51,23.61,0.00281,186.6,186.6,10.25,11.312,9.438,8.812,31.64128
632.89,23.62,0.00304,186.62,186.62,10.25,11.312,9.438,8.812,31.66851
634.15,23.67,0.00152,186.64,186.64,10.25,11.312,9.438,8.812,31.69574
637.63,23.8,0.00285,184.66,184.66,10.3125,10.938,9.438,8.812,32.05277
637.52,23.8,0.00266,184.68,184.68,10.3125,10.938,9.438,8.812,32.08035
638.51,23.83,0.00274,184.7,184.7,10.3125,10.938,9.438,8.812,32.10941
637.52,23.8,0.00289,184.72,184.72,10.3125,10.938,9.438,8.812,32.13664
637.52,23.8,0.00038,184.74,184.74,10.3125,10.938,9.375,8.812,32.16387
639.26,23.86,0.00278,184.76,184.76,10.3125,10.938,9.375,8.812,32.19522
638.27,23.82,0.00289,184.78,184.78,10.3125,10.938,9.375,8.812,32.22245
637.76,23.81,0.00285,184.8,184.8,10.3125,10.938,9.375,8.812,32.24968
639.02,23.85,0.00289,184.82,184.82,10.3125,10.938,9.375,8.812,32.27744
637.9,23.81,0.003,184.84,184.84,10.3125,10.938,9.375,8.812,32.30514
638.27,23.82,-0.00087,184.86,184.86,10.3125,10.938,9.375,8.812,32.33237
637.15,23.78,0.00224,184.88,184.88,10.3125,10.938,9.375,8.812,32.36331
639.64,23.88,0.00289,184.9,184.9,10.3125,10.938,9.375,8.812,32.39132
639.5,23.87,0.00293,184.92,184.92,10.3125,10.938,9.375,8.812,32.41855
640.01,23.89,0.00251,184.94,184.94,10.3125,10.938,9.375,8.812,32.44578
639.5,23.87,0.00293,184.96,184.96,10.3125,10.938,9.375,8.812,32.47301
641.27,23.94,0.00243,184.98,184.98,10.3125,10.938,9.375,8.812,32.50024
639.4,23.87,0.00285,185.0,185.0,10.25,10.938,9.375,8.812,32.52747
641.75,23.95,0.00289,185.02,185.02,10.25,10.938,9.375,8.812,32.5547
641.27,23.94,0.00011,185.04,185.04,10.25,10.938,9.375,8.812,32.58193
641.65,23.95,0.00289,185.06,185.06,10.25,10.938,9.375,8.812,32.60916
641.89,23.96,0.00293,185.08,185.08,10.25,10.938,9.375,8.812,32.63639
643.9,24.04,0.00293,185.1,185.1,10.25,10.938,9.375,8.812,32.66812
645.0,24.08,0.00137,185.12,185.12,10.25,10.938,9.375,8.812,32.69765
645.88,24.11,0.00293,185.14,185.14,10.25,10.938,9.375,8.812,32.72488
644.89,24.07,0.00293,185.16,185.16,10.25,10.938,9.375,8.812,32.75211
646.5,24.13,0.00152,185.18,185.18,10.25,10.938,9.375,8.812,32.782
647.51,24.17,0.00289,185.2,185.2,10.25,10.938,9.438,8.812,32.80923
646.5,24.13,0.00289,185.22,185.22,10.25,10.938,9.438,8.812,32.83646
647.38,24.16,0.00156,185.24,185.24,10.25,10.938,9.438,8.812,32.86369
648.88,24.22,0.00293,185.26,185.26,10.25,10.938,9.438,8.812,32.89092
648.26,24.2,0.00281,185.28,185.28,10.25,10.938,9.438,8.812,32.91815
649.5,24.24,0.00285,185.3,185.3,10.25,10.938,9.438,8.812,32.94538
650.62,24.29,0.00289,185.32,185.32,10.25,10.938,9.438,8.812,32.97261
650.14,24.27,0.00293,185.34,185.34,10.25,10.938,9.438,8.812,32.99984
652.39,24.35,0.00289,185.36,185.36,10.25,10.938,9.438,8.812,33.02707
652.63,24.36,0.00293,185.38,185.38,10.25,10.938,9.438,8.75,33.0543
654.51,24.43,0.00049,185.4,185.4,10.25,10.938,9.438,8.75,33.08153
653.62,24.4,0.00293,185.42,185.42,10.25,10.938,9.438,8.75,33.10876
655.39,24.46,0.00297,185.44,185.44,10.25,10.938,9.438,8.75,33.13598
656.01,24.49,0.00285,185.46,185.46,10.25,11.312,9.438,8.75,33.16321
655.87,24.48,0.00293,185.48,185.48,10.25,11.312,9.438,8.75,33.19044
655.39,24.46,0.00293,185.5,185.5,10.25,11.312,9.438,8.75,33.21767
657.75,24.55,0.00297,185.52,185.52,10.25,11.312,9.438,8.75,33.2449
658.5,24.58,0.00304,185.54,185.54,10.25,11.312,9.438,8.75,33.27213
658.5,24.58,0.003,185.56,185.56,10.25,11.312,9.438,8.75,33.29936
658.87,24.59,0.003,185.58,185.58,10.25,11.312,9.438,8.75,33.32659
660.24,24.64,0.003,185.6,185.6,10.25,11.312,9.438,8.75,33.35383
660.0,24.64,0.00209,185.62,185.62,10.25,11.312,9.438,8.812,33.38106
659.86,24.63,0.003,185.64,185.64,10.25,11.312,9.438,8.812,33.40829
660.37,24.65,0.00304,185.66,185.66,10.25,11.312,9.438,8.812,33.43552
660.61,24.66,0.00289,185.68,185.68,10.25,11.312,9.438,8.812,33.46275
660.75,24.66,0.00304,185.7,185.7,10.25,11.312,9.438,8.812,33.4909
662.86,24.74,0.003,185.72,185.72,10.25,11.312,9.438,8.812,33.51813
660.61,24.66,0.003,185.74,185.74,10.25,11.312,9.438,8.812,33.54536
661.74,24.7,0.003,185.76,185.76,10.25,11.312,9.438,8.812,33.57259
662.38,24.73,0.00259,185.78,185.78,10.25,11.312,9.438,8.812,33.59982
664.12,24.79,0.0027,185.8,185.8,10.25,11.312,9.438,8.812,33.62705
662.38,24.73,0.003,185.82,185.82,10.25,11.312,9.438,8.812,33.65428
664.63,24.81,0.00099,185.84,185.84,10.25,11.312,9.438,8.812,33.68151
664.12,24.79,0.003,185.86,185.86,10.25,11.312,9.438,8.812,33.71032
664.74,24.81,0.00308,185.88,185.88,10.25,11.312,9.438,8.812,33.73755
666.75,24.89,0.00091,185.9,185.9,10.25,11.312,9.438,8.812,33.76478
666.62,24.88,0.00304,185.92,185.92,10.25,11.312,9.438,8.812,33.79273
667.5,24.92,0.00304,185.94,185.94,10.25,11.312,9.438,8.812,33.82008
667.37,24.91,0.00114,185.96,185.96,10.25,11.312,9.438,8.812,33.84731
667.26,24.91,0.003,185.98,185.98,10.25,11.312,9.438,8.812,33.87454
667.12,24.9,0.003,186.0,186.0,10.25,11.312,9.438,8.812,33.90177
667.63,24.92,0.003,186.02,186.02,10.25,11.312,9.438,8.812,33.929
668.12,24.94,0.00297,186.04,186.04,10.25,11.312,9.438,8.812,33.95623
669.62,25.0,0.00247,186.06,186.06,10.25,11.312,9.438,8.812,33.98346
669.37,24.99,0.00304,186.08,186.08,10.25,11.312,9.438,8.812,34.01069
669.88,25.0,0.003,186.1,186.1,10.25,11.312,9.438,8.875,34.03792
670.63,25.03,0.00072,186.12,186.12,10.25,11.312,9.438,8.875,34.06515
670.26,25.02,0.003,186.14,186.14,10.25,11.312,9.438,8.875,34.09238
671.87,25.08,0.00304,186.16,186.16,10.25,11.312,9.438,8.875,34.11961
671.49,25.07,0.00293,186.18,186.18,10.25,10.938,9.438,8.875,34.14684
672.62,25.11,0.00304,186.2,186.2,10.25,10.938,9.438,8.875,34.17407
672.24,25.09,0.003,186.22,186.22,10.3125,10.938,9.438,8.875,34.20129
674.36,25.17,0.00297,186.24,186.24,10.3125,10.938,9.438,8.875,34.22852
674.87,25.19,0.00308,186.26,186.26,10.3125,10.938,9.438,8.875,34.25575
674.63,25.18,0.0024,186.28,186.28,10.3125,10.938,9.438,8.875,34.28298
675.0,25.2,0.00308,186.3,186.3,10.3125,10.938,9.438,8.875,34.31021
677.25,25.28,0.00308,186.32,186.32,10.3125,10.938,9.438,8.875,34.33744
675.11,25.2,0.00205,186.34,186.34,10.3125,10.938,9.438,8.812,34.36467
678.48,25.33,0.00308,186.36,186.36,10.3125,10.938,9.438,8.812,34.3919
677.36,25.28,0.00308,186.38,186.38,10.3125,10.938,9.438,8.812,34.41913
679.23,25.35,0.00312,186.4,186.4,10.3125,10.938,9.438,8.812,34.4464
677.12,25.27,0.00312,186.42,186.42,10.3125,11.312,9.438,8.812,34.47363
679.23,25.35,0.003,186.44,186.44,10.3125,11.312,9.438,8.812,34.50086
678.48,25.33,0.00316,186.46,186.46,10.25,11.312,9.438,8.812,34.52875
679.98,25.38,0.00312,186.48,186.48,10.25,11.312,9.438,8.812,34.55598
680.12,25.39,0.00297,186.5,186.5,10.25,11.312,9.438,8.812,34.58349
681.24,25.43,0.00217,186.52,186.52,10.25,11.312,9.438,8.812,34.61072
679.98,25.38,0.00308,186.54,186.54,10.25,11.312,9.438,8.812,34.64196
682.98,25.49,0.00308,186.56,186.56,10.25,11.312,9.438,8.812,34.66919
681.86,25.45,0.00278,186.58,186.58,10.25,11.312,9.438,8.812,34.69642
682.88,25.49,0.00308,186.6,186.6,10.25,11.312,9.438,8.812,34.72365
683.12,25.5,0.00285,186.62,186.62,10.25,11.312,9.438,8.812,34.75088
683.12,25.5,0.00312,186.64,186.64,10.25,11.312,9.438,8.812,34.77811
687.11,25.65,0.00015,184.66,184.66,10.25,11.25,9.438,8.812,35.1654
689.49,25.74,0.00316,184.68,184.68,10.25,11.25,9.438,8.812,35.19263
688.74,25.71,0.00319,184.7,184.7,10.25,11.25,9.438,8.812,35.21986
688.1,25.68,0.00266,184.72,184.72,10.25,11.25,9.438,8.812,35.24709
687.24,25.65,0.00312,184.74,184.74,10.25,11.25,9.438,8.812,35.27432
688.24,25.69,0.00319,184.76,184.76,10.25,11.25,9.438,8.812,35.30155
689.36,25.73,0.00319,184.78,184.78,10.25,11.25,9.438,8.812,35.32878
688.37,25.7,0.00312,184.8,184.8,10.25,11.25,9.438,8.875,35.35601
689.87,25.75,0.00289,184.82,184.82,10.25,11.25,9.438,8.875,35.38323
689.6,25.74,0.00316,184.84,184.84,10.25,11.25,9.438,8.875,35.41046
688.61,25.7,0.00316,184.86,184.86,10.25,11.25,9.438,8.875,35.43769
689.98,25.75,0.00087,184.88,184.88,10.25,11.25,9.375,8.875,35.46492
689.98,25.75,0.00319,184.9,184.9,10.25,11.312,9.375,8.875,35.49215
690.24,25.77,0.00316,184.92,184.92,10.25,11.312,9.375,8.875,35.51938
689.98,25.75,0.00255,184.94,184.94,10.25,11.312,9.375,8.875,35.54661
691.74,25.82,0.00316,184.96,184.96,10.25,11.312,9.375,8.875,35.57384
693.62,25.89,0.00316,184.98,184.98,10.25,11.312,9.375,8.875,35.6018
692.74,25.86,0.00209,185.0,185.0,10.25,11.312,9.375,8.875,35.62903
692.74,25.86,0.00316,185.02,185.02,10.25,11.312,9.375,8.875,35.65932
694.37,25.92,0.00319,185.04,185.04,10.25,11.312,9.375,9.188,35.68732
694.24,25.91,0.00316,185.06,185.06,10.25,11.312,9.375,9.188,35.71455
693.86,25.9,0.00316,185.08,185.08,10.25,11.312,9.375,9.188,35.74196
694.61,25.93,0.00316,185.1,185.1,10.25,11.312,9.375,9.188,35.76919
695.74,25.97,0.00304,185.12,185.12,10.25,11.312,9.438,9.188,35.79642
695.36,25.96,0.00316,185.14,185.14,10.25,11.312,9.438,9.188,35.82545
696.11,25.98,0.00316,185.16,185.16,10.25,11.312,9.438,9.188,35.85542
697.61,26.04,0.00312,185.18,185.18,10.25,11.312,9.438,9.188,35.88265
697.48,26.04,0.00316,185.2,185.2,10.25,11.312,9.438,9.188,35.91535
697.24,26.03,0.00316,185.22,185.22,10.25,11.312,9.438,9.188,35.94258
698.47,26.07,0.00319,185.24,185.24,10.25,11.312,9.438,9.188,35.96981
698.74,26.08,0.00308,185.26,185.26,10.25,11.312,9.438,9.188,35.99704
698.6,26.08,0.00312,185.28,185.28,10.25,11.312,9.438,8.812,36.02427
699.49,26.11,0.00312,185.3,185.3,10.25,11.312,9.438,8.812,36.0515
698.98,26.09,0.00319,185.32,185.32,10.25,11.312,9.438,8.812,36.07873
701.23,26.18,0.00319,185.34,185.34,10.25,11.312,9.438,8.812,36.10596
701.6,26.19,0.00316,185.36,185.36,10.25,11.312,9.375,8.812,36.13319
701.36,26.18,0.00323,185.38,185.38,10.25,10.875,9.375,8.812,36.16042
702.11,26.21,0.00316,185.4,185.4,10.25,10.875,9.375,8.812,36.18765
703.85,26.27,0.00152,185.42,185.42,10.25,10.875,9.375,8.812,36.21487
703.99,26.28,0.00319,185.44,185.44,10.25,10.875,9.375,8.812,36.24211
705.73,26.34,0.00319,185.46,185.46,10.25,10.875,9.375,8.812,36.26934
704.36,26.29,0.00304,185.48,185.48,10.25,10.875,9.375,8.812,36.29657
706.72,26.38,0.00323,185.5,185.5,10.25,10.875,9.375,8.812,36.3238
704.84,26.31,0.00308,185.52,185.52,10.25,10.875,9.375,8.812,36.35103
706.72,26.38,0.00327,185.54,185.54,10.25,10.875,9.375,8.812,36.37826
707.23,26.4,0.00319,185.56,185.56,10.25,10.875,9.375,8.812,36.40549
708.35,26.44,0.00319,185.58,185.58,10.25,10.875,9.375,8.812,36.43272
708.35,26.44,0.00118,185.6,185.6,10.25,10.875,9.062,8.812,36.46071
709.72,26.49,0.00319,185.62,185.62,10.25,10.938,9.062,8.812,36.49132
710.47,26.52,0.00232,185.64,185.64,10.25,10.938,9.062,8.812,36.51855
709.96,26.5,0.00319,185.66,185.66,10.25,10.938,9.062,8.812,36.54578
710.34,26.52,0.00319,185.68,185.68,10.25,10.938,9.062,8.812,36.57301
711.35,26.55,0.00323,185.7,185.7,10.25,10.938,9.062,8.812,36.60262
710.98,26.54,0.00285,185.72,185.72,10.25,10.938,9.062,8.812,36.62985
711.84,26.57,0.00323,185.74,185.74,10.25,10.938,9.062,8.812,36.65708
712.72,26.6,0.00319,185.76,185.76,10.25,10.938,9.062,8.812,36.68431
712.72,26.6,0.00327,185.78,185.78,10.25,10.938,9.062,8.812,36.7153
713.47,26.63,0.00316,185.8,185.8,10.25,10.938,9.062,8.812,36.74253
714.09,26.66,0.00331,185.82,185.82,10.25,10.938,9.062,8.812,36.7713
713.34,26.63,0.00323,185.84,185.84,10.25,10.875,9.438,8.812,36.79853
714.6,26.67,0.00335,185.86,185.86,10.25,10.875,9.438,8.812,36.82576
715.21,26.7,0.00323,185.88,185.88,10.25,10.875,9.438,8.812,36.85299
714.84,26.68,0.00255,185.9,185.9,10.25,10.875,9.438,8.812,36.88022
714.84,26.68,0.00323,185.92,185.92,10.25,10.875,9.438,8.812,36.90745
715.59,26.71,0.00323,185.94,185.94,10.25,10.875,9.438,8.812,36.93468
715.48,26.71,0.00319,185.96,185.96,10.25,10.875,9.438,8.812,36.96191
716.47,26.74,0.00327,185.98,185.98,10.25,10.875,9.438,8.875,36.99123
717.6,26.79,0.00323,186.0,186.0,10.25,10.875,9.438,8.875,37.0203
717.97,26.8,0.00243,186.02,186.02,10.25,10.875,9.438,8.875,37.04886
716.23,26.73,0.00331,186.04,186.04,10.25,10.875,9.438,8.875,37.07609
718.59,26.82,0.00327,186.06,186.06,10.25,10.875,9.438,8.875,37.10332
717.97,26.8,0.00327,186.08,186.08,10.25,11.312,9.438,8.875,37.13055
720.36,26.89,0.00331,186.1,186.1,10.25,11.312,9.438,8.875,37.15951
721.72,26.94,0.00331,186.12,186.12,10.25,11.312,9.438,8.875,37.18674
720.73,26.9,0.00266,186.14,186.14,10.25,11.312,9.438,8.875,37.21397
720.46,26.89,0.00331,186.16,186.16,10.25,11.312,9.438,8.875,37.24215
721.59,26.93,0.00327,186.18,186.18,10.25,11.312,9.438,8.875,37.26939
722.23,26.96,0.00327,186.2,186.2,10.25,11.312,9.438,8.875,37.29938
721.21,26.92,0.00323,186.22,186.22,10.25,11.312,9.438,8.875,37.32661
723.84,27.02,0.00331,186.24,186.24,10.25,11.312,9.438,8.875,37.35384
724.46,27.04,0.00327,186.26,186.26,10.25,11.312,9.438,8.875,37.38107
725.21,27.07,0.00312,186.28,186.28,10.25,11.312,9.438,8.875,37.4083
726.46,27.12,0.00331,186.3,186.3,10.25,11.312,9.438,8.875,37.44045
724.59,27.05,0.00308,186.32,186.32,10.25,11.312,9.438,8.875,37.46768
726.46,27.12,0.00171,186.34,186.34,10.25,11.312,9.438,8.875,37.49491
727.46,27.15,0.00331,186.36,186.36,10.25,11.312,9.438,8.875,37.52331
727.21,27.14,0.00331,186.38,186.38,10.25,11.312,9.438,8.875,37.55161
727.08,27.14,0.00335,186.4,186.4,10.25,11.312,9.438,8.875,37.57936
728.1,27.18,0.00327,186.42,186.42,10.25,11.312,9.438,8.875,37.60659
729.22,27.22,0.00342,186.44,186.44,10.25,11.312,9.438,8.812,37.63702
728.1,27.18,0.00323,186.46,186.46,10.25,11.312,9.438,8.812,37.66774
731.1,27.29,0.00335,186.48,186.48,10.25,11.312,9.438,8.812,37.69497
730.72,27.28,0.00338,186.5,186.5,10.25,11.312,9.438,8.812,37.72339
730.59,27.27,0.00342,186.52,186.52,10.25,11.312,9.438,8.812,37.75133
732.33,27.34,0.00297,186.54,186.54,10.25,11.312,9.438,8.812,37.77993
731.1,27.29,0.00323,186.56,186.56,10.25,10.938,9.438,8.812,37.80716
732.97,27.36,0.00319,186.58,186.58,10.25,10.938,9.438,8.812,37.83439
733.59,27.38,0.00335,186.6,186.6,10.25,10.938,9.438,8.812,37.86162
733.46,27.38,0.00335,186.62,186.62,10.25,10.938,9.438,8.812,37.88929
735.09,27.44,0.00331,186.64,186.64,10.25,10.938,9.438,8.812,37.91856
735.47,27.45,0.00335,184.66,184.66,10.25,10.938,9.438,8.75,37.99084
738.57,27.57,0.00338,184.68,184.68,10.25,10.938,9.438,8.75,38.06759
739.32,27.6,0.00338,184.7,184.7,10.25,10.938,9.438,8.75,38.09568
739.59,27.61,0.00338,184.72,184.72,10.25,11.25,9.438,8.75,38.13254
741.47,27.68,0.00335,184.74,184.74,10.25,11.25,9.438,8.75,38.18619
740.96,27.66,0.00331,184.76,184.76,10.25,11.25,9.438,8.75,38.2139
740.96,27.66,0.00335,184.78,184.78,10.25,11.25,9.438,8.75,38.25249
740.72,27.65,0.00312,184.8,184.8,10.25,11.25,9.438,8.75,38.27972
743.07,27.74,0.00338,184.82,184.82,10.25,11.25,9.438,8.75,38.30695
741.47,27.68,0.00342,184.84,184.84,10.25,11.25,9.438,8.75,38.33599
742.08,27.7,0.00342,184.86,184.86,10.25,11.25,9.438,8.75,38.36322
740.82,27.65,0.00327,184.88,184.88,10.25,11.25,9.438,8.75,38.39726
743.45,27.75,0.00338,184.9,184.9,10.25,11.25,9.438,8.75,38.42731
742.97,27.73,0.00338,184.92,184.92,10.25,11.25,9.438,8.75,38.45454
742.83,27.73,0.00156,184.94,184.94,10.25,10.938,9.438,8.75,38.48177
744.95,27.81,0.00342,184.96,184.96,10.25,10.938,9.438,8.75,38.509
743.21,27.74,0.00338,184.98,184.98,10.25,10.938,9.438,8.75,38.53623
744.95,27.81,0.00251,185.0,185.0,10.25,10.938,9.438,8.75,38.56346
747.47,27.9,0.00281,185.02,185.02,10.25,10.938,9.438,8.75,38.59653
747.33,27.9,0.00342,185.04,185.04,10.25,10.938,9.438,9.188,38.62713
745.7,27.84,0.00338,185.06,185.06,10.25,10.938,9.438,9.188,38.65436
749.08,27.96,0.00335,185.08,185.08,10.25,10.938,9.438,9.188,38.68159
746.96,27.88,0.00346,185.1,185.1,10.25,10.938,9.438,9.188,38.70882
749.21,27.97,0.00342,185.12,185.12,10.25,10.938,9.438,9.188,38.73605
749.08,27.96,0.00289,185.14,185.14,10.25,10.938,9.438,9.188,38.76328
750.2,28.0,0.00338,185.16,185.16,10.25,10.938,9.438,9.188,38.79051
749.69,27.98,0.00335,185.18,185.18,10.25,11.25,9.438,9.188,38.81773
750.33,28.01,0.00342,185.2,185.2,10.25,11.25,9.438,9.188,38.84496
752.69,28.1,0.00342,185.22,185.22,10.25,11.25,9.438,9.188,38.87219
750.82,28.03,0.00224,185.24,185.24,10.25,11.25,9.438,9.188,38.89942
753.07,28.11,0.00342,185.26,185.26,10.25,11.25,9.438,9.188,38.92665
753.58,28.13,0.00342,185.28,185.28,10.25,11.25,9.438,8.812,38.95421
754.19,28.15,0.00236,185.3,185.3,10.25,11.25,9.438,8.812,38.98144
753.44,28.12,0.00346,185.32,185.32,10.25,11.25,9.438,8.812,39.00867
754.57,28.17,0.00346,185.34,185.34,10.25,11.25,9.438,8.812,39.03592
755.59,28.2,0.003,185.36,185.36,10.25,11.25,9.438,8.812,39.06315
757.46,28.27,0.00338,185.38,185.38,10.25,11.25,9.438,8.812,39.09038
756.44,28.24,0.00342,185.4,185.4,10.25,11.312,9.438,8.812,39.11761
757.7,28.28,0.00346,185.42,185.42,10.25,11.312,9.438,8.812,39.14484
758.45,28.31,0.00346,185.44,185.44,10.25,11.312,9.438,8.812,39.17207
760.19,28.38,0.00141,185.46,185.46,10.25,11.312,9.438,8.812,39.19937
760.57,28.39,0.00346,185.48,185.48,10.25,11.312,9.438,8.812,39.2266
761.32,28.42,0.0035,185.5,185.5,10.25,11.312,9.438,8.812,39.25383
760.7,28.39,0.00289,185.52,185.52,10.25,11.312,9.438,8.812,39.28106
762.2,28.45,0.00346,185.54,185.54,10.25,11.312,9.438,8.812,39.30829
760.84,28.4,0.00338,185.56,185.56,10.25,11.312,9.438,8.812,39.33552
763.33,28.49,0.00346,185.58,185.58,10.25,11.312,9.438,8.812,39.36275
761.45,28.42,0.00346,185.6,185.6,10.25,11.312,9.438,8.812,39.38998
764.18,28.52,0.0035,185.62,185.62,10.25,11.312,9.438,8.812,39.41721
765.44,28.57,0.00236,185.64,185.64,10.25,11.312,9.375,8.812,39.44615
764.83,28.55,0.00346,185.66,185.66,10.25,11.25,9.375,8.812,39.47338
764.93,28.55,0.00323,185.68,185.68,10.25,11.25,9.375,8.812,39.50061
765.58,28.58,0.0035,185.7,185.7,10.25,11.25,9.375,8.812,39.52784
765.31,28.57,0.00346,185.72,185.72,10.3125,11.25,9.375,8.812,39.55507
767.19,28.64,0.00331,185.74,185.74,10.3125,11.25,9.375,8.812,39.5823
768.58,28.69,0.0035,185.76,185.76,10.3125,11.25,9.375,8.812,39.60953
767.08,28.63,0.00346,185.78,185.78,10.3125,11.25,9.375,8.812,39.63676
768.44,28.68,0.00281,185.8,185.8,10.3125,11.25,9.375,8.812,39.66643
769.19,28.71,0.00194,185.82,185.82,10.3125,11.25,9.375,8.812,39.69537
768.58,28.69,0.00346,185.84,185.84,10.3125,11.25,9.375,8.812,39.7226
770.08,28.75,0.00217,185.86,185.86,10.3125,11.25,9.375,8.812,39.74983
770.19,28.75,0.00342,185.88,185.88,10.3125,11.25,9.438,8.812,39.77856
769.94,28.74,0.0035,185.9,185.9,10.3125,11.312,9.438,8.812,39.80579
769.7,28.73,0.00331,185.92,185.92,10.3125,11.312,9.438,8.812,39.83313
772.19,28.82,0.0035,185.94,185.94,10.3125,11.312,9.438,8.812,39.86036
770.08,28.75,0.00346,185.96,185.96,10.25,11.312,9.438,8.812,39.88759
772.44,28.83,0.00164,185.98,185.98,10.25,11.312,9.438,8.812,39.91482
772.19,28.82,0.00354,186.0,186.0,10.25,11.312,9.438,8.812,39.94205
773.94,28.89,0.00354,186.02,186.02,10.25,11.312,9.438,8.812,39.96928
772.57,28.84,0.00259,186.04,186.04,10.25,11.312,9.438,8.812,39.99651
774.31,28.9,0.0035,186.06,186.06,10.25,11.312,9.438,8.812,40.02374
774.18,28.9,0.00342,186.08,186.08,10.25,11.312,9.438,8.812,40.05097
776.56,28.99,0.00342,186.1,186.1,10.25,11.312,9.438,8.812,40.0782
777.07,29.01,0.00346,186.12,186.12,10.25,11.312,9.438,8.812,40.10543
777.07,29.01,0.00179,186.14,186.14,10.25,10.938,9.438,8.812,40.13266
776.94,29.0,0.0035,186.16,186.16,10.25,10.938,9.438,8.812,40.15989
778.95,29.08,0.0035,186.18,186.18,10.25,10.938,9.438,8.812,40.18712
777.55,29.02,0.003,186.2,186.2,10.25,10.938,9.438,8.812,40.21435
779.56,29.1,0.00354,186.22,186.22,10.25,10.938,9.438,8.812,40.24158
776.94,29.0,0.0035,186.24,186.24,10.25,10.938,9.438,8.812,40.26881
779.32,29.09,0.0035,186.26,186.26,10.25,10.938,9.438,8.812,40.29603
779.8,29.11,0.00357,186.28,186.28,10.25,10.938,9.438,8.812,40.3235
781.3,29.16,0.00308,186.3,186.3,10.25,10.938,9.438,8.812,40.35073
780.07,29.12,0.0016,186.32,186.32,10.25,10.938,9.438,8.812,40.37882
782.43,29.21,0.0035,186.34,186.34,10.25,10.938,9.438,8.812,40.40605
780.93,29.15,0.00316,186.36,186.36,10.25,10.938,9.438,8.812,40.43328
782.94,29.23,0.00357,186.38,186.38,10.25,11.312,9.438,8.812,40.46051
783.93,29.26,0.00357,186.4,186.4,10.25,11.312,9.438,8.812,40.48885
784.68,29.29,0.00308,186.42,186.42,10.25,11.312,9.438,8.812,40.51608
784.06,29.27,0.00365,186.44,186.44,10.25,11.312,9.438,8.812,40.54331
786.18,29.35,0.00361,186.46,186.46,10.25,11.312,9.438,8.812,40.57054
785.19,29.31,0.00183,186.48,186.48,10.25,11.312,9.438,9.125,40.59866
785.94,29.34,0.00354,186.5,186.5,10.25,11.312,9.438,9.125,40.62589
787.81,29.41,0.00361,186.52,186.52,10.25,11.312,9.438,9.125,40.65311
787.17,29.38,0.00319,186.54,186.54,10.25,11.312,9.438,9.125,40.68034
787.68,29.4,0.00357,186.56,186.56,10.25,11.312,9.438,9.125,40.70757
789.69,29.48,0.00342,186.58,186.58,10.25,11.312,9.438,9.125,40.7348
789.8,29.48,0.00354,186.6,186.6,10.25,11.312,9.438,9.125,40.76236
789.8,29.48,0.00361,186.62,186.62,10.25,11.312,9.438,9.125,40.78959
789.8,29.48,0.00312,186.64,186.64,10.25,11.312,9.438,9.125,40.81682
798.05,29.79,0.00357,184.66,184.66,10.25,11.312,9.438,9.188,41.34183
796.44,29.73,0.00361,184.68,184.68,10.25,11.312,9.438,9.188,41.37353
797.3,29.76,0.00369,184.7,184.7,10.25,11.312,9.438,9.188,41.40076
796.44,29.73,0.00221,184.72,184.72,10.25,11.312,9.438,9.188,41.42799
796.55,29.73,0.00361,184.74,184.74,10.25,11.312,9.375,9.188,41.45522
795.31,29.69,0.00373,184.76,184.76,10.25,10.875,9.375,9.188,41.48649
796.92,29.75,0.003,184.78,184.78,10.25,10.875,9.375,9.188,41.51372
796.17,29.72,0.00373,184.8,184.8,10.25,10.875,9.375,9.188,41.54142
797.3,29.76,0.00365,184.82,184.82,10.25,10.875,9.375,9.188,41.56865
796.81,29.74,0.00274,184.84,184.84,10.25,10.875,9.375,8.75,41.59864
797.3,29.76,0.0027,184.86,184.86,10.25,10.875,9.375,8.75,41.63184
797.3,29.76,0.00361,184.88,184.88,10.25,10.875,9.375,8.75,41.65908
795.93,29.71,0.00369,184.9,184.9,10.25,10.875,9.375,8.75,41.68631
796.68,29.74,0.00106,184.92,184.92,10.25,10.875,9.375,8.75,41.71355
798.05,29.79,0.00369,184.94,184.94,10.25,10.875,9.375,8.75,41.74078
799.17,29.83,0.00369,184.96,184.96,10.25,10.875,9.375,8.75,41.77061
797.43,29.77,0.00357,184.98,184.98,10.25,10.875,9.438,8.75,41.79784
798.69,29.81,0.00255,185.0,185.0,10.25,11.312,9.438,8.75,41.82507
799.17,29.83,0.00365,185.02,185.02,10.25,11.312,9.438,8.75,41.85508
800.06,29.86,0.00361,185.04,185.04,10.25,11.312,9.438,8.75,41.88231
800.91,29.9,0.00369,185.06,185.06,10.25,11.312,9.438,8.75,41.90954
799.82,29.86,0.00365,185.08,185.08,10.25,11.312,9.438,8.812,41.9379
800.54,29.88,0.00369,185.1,185.1,10.25,11.312,9.438,8.812,41.96514
801.42,29.91,0.00369,185.12,185.12,10.25,11.312,9.438,8.812,41.99237
801.18,29.91,0.00369,185.14,185.14,10.25,11.312,9.438,8.812,42.0196
803.43,29.99,0.00209,185.16,185.16,10.25,11.312,9.438,8.812,42.04683
804.66,30.04,0.00365,185.18,185.18,10.25,11.312,9.438,8.812,42.07406
802.55,29.96,0.0035,185.2,185.2,10.25,11.312,9.438,8.812,42.10129
803.91,30.01,0.00361,185.22,185.22,10.25,11.312,9.375,8.812,42.12878
804.56,30.03,0.00365,185.24,185.24,10.25,11.25,9.375,8.812,42.15689
805.92,30.08,0.00365,185.26,185.26,10.25,11.25,9.375,8.812,42.18411
806.67,30.11,0.00365,185.28,185.28,10.25,11.25,9.375,8.812,42.21134
807.18,30.13,0.00369,185.3,185.3,10.25,11.25,9.375,8.812,42.23857
805.68,30.07,0.00148,185.32,185.32,10.25,11.25,9.375,8.812,42.2658
808.68,30.19,0.00369,185.34,185.34,10.25,11.25,9.375,8.812,42.29303
807.42,30.14,0.00369,185.36,185.36,10.25,11.25,9.375,8.812,42.32026
809.54,30.22,0.00335,185.38,185.38,10.25,11.25,9.375,8.812,42.34749
808.42,30.18,0.00361,185.4,185.4,10.25,11.25,9.375,8.812,42.37472
810.29,30.25,0.00365,185.42,185.42,10.25,11.25,9.375,8.812,42.40195
811.04,30.27,0.00373,185.44,185.44,10.25,11.25,9.375,8.812,42.42918
813.16,30.35,0.00369,185.46,185.46,10.25,11.25,9.438,8.812,42.45641
811.17,30.28,0.00342,185.48,185.48,10.25,11.312,9.438,8.812,42.48364
813.05,30.35,0.00369,185.5,185.5,10.25,11.312,9.438,8.812,42.51087
814.04,30.39,0.00369,185.52,185.52,10.25,11.312,9.438,8.812,42.53834
814.04,30.39,0.00133,185.54,185.54,10.25,11.312,9.438,8.812,42.56557
816.16,30.46,0.00373,185.56,185.56,10.25,11.312,9.438,8.812,42.5928
816.05,30.46,0.00373,185.58,185.58,10.25,11.312,9.438,8.812,42.62003
815.41,30.44,0.00376,185.6,185.6,10.25,11.312,9.438,8.812,42.64728
818.17,30.54,0.00373,185.62,185.62,10.25,11.312,9.438,8.812,42.67451
816.29,30.47,0.00369,185.64,185.64,10.25,11.312,9.438,8.812,42.70174
818.41,30.55,0.00335,185.66,185.66,10.25,11.312,9.438,8.812,42.72906
819.05,30.57,0.00373,185.68,185.68,10.25,11.312,9.438,8.812,42.75629
820.55,30.63,0.00319,185.7,185.7,10.25,11.312,9.438,8.812,42.78394
819.43,30.59,0.00373,185.72,185.72,10.25,11.25,9.438,8.812,42.81117
820.28,30.62,0.00373,185.74,185.74,10.25,11.25,9.438,8.812,42.8384
821.17,30.65,0.0019,185.76,185.76,10.25,11.25,9.438,8.812,42.86563
821.54,30.67,0.00376,185.78,185.78,10.25,11.25,9.438,8.812,42.89286
822.29,30.69,0.0038,185.8,185.8,10.25,11.25,9.438,8.75,42.92008
823.28,30.73,0.00262,185.82,185.82,10.25,11.25,9.438,8.75,42.94731
822.91,30.72,0.00376,185.84,185.84,10.25,11.25,9.438,8.75,42.97454
824.78,30.79,0.00376,185.86,185.86,10.25,11.25,9.438,8.75,43.00234
823.66,30.75,0.00369,185.88,185.88,10.25,11.25,9.438,8.75,43.02957
825.29,30.81,0.00376,185.9,185.9,10.25,11.25,9.438,8.75,43.0568
825.29,30.81,0.00338,185.92,185.92,10.25,11.25,9.438,8.75,43.08403
827.65,30.89,0.00373,185.94,185.94,10.25,11.25,9.438,8.75,43.11165
825.67,30.82,0.0038,185.96,185.96,10.25,11.312,9.438,8.75,43.13888
827.92,30.9,0.0038,185.98,185.98,10.25,11.312,9.438,8.75,43.16665
826.53,30.85,0.00376,186.0,186.0,10.25,11.312,9.438,8.75,43.19388
829.04,30.95,0.00376,186.02,186.02,10.25,11.312,9.438,8.75,43.22111
828.16,30.91,0.00175,186.04,186.04,10.25,11.312,9.438,8.812,43.24877
829.28,30.95,0.0038,186.06,186.06,10.25,11.312,9.438,8.812,43.27601
830.03,30.98,0.00376,186.08,186.08,10.25,11.312,9.438,8.812,43.30324
829.9,30.98,0.00331,186.1,186.1,10.25,11.312,9.438,8.812,43.33048
830.28,30.99,0.0038,186.12,186.12,10.25,11.312,9.438,8.812,43.35771
832.42,31.07,0.0038,186.14,186.14,10.25,11.312,9.438,8.812,43.38494
831.29,31.03,0.0038,186.16,186.16,10.25,11.312,9.438,8.812,43.41217
832.79,31.09,0.00384,186.18,186.18,10.25,11.312,9.375,8.812,43.4394
834.54,31.15,0.00376,186.2,186.2,10.25,11.312,9.375,8.812,43.46663
834.67,31.16,0.0038,186.22,186.22,10.25,11.312,9.375,8.812,43.49729
832.79,31.09,0.0038,186.24,186.24,10.25,11.312,9.375,8.812,43.52696
835.42,31.18,0.0038,186.26,186.26,10.25,11.312,9.375,8.812,43.55419
835.29,31.18,0.00247,186.28,186.28,10.25,11.312,9.375,8.812,43.58142
835.9,31.2,0.0038,186.3,186.3,10.25,11.312,9.375,8.812,43.60865
835.53,31.19,0.00376,186.32,186.32,10.25,11.312,9.375,8.812,43.63588
837.54,31.26,0.00373,186.34,186.34,10.25,11.312,9.375,8.812,43.66311
838.77,31.31,0.0038,186.36,186.36,10.25,11.312,9.375,8.812,43.69034
838.15,31.29,0.00373,186.38,186.38,10.25,11.312,9.375,8.812,43.71756
839.04,31.32,0.00388,186.4,186.4,10.25,11.312,9.375,8.812,43.74479
840.64,31.38,0.00384,186.42,186.42,10.25,11.312,9.375,8.812,43.77202
839.41,31.33,0.00274,186.44,186.44,10.25,11.25,9.375,8.812,43.79925
840.64,31.38,0.00384,186.46,186.46,10.25,11.25,9.375,8.812,43.82648
841.02,31.39,0.00384,186.48,186.48,10.25,11.25,9.375,8.812,43.85371
841.39,31.41,0.00278,186.5,186.5,10.25,11.25,9.375,8.812,43.88095
843.16,31.47,0.00388,186.52,186.52,10.25,11.25,9.375,8.75,43.90817
843.27,31.48,0.0038,186.54,186.54,10.25,11.25,9.375,8.75,43.9354
843.64,31.49,0.00373,186.56,186.56,10.25,11.25,9.375,8.75,43.96263
843.64,31.49,0.0038,186.58,186.58,10.25,11.25,9.375,8.75,43.98986
843.78,31.5,0.00388,186.6,186.6,10.25,11.25,9.375,8.75,44.01998
845.28,31.55,0.00384,186.62,186.62,10.25,11.25,9.375,8.75,44.04721
846.27,31.59,0.00395,186.64,186.64,10.25,11.25,9.375,8.75,44.07444
852.03,31.8,0.00407,184.66,184.66,10.25,10.875,9.375,8.812,44.43438
853.4,31.86,0.00392,184.68,184.68,10.25,10.875,9.438,8.812,44.46161
852.78,31.83,0.00392,184.7,184.7,10.25,11.25,9.438,8.812,44.48884
852.65,31.83,0.00338,184.72,184.72,10.25,11.25,9.438,8.812,44.51607
853.4,31.86,0.00395,184.74,184.74,10.25,11.25,9.438,8.812,44.5433
854.65,31.9,0.00388,184.76,184.76,10.25,11.25,9.438,9.188,44.57053
853.15,31.85,0.00224,184.78,184.78,10.25,11.25,9.438,9.188,44.59776
853.77,31.87,0.0038,184.8,184.8,10.25,11.25,9.438,9.188,44.62499
854.76,31.91,0.00388,184.82,184.82,10.25,11.25,9.438,9.188,44.65222
853.26,31.85,0.00403,184.84,184.84,10.25,11.25,9.438,9.188,44.67949
855.27,31.93,0.00384,184.86,184.86,10.25,11.25,9.438,9.188,44.70672
854.28,31.89,0.00403,184.88,184.88,10.25,11.25,9.438,9.188,44.73395
855.51,31.93,0.00376,184.9,184.9,10.25,11.25,9.438,9.188,44.76207
854.9,31.91,0.00388,184.92,184.92,10.25,11.25,9.438,9.188,44.7893
856.15,31.96,0.00285,184.94,184.94,10.25,10.875,9.438,9.188,44.81654
854.28,31.89,0.00392,184.96,184.96,10.25,10.875,9.438,9.188,44.84377
856.02,31.95,0.00384,184.98,184.98,10.25,10.875,9.438,9.188,44.871
856.4,31.97,0.0019,185.0,185.0,10.25,10.875,9.438,8.75,44.89823
857.39,32.0,0.00388,185.02,185.02,10.25,10.875,9.438,8.75,44.92546
855.65,31.94,0.00388,185.04,185.04,10.25,10.875,9.438,8.75,44.95269
857.01,31.99,0.00369,185.06,185.06,10.25,10.875,9.438,8.75,44.97992
857.66,32.01,0.00392,185.08,185.08,10.25,10.875,9.438,8.75,45.00715
857.01,31.99,0.00365,185.1,185.1,10.25,10.875,9.438,8.75,45.03438
859.4,32.08,0.00388,185.12,185.12,10.25,10.875,9.438,8.75,45.06161
857.9,32.02,0.00392,185.14,185.14,10.25,10.875,9.438,8.75,45.09531
860.28,32.11,0.00392,185.16,185.16,10.25,10.875,9.375,8.75,45.12331
860.28,32.11,0.00392,185.18,185.18,10.25,10.875,9.375,8.75,45.15054
860.52,32.12,0.00327,185.2,185.2,10.25,10.875,9.375,8.75,45.17823
859.16,32.07,0.00392,185.22,185.22,10.25,10.875,9.375,8.75,45.20547
859.91,32.1,0.00395,185.24,185.24,10.25,10.875,9.375,8.812,45.2353
861.27,32.15,0.00316,185.26,185.26,10.25,10.875,9.375,8.812,45.26253
859.64,32.09,0.00395,185.28,185.28,10.25,10.875,9.375,8.812,45.28976
862.91,32.21,0.00388,185.3,185.3,10.25,10.875,9.375,8.812,45.31794
863.9,32.25,0.0038,185.32,185.32,10.25,10.875,9.375,8.812,45.34591
861.65,32.16,0.00392,185.34,185.34,10.25,10.875,9.375,8.812,45.37358
864.51,32.27,0.00392,185.36,185.36,10.25,10.875,9.375,8.812,45.40081
863.39,32.23,0.00392,185.38,185.38,10.25,10.875,9.375,8.812,45.42804
865.77,32.32,0.00392,185.4,185.4,10.25,10.875,9.438,8.812,45.45935
866.39,32.34,0.00399,185.42,185.42,10.25,10.875,9.438,8.812,45.49297
866.15,32.33,0.00392,185.44,185.44,10.25,10.875,9.438,8.812,45.5202
867.0,32.36,0.00365,185.46,185.46,10.25,10.875,9.438,8.812,45.5496
868.26,32.41,0.00392,185.48,185.48,10.25,10.875,9.438,8.812,45.57942
868.02,32.4,0.00395,185.5,185.5,10.25,10.875,9.438,8.812,45.60665
870.01,32.48,0.00395,185.52,185.52,10.25,10.875,9.438,8.812,45.63389
868.4,32.41,0.00392,185.54,185.54,10.25,10.875,9.438,8.812,45.66112
868.02,32.4,0.00395,185.56,185.56,10.25,10.875,9.438,8.812,45.68835
869.26,32.45,0.00236,185.58,185.58,10.25,10.875,9.438,8.812,45.71558
870.89,32.51,0.00399,185.6,185.6,10.25,10.875,9.438,8.812,45.74281
872.15,32.55,0.00395,185.62,185.62,10.25,10.875,9.375,8.812,45.77004
870.89,32.51,0.00354,185.64,185.64,10.25,10.875,9.375,8.812,45.79727
872.26,32.56,0.00395,185.66,185.66,10.25,10.875,9.375,8.812,45.8245
873.01,32.59,0.00399,185.68,185.68,10.25,10.875,9.375,8.812,45.85173
872.76,32.58,0.00395,185.7,185.7,10.25,10.875,9.375,8.75,45.87895
873.51,32.61,0.00403,185.72,185.72,10.25,10.875,9.375,8.75,45.90618
875.15,32.67,0.00304,185.74,185.74,10.3125,10.875,9.375,8.75,45.93341
874.02,32.62,0.00403,185.76,185.76,10.3125,10.875,9.375,8.75,45.96064
875.26,32.67,0.00399,185.78,185.78,10.3125,10.875,9.375,8.75,45.98787
877.75,32.76,0.00395,185.8,185.8,10.3125,10.875,9.375,8.75,46.0151
878.12,32.78,0.00399,185.82,185.82,10.3125,10.875,9.375,8.75,46.04233
876.65,32.72,0.00392,185.84,185.84,10.3125,10.875,9.375,8.75,46.06956
878.87,32.81,0.00354,185.86,185.86,10.3125,10.875,9.438,8.75,46.09679
880.13,32.85,0.00399,185.88,185.88,10.3125,11.312,9.438,8.75,46.12402
878.26,32.78,0.00365,185.9,185.9,10.3125,11.312,9.438,8.75,46.15125
878.87,32.81,0.00399,185.92,185.92,10.3125,11.312,9.438,8.75,46.17848
880.64,32.87,0.00399,185.94,185.94,10.3125,11.312,9.438,8.875,46.20571
879.89,32.84,0.00346,185.96,185.96,10.3125,11.312,9.438,8.875,46.23294
880.75,32.88,0.00395,185.98,185.98,10.25,11.312,9.438,8.875,46.26017
882.25,32.93,0.00403,186.0,186.0,10.25,11.312,9.438,8.875,46.29133
884.5,33.02,0.00399,186.02,186.02,10.25,11.312,9.438,8.875,46.31856
884.02,33.0,0.00392,186.04,186.04,10.25,11.312,9.438,8.875,46.34579
883.37,32.97,0.00403,186.06,186.06,10.25,11.312,9.438,8.875,46.37302
884.77,33.03,0.00373,186.08,186.08,10.25,11.312,9.438,8.875,46.40025
885.38,33.05,0.00407,186.1,186.1,10.25,11.312,9.438,8.875,46.42748
884.63,33.02,0.00399,186.12,186.12,10.25,10.875,9.438,8.875,46.45471
884.39,33.01,0.00274,186.14,186.14,10.25,10.875,9.438,8.875,46.48194
886.51,33.09,0.00342,186.16,186.16,10.25,10.875,9.438,8.875,46.50917
887.63,33.13,0.00403,186.18,186.18,10.25,10.875,9.438,9.25,46.53712
887.77,33.14,0.00323,186.2,186.2,10.25,10.875,9.438,9.25,46.56435
887.87,33.14,0.00407,186.22,186.22,10.25,10.875,9.438,9.25,46.59158
887.63,33.13,0.00403,186.24,186.24,10.25,10.875,9.438,9.25,46.61881
890.39,33.24,0.00232,186.26,186.26,10.25,10.875,9.438,9.25,46.64604
889.88,33.22,0.00403,186.28,186.28,10.25,10.875,9.438,9.25,46.67327
887.77,33.14,0.0038,186.3,186.3,10.25,10.875,9.438,9.25,46.7005
890.26,33.23,0.00407,186.32,186.32,10.25,10.875,9.438,9.25,46.72773
890.63,33.24,0.00403,186.34,186.34,10.25,10.875,9.375,9.25,46.75496
892.37,33.31,0.00331,186.36,186.36,10.25,11.25,9.375,9.25,46.78219
889.51,33.2,0.00411,186.38,186.38,10.25,11.25,9.375,9.25,46.80942
892.62,33.32,0.00407,186.4,186.4,10.25,11.25,9.375,9.25,46.83665
892.37,33.31,0.00392,186.42,186.42,10.25,11.25,9.375,8.812,46.86388
892.88,33.33,0.00411,186.44,186.44,10.25,11.25,9.375,8.812,46.89111
893.26,33.34,0.00411,186.46,186.46,10.1875,11.25,9.375,8.812,46.91908
892.75,33.32,0.00407,186.48,186.48,10.1875,11.25,9.375,8.812,46.94631
893.37,33.35,0.00407,186.5,186.5,10.1875,11.25,9.375,8.812,46.97354
895.0,33.41,0.00411,186.52,186.52,10.1875,11.25,9.375,8.812,47.00077
894.63,33.39,0.00224,186.54,186.54,10.1875,11.25,9.375,8.812,47.02839
896.37,33.46,0.00411,186.56,186.56,10.1875,11.25,9.375,8.812,47.05569
896.5,33.46,0.00411,186.58,186.58,10.1875,11.25,9.438,8.812,47.08292
897.01,33.48,0.00411,186.6,186.6,10.1875,11.25,9.438,8.812,47.11015
896.74,33.47,0.00411,186.62,186.62,10.1875,11.25,9.438,8.812,47.13738
897.01,33.48,0.00338,186.64,186.64,10.1875,11.25,9.438,8.812,47.16461
903.01,33.71,0.00415,184.66,184.66,10.25,11.25,9.438,8.812,47.92331
902.5,33.69,0.00392,184.68,184.68,10.25,11.25,9.438,8.812,47.95054
903.73,33.73,0.00418,184.7,184.7,10.25,11.25,9.438,8.812,47.97819
901.89,33.66,0.00411,184.72,184.72,10.25,11.25,9.438,8.812,48.00645
903.36,33.72,0.00418,184.74,184.74,10.25,11.25,9.438,8.812,48.03368
903.01,33.71,0.00418,184.76,184.76,10.25,11.25,9.438,8.812,48.06091
902.13,33.67,0.00415,184.78,184.78,10.25,11.25,9.438,8.812,48.08814
903.12,33.71,0.00319,184.8,184.8,10.25,11.25,9.438,8.812,48.11537
904.75,33.77,0.00411,184.82,184.82,10.25,11.25,9.375,8.812,48.1426
902.64,33.69,0.00415,184.84,184.84,10.25,11.25,9.375,8.812,48.16982
905.37,33.8,0.00342,184.86,184.86,10.25,11.25,9.375,8.812,48.19705
903.63,33.73,0.00418,184.88,184.88,10.25,11.25,9.375,9.125,48.22428
903.01,33.71,0.00403,184.9,184.9,10.25,11.25,9.375,9.125,48.25151
905.5,33.8,0.00418,184.92,184.92,10.25,11.25,9.375,9.125,48.27874
904.48,33.76,0.00418,184.94,184.94,10.1875,11.25,9.375,9.125,48.30597
904.48,33.76,0.00247,184.96,184.96,10.1875,11.25,9.375,9.125,48.3332
904.75,33.77,0.00418,184.98,184.98,10.1875,11.25,9.375,9.125,48.36043
904.75,33.77,0.00418,185.0,185.0,10.1875,11.25,9.375,9.125,48.38766
906.63,33.84,0.00205,185.02,185.02,10.1875,11.25,9.375,9.125,48.41489
907.11,33.86,0.00415,185.04,185.04,10.1875,11.25,9.375,9.125,48.44341
906.73,33.85,0.00415,185.06,185.06,10.1875,11.25,9.438,9.125,48.47064
907.0,33.86,0.00232,185.08,185.08,10.1875,10.875,9.438,9.125,48.49787
909.25,33.94,0.00418,185.1,185.1,10.1875,10.875,9.438,9.125,48.5251
907.0,33.86,0.00415,185.12,185.12,10.1875,10.875,9.438,8.812,48.55234
908.37,33.91,0.00164,185.14,185.14,10.1875,10.875,9.438,8.812,48.58025
908.37,33.91,0.00418,185.16,185.16,10.1875,10.875,9.438,8.812,48.60748
909.73,33.96,0.00399,185.18,185.18,10.25,10.875,9.438,8.812,48.63471
910.38,33.98,0.00418,185.2,185.2,10.25,10.875,9.438,8.812,48.66194
910.11,33.97,0.00418,185.22,185.22,10.25,10.875,9.438,8.812,48.68916
913.38,34.09,0.00418,185.24,185.24,10.25,10.875,9.438,8.812,48.71639
912.63,34.07,0.00418,185.26,185.26,10.25,10.875,9.438,8.812,48.74558
912.25,34.05,0.00418,185.28,185.28,10.25,10.875,9.438,8.812,48.7753
913.49,34.1,0.00418,185.3,185.3,10.25,10.875,9.375,8.812,48.80253
913.0,34.08,0.00312,185.32,185.32,10.25,11.312,9.375,8.812,48.83132
916.0,34.19,0.00418,185.34,185.34,10.25,11.312,9.375,8.812,48.85855
916.0,34.19,0.00418,185.36,185.36,10.25,11.312,9.375,8.75,48.88578
917.1,34.23,0.00205,185.38,185.38,10.25,11.312,9.375,8.75,48.91325
916.0,34.19,0.00418,185.4,185.4,10.25,11.312,9.375,8.75,48.94048
918.23,34.27,0.00418,185.42,185.42,10.25,11.312,9.375,8.75,48.9689
918.98,34.3,0.00373,185.44,185.44,10.25,11.312,9.375,8.75,48.99868
919.62,34.33,0.00418,185.46,185.46,10.25,11.312,9.375,8.75,49.02591
919.73,34.33,0.00418,185.48,185.48,10.25,11.312,9.375,8.75,49.05314
919.49,34.32,0.00418,185.5,185.5,10.25,11.312,9.375,8.75,49.08037
920.1,34.34,0.00418,185.52,185.52,10.25,11.312,9.375,8.75,49.1076
920.0,34.34,0.00407,185.54,185.54,10.25,11.312,9.438,8.75,49.13483
920.37,34.35,0.00426,185.56,185.56,10.25,11.312,9.438,8.75,49.16206
922.49,34.43,0.00426,185.58,185.58,10.25,11.312,9.438,8.75,49.18929
921.23,34.39,0.00399,185.6,185.6,10.25,11.312,9.438,8.812,49.21652
922.49,34.43,0.0043,185.62,185.62,10.25,11.312,9.438,8.812,49.24375
924.23,34.5,0.00426,185.64,185.64,10.25,11.312,9.438,8.812,49.27098
922.49,34.43,0.00338,185.66,185.66,10.25,11.312,9.438,8.812,49.29821
924.23,34.5,0.00422,185.68,185.68,10.25,11.312,9.438,8.812,49.32544
924.87,34.52,0.00426,185.7,185.7,10.25,11.312,9.438,8.812,49.35267
926.61,34.59,0.00426,185.72,185.72,10.25,11.312,9.438,8.812,49.3799
927.74,34.63,0.00426,185.74,185.74,10.25,11.312,9.438,8.812,49.40713
927.6,34.62,0.00411,185.76,185.76,10.25,11.312,9.438,8.812,49.43436
927.74,34.63,0.00426,185.78,185.78,10.25,11.312,9.438,8.812,49.46159
927.6,34.62,0.00426,185.8,185.8,10.25,11.25,9.438,8.812,49.48882
928.25,34.65,0.00422,185.82,185.82,10.25,11.25,9.438,8.812,49.51709
929.72,34.7,0.0043,185.84,185.84,10.25,11.25,9.438,9.188,49.54432
929.0,34.68,0.00426,185.86,185.86,10.25,11.25,9.438,9.188,49.57233
929.35,34.69,0.00361,185.88,185.88,10.25,11.25,9.438,9.188,49.59956
929.72,34.7,0.00426,185.9,185.9,10.1875,11.25,9.438,9.188,49.62679
929.99,34.71,0.00426,185.92,185.92,10.1875,11.25,9.438,9.188,49.65402
931.6,34.77,0.00293,185.94,185.94,10.1875,11.25,9.438,9.188,49.68219
929.85,34.71,0.00426,185.96,185.96,10.1875,11.25,9.438,9.188,49.70942
931.35,34.77,0.0043,185.98,185.98,10.1875,11.25,9.438,9.188,49.73667
933.36,34.84,0.00354,186.0,186.0,10.1875,11.25,9.438,9.188,49.7639
934.35,34.88,0.00426,186.02,186.02,10.1875,11.25,9.438,9.188,49.79138
932.72,34.82,0.00426,186.04,186.04,10.1875,11.312,9.438,9.188,49.81929
934.86,34.9,0.00415,186.06,186.06,10.1875,11.312,9.438,9.125,49.84652
934.49,34.88,0.00434,186.08,186.08,10.1875,11.312,9.438,9.125,49.8756
935.35,34.91,0.00434,186.1,186.1,10.1875,11.312,9.438,9.125,49.90283
935.61,34.92,0.00388,186.12,186.12,10.1875,11.312,9.438,9.125,49.93005
935.1,34.91,0.0043,186.14,186.14,10.25,11.312,9.438,9.125,49.95728
936.98,34.98,0.00422,186.16,186.16,10.25,11.312,9.438,9.125,49.98451
936.98,34.98,0.00434,186.18,186.18,10.25,11.312,9.438,9.125,50.01174
936.1,34.94,0.0043,186.2,186.2,10.25,11.312,9.438,9.125,50.03897
937.49,34.99,0.00335,186.22,186.22,10.25,11.312,9.438,9.125,50.0662
938.72,35.04,0.00422,186.24,186.24,10.25,11.312,9.438,9.125,50.09343
938.35,35.03,0.00426,186.26,186.26,10.25,11.312,9.438,9.125,50.12066
938.86,35.05,0.00308,186.28,186.28,10.25,11.25,9.438,9.125,50.14804
939.47,35.07,0.0043,186.3,186.3,10.25,11.25,9.438,8.875,50.17528
940.86,35.12,0.00426,186.32,186.32,10.25,11.25,9.438,8.875,50.20251
941.72,35.15,0.00243,186.34,186.34,10.25,11.25,9.438,8.875,50.22974
941.48,35.14,0.0043,186.36,186.36,10.25,11.25,9.438,8.875,50.25931
942.85,35.19,0.00434,186.38,186.38,10.25,11.25,9.438,8.875,50.28654
941.99,35.16,0.0043,186.4,186.4,10.25,11.25,9.438,8.875,50.31377
944.11,35.24,0.00437,186.42,186.42,10.25,11.25,9.438,8.875,50.341
944.11,35.24,0.00434,186.44,186.44,10.25,11.25,9.438,8.875,50.37131
944.86,35.27,0.00437,186.46,186.46,10.25,11.25,9.438,8.875,50.39934
945.85,35.31,0.00426,186.48,186.48,10.25,11.25,9.438,8.875,50.42789
945.85,35.31,0.00434,186.5,186.5,10.25,11.25,9.375,8.875,50.45529
945.23,35.28,0.00434,186.52,186.52,10.25,11.312,9.375,8.875,50.48454
947.48,35.37,0.00437,186.54,186.54,10.25,11.312,9.375,8.75,50.51177
947.59,35.37,0.00434,186.56,186.56,10.25,11.312,9.375,8.75,50.539
947.35,35.36,0.00316,186.58,186.58,10.25,11.312,9.375,8.75,50.56623
947.86,35.38,0.0043,186.6,186.6,10.25,11.312,9.375,8.75,50.59346
949.22,35.43,0.00434,186.62,186.62,10.25,11.312,9.375,8.75,50.62069
950.11,35.47,0.00281,186.64,186.64,10.25,11.312,9.375,8.75,50.64792
954.47,35.63,0.00445,184.66,184.66,10.25,11.25,9.375,8.875,50.93916
952.97,35.57,0.00434,184.68,184.68,10.25,11.25,9.375,8.875,50.96729
953.59,35.59,0.00445,184.7,184.7,10.25,11.25,9.375,8.875,50.99452
954.72,35.64,0.00437,184.72,184.72,10.25,11.25,9.375,8.875,51.02175
954.34,35.62,0.00243,184.74,184.74,10.25,11.25,9.375,8.875,51.04898
955.97,35.68,0.00441,184.76,184.76,10.25,11.25,9.375,8.875,51.07669
956.59,35.71,0.00441,184.78,184.78,10.25,11.25,9.375,8.875,51.10552
955.09,35.65,0.00441,184.8,184.8,10.25,11.25,9.375,8.875,51.13589
954.85,35.64,0.0043,184.82,184.82,10.25,11.25,9.375,8.875,51.16312
954.72,35.64,0.00441,184.84,184.84,10.25,11.25,9.375,8.75,51.19035
955.84,35.68,0.00395,184.86,184.86,10.25,11.25,9.375,8.75,51.21758
956.46,35.7,0.00441,184.88,184.88,10.25,11.25,9.375,8.75,51.24481
955.71,35.67,0.00441,184.9,184.9,10.25,11.25,9.375,8.75,51.27204
956.83,35.72,0.00293,184.92,184.92,10.25,11.25,9.375,8.75,51.29927
957.58,35.74,0.00441,184.94,184.94,10.25,11.25,9.375,8.75,51.3268
957.58,35.74,0.00445,184.96,184.96,10.25,11.25,9.375,8.75,51.35403
957.58,35.74,0.00319,184.98,184.98,10.25,11.25,9.375,8.75,51.38126
957.34,35.73,0.00441,185.0,185.0,10.25,11.25,9.375,8.75,51.40848
960.21,35.84,0.00434,185.02,185.02,10.25,11.25,9.375,8.75,51.43571
960.21,35.84,0.00437,185.04,185.04,10.25,11.25,9.438,8.75,51.46294
959.72,35.82,0.00437,185.06,185.06,10.25,10.875,9.438,8.75,51.49017
958.97,35.8,0.00422,185.08,185.08,10.25,10.875,9.438,8.812,51.5174
960.48,35.85,0.00449,185.1,185.1,10.25,10.875,9.438,8.812,51.5451
960.96,35.87,0.00441,185.12,185.12,10.25,10.875,9.438,8.812,51.57233
962.46,35.93,0.00395,185.14,185.14,10.25,10.875,9.438,8.812,51.59975
961.09,35.88,0.00445,185.16,185.16,10.25,10.875,9.438,8.812,51.62698
962.59,35.93,0.00445,185.18,185.18,10.25,10.875,9.438,8.812,51.65421
962.35,35.92,0.00274,185.2,185.2,10.25,10.875,9.438,8.812,51.68144
964.6,36.01,0.00445,185.22,185.22,10.25,10.875,9.438,8.812,51.70868
962.73,35.94,0.00445,185.24,185.24,10.25,10.875,9.438,8.812,51.73591
965.73,36.05,0.00266,185.26,185.26,10.25,10.875,9.438,8.812,51.76327
965.35,36.03,0.00441,185.28,185.28,10.25,10.875,9.375,8.812,51.7905
964.84,36.02,0.00395,185.3,185.3,10.25,11.312,9.375,8.812,51.81773
964.98,36.02,0.00449,185.32,185.32,10.25,11.312,9.375,8.812,51.84496
967.09,36.1,0.00445,185.34,185.34,10.25,11.312,9.375,8.812,51.8722
967.71,36.12,0.00266,185.36,185.36,10.25,11.312,9.375,8.812,51.89943
969.07,36.17,0.00445,185.38,185.38,10.25,11.312,9.375,8.812,51.92666
968.08,36.14,0.00453,185.4,185.4,10.25,11.312,9.375,8.812,51.95389
968.08,36.14,0.00338,185.42,185.42,10.25,11.312,9.375,8.812,51.98169
968.83,36.16,0.00449,185.44,185.44,10.25,11.312,9.375,8.812,52.00892
968.59,36.16,0.00445,185.46,185.46,10.25,11.312,9.375,8.812,52.03615
969.21,36.18,0.00441,185.48,185.48,10.25,11.312,9.375,8.812,52.06342
971.83,36.28,0.00449,185.5,185.5,10.25,11.312,9.375,8.812,52.09065
972.08,36.28,0.00399,185.52,185.52,10.25,11.312,9.438,8.812,52.11788
973.95,36.35,0.00456,185.54,185.54,10.25,11.25,9.438,8.812,52.14512
971.46,36.26,0.00449,185.56,185.56,10.25,11.25,9.438,8.812,52.17236
974.08,36.36,0.00399,185.58,185.58,10.25,11.25,9.438,8.812,52.19959
973.09,36.32,0.00449,185.6,185.6,10.25,11.25,9.438,8.812,52.22682
973.58,36.34,0.00453,185.62,185.62,10.25,11.25,9.438,8.812,52.25405
974.33,36.37,0.0038,185.64,185.64,10.25,11.25,9.438,8.812,52.28134
976.47,36.45,0.00449,185.66,185.66,10.25,11.25,9.438,8.812,52.30857
975.34,36.41,0.00449,185.68,185.68,10.25,11.25,9.438,8.812,52.3358
976.47,36.45,0.00453,185.7,185.7,10.25,11.25,9.438,8.812,52.36303
977.22,36.48,0.00449,185.72,185.72,10.25,11.25,9.438,8.812,52.39026
976.33,36.44,0.00399,185.74,185.74,10.25,11.25,9.438,8.812,52.41749
978.59,36.53,0.00453,185.76,185.76,10.25,11.25,9.375,8.812,52.44472
978.96,36.54,0.00456,185.78,185.78,10.25,10.938,9.375,8.812,52.47195
979.71,36.57,0.00236,185.8,185.8,10.25,10.938,9.375,8.812,52.49918
978.59,36.53,0.00449,185.82,185.82,10.25,10.938,9.375,8.812,52.52641
980.46,36.6,0.00449,185.84,185.84,10.25,10.938,9.375,8.812,52.55364
980.94,36.62,0.00437,185.86,185.86,10.25,10.938,9.375,8.812,52.58087
981.32,36.63,0.00449,185.88,185.88,10.25,10.938,9.375,8.812,52.60871
983.46,36.71,0.00453,185.9,185.9,10.25,10.938,9.375,8.812,52.63594
981.59,36.64,0.00445,185.92,185.92,10.25,10.938,9.375,8.812,52.66317
982.2,36.66,0.00449,185.94,185.94,10.25,10.938,9.375,8.812,52.6904
983.7,36.72,0.00388,185.96,185.96,10.25,10.938,9.375,8.812,52.71763
983.33,36.7,0.00456,185.98,185.98,10.25,10.938,9.375,8.812,52.74486
985.07,36.77,0.00456,186.0,186.0,10.25,10.938,9.375,8.812,52.77209
985.34,36.78,0.00395,186.02,186.02,10.25,11.312,9.375,8.812,52.79932
984.83,36.76,0.00456,186.04,186.04,10.25,11.312,9.375,8.75,52.82655
985.07,36.77,0.0046,186.06,186.06,10.25,11.312,9.375,8.75,52.85377
987.45,36.86,0.00449,186.08,186.08,10.25,11.312,9.375,8.75,52.881
985.95,36.8,0.00456,186.1,186.1,10.25,11.312,9.375,8.75,52.90823
987.69,36.87,0.00449,186.12,186.12,10.25,11.312,9.375,8.75,52.93546
988.34,36.89,0.00456,186.14,186.14,10.25,11.312,9.375,8.75,52.96269
988.71,36.91,0.00456,186.16,186.16,10.25,11.312,9.375,8.75,52.98992
988.95,36.91,0.00395,186.18,186.18,10.25,11.312,9.375,8.75,53.01714
990.69,36.98,0.00456,186.2,186.2,10.25,11.312,9.375,8.75,53.04437
991.71,37.02,0.00456,186.22,186.22,10.25,11.312,9.375,8.75,53.0716
991.2,37.0,0.00247,186.24,186.24,10.25,11.312,9.438,8.75,53.09883
992.19,37.04,0.00456,186.26,186.26,10.25,11.25,9.438,8.75,53.12606
993.59,37.09,0.0046,186.28,186.28,10.25,11.25,9.438,8.812,53.15329
991.71,37.02,0.00449,186.3,186.3,10.25,11.25,9.438,8.812,53.18051
993.32,37.08,0.00456,186.32,186.32,10.25,11.25,9.438,8.812,53.20774
994.31,37.12,0.0043,186.34,186.34,10.25,11.25,9.438,8.812,53.23497
994.44,37.12,0.00456,186.36,186.36,10.25,11.25,9.438,8.812,53.2622
994.44,37.12,0.00456,186.38,186.38,10.25,11.25,9.438,8.812,53.28943
995.95,37.18,0.00236,186.4,186.4,10.25,11.25,9.438,8.812,53.31665
996.94,37.21,0.00456,186.42,186.42,10.25,11.25,9.438,8.812,53.34388
996.19,37.19,0.0046,186.44,186.44,10.25,11.25,9.438,8.812,53.37111
998.7,37.28,0.00399,186.46,186.46,10.25,11.25,9.438,8.812,53.39834
999.45,37.31,0.0046,186.48,186.48,10.25,11.25,9.375,8.812,53.42556
999.7,37.32,0.00464,186.5,186.5,10.25,11.25,9.375,8.812,53.45279
999.56,37.31,0.00464,186.52,186.52,10.25,11.25,9.375,8.812,53.48002
1000.95,37.36,0.00456,186.54,186.54,10.25,11.25,9.375,8.812,53.50725
999.7,37.32,0.00422,186.56,186.56,10.25,11.25,9.375,8.812,53.53448
1001.7,37.39,0.00472,186.58,186.58,10.25,11.25,9.375,8.812,53.5617
1001.81,37.4,0.00468,186.6,186.6,10.25,11.25,9.375,8.812,53.58893
1003.21,37.45,0.00342,186.62,186.62,10.25,11.25,9.375,8.812,53.61616
1001.57,37.39,0.0046,186.64,186.64,10.25,11.25,9.375,8.812,53.64339
1005.94,37.55,0.00472,184.66,184.66,10.25,11.25,9.375,8.812,53.98746
1007.57,37.61,0.00456,184.68,184.68,10.25,11.25,9.375,8.812,54.01528
1006.69,37.58,0.00335,184.7,184.7,10.25,11.25,9.375,8.812,54.04791
1004.81,37.51,0.00479,184.72,184.72,10.25,11.25,9.375,8.812,54.07963
1005.46,37.53,0.00464,184.74,184.74,10.25,11.25,9.438,8.812,54.10686
1004.95,37.51,0.00472,184.76,184.76,10.25,10.875,9.438,8.812,54.13409
1003.45,37.46,0.0046,184.78,184.78,10.25,10.875,9.438,8.75,54.16395
1004.06,37.48,0.00468,184.8,184.8,10.25,10.875,9.438,8.75,54.19118
1003.69,37.47,0.00498,184.82,184.82,10.25,10.875,9.438,8.75,54.2184
1005.7,37.54,0.00472,184.84,184.84,10.25,10.875,9.438,8.75,54.24563
1004.33,37.49,0.00472,184.86,184.86,10.25,10.875,9.438,8.75,54.27286
1006.07,37.55,0.00415,184.88,184.88,10.25,10.875,9.438,8.75,54.30009
1004.44,37.49,0.00468,184.9,184.9,10.25,10.875,9.438,8.75,54.32732
1004.57,37.5,0.00472,184.92,184.92,10.25,10.875,9.438,8.75,54.35455
1004.57,37.5,0.0046,184.94,184.94,10.25,10.875,9.438,8.75,54.38178
1005.46,37.53,0.00472,184.96,184.96,10.25,10.875,9.438,8.75,54.41129
1004.2,37.48,0.00464,184.98,184.98,10.25,10.875,9.438,8.75,54.43852
1005.83,37.55,0.00087,185.0,185.0,10.25,11.312,9.438,8.75,54.46575
1006.82,37.58,0.00521,185.02,185.02,10.25,11.312,9.438,8.812,54.49531
1005.08,37.52,0.00472,185.04,185.04,10.25,11.312,9.438,8.812,54.5233
1008.56,37.65,0.00464,185.06,185.06,10.25,11.312,9.438,8.812,54.55224
1006.93,37.59,0.00479,185.08,185.08,10.25,11.312,9.438,8.812,54.58772
1008.43,37.64,0.0046,185.1,185.1,10.25,11.312,9.438,8.812,54.6193
1009.55,37.68,0.0046,185.12,185.12,10.25,11.312,9.438,8.812,54.64653
1010.81,37.73,0.00472,185.14,185.14,10.25,11.312,9.438,8.812,54.67532
1009.93,37.7,0.0046,185.16,185.16,10.25,11.312,9.438,8.812,54.70339
1010.44,37.72,0.0038,185.18,185.18,10.25,11.312,9.438,8.812,54.73062
1011.19,37.74,0.00475,185.2,185.2,10.25,11.312,9.438,8.812,54.75921
1011.32,37.75,0.00464,185.22,185.22,10.25,11.312,9.438,8.812,54.78644
1010.95,37.74,0.00289,185.24,185.24,10.25,10.938,9.438,8.812,54.81531
1012.55,37.8,0.00475,185.26,185.26,10.25,10.938,9.438,8.812,54.84465
1014.19,37.86,0.0046,185.28,185.28,10.25,10.938,9.438,8.812,54.87248
1015.45,37.9,0.0046,185.3,185.3,10.25,10.938,9.438,8.812,54.90432
1013.68,37.84,0.00464,185.32,185.32,10.25,10.938,9.438,8.812,54.93931
1015.69,37.91,0.00274,185.34,185.34,10.25,10.938,9.438,8.812,54.96653
1015.56,37.91,0.00468,185.36,185.36,10.25,10.938,9.438,8.812,54.9953
1015.69,37.91,0.00472,185.38,185.38,10.25,10.938,9.438,8.812,55.02253
1018.56,38.02,0.0046,185.4,185.4,10.25,10.938,9.438,8.812,55.04981
1016.95,37.96,0.00483,185.42,185.42,10.25,10.938,9.438,8.812,55.07806
1019.81,38.07,0.00464,185.44,185.44,10.25,10.938,9.438,8.812,55.10528
1018.31,38.01,0.0038,185.46,185.46,10.25,11.25,9.438,8.812,55.13251
1018.93,38.03,0.00475,185.48,185.48,10.25,11.25,9.438,8.812,55.15974
1019.81,38.07,0.00475,185.5,185.5,10.25,11.25,9.438,8.812,55.18697
1022.55,38.17,0.00468,185.52,185.52,10.25,11.25,9.438,8.812,55.2142
1024.18,38.23,0.00483,185.54,185.54,10.25,11.25,9.438,8.812,55.24221
1023.19,38.19,0.00483,185.56,185.56,10.25,11.25,9.438,8.812,55.26944
1022.31,38.16,0.00475,185.58,185.58,10.25,11.25,9.438,8.812,55.29667
1023.3,38.2,0.00479,185.6,185.6,10.25,11.25,9.438,8.812,55.32419
1023.57,38.21,0.00456,185.62,185.62,10.25,11.25,9.438,8.812,55.35142
1025.82,38.29,0.00475,185.64,185.64,10.25,11.25,9.438,8.812,55.37865
1024.56,38.24,0.00479,185.66,185.66,10.25,11.25,9.438,8.812,55.40588
1026.94,38.33,0.00312,185.68,185.68,10.25,11.25,9.375,8.812,55.43311
1026.19,38.3,0.00475,185.7,185.7,10.25,11.312,9.375,8.75,55.46067
1027.05,38.34,0.00475,185.72,185.72,10.25,11.312,9.375,8.75,55.4879
1028.07,38.38,0.00441,185.74,185.74,10.25,11.312,9.375,8.75,55.51513
1027.8,38.37,0.00475,185.76,185.76,10.25,11.312,9.375,8.75,55.54551
1029.43,38.43,0.00479,185.78,185.78,10.25,11.312,9.375,8.75,55.57274
1027.56,38.36,0.00319,185.8,185.8,10.25,11.312,9.375,8.75,55.59997
1029.67,38.44,0.00483,185.82,185.82,10.25,11.312,9.375,8.75,55.6272
1030.42,38.46,0.00483,185.84,185.84,10.25,11.312,9.375,8.75,55.65443
1029.67,38.44,0.00453,185.86,185.86,10.25,11.312,9.375,8.75,55.68166
1029.94,38.45,0.00483,185.88,185.88,10.25,11.312,9.375,8.75,55.70889
1032.43,38.54,0.00472,185.9,185.9,10.25,11.312,9.375,8.75,55.73612
1032.92,38.56,0.00483,185.92,185.92,10.25,11.312,9.438,8.75,55.76335
1032.06,38.52,0.00479,185.94,185.94,10.25,11.312,9.438,8.812,55.79058
1032.3,38.53,0.0046,185.96,185.96,10.25,11.312,9.438,8.812,55.81781
1034.79,38.63,0.00483,185.98,185.98,10.25,11.312,9.438,8.812,55.84504
1032.43,38.54,0.00483,186.0,186.0,10.25,11.312,9.438,8.812,55.87227
1034.55,38.62,0.00293,186.02,186.02,10.25,11.312,9.438,8.812,55.8995
1035.17,38.64,0.00479,186.04,186.04,10.25,11.312,9.438,8.812,55.92672
1034.68,38.62,0.00491,186.06,186.06,10.25,11.312,9.438,8.812,55.95395
1034.68,38.62,0.00464,186.08,186.08,10.25,11.312,9.438,8.812,55.98118
1036.93,38.71,0.00483,186.1,186.1,10.25,11.312,9.438,8.812,56.00841
1036.93,38.71,0.00468,186.12,186.12,10.25,11.312,9.438,8.812,56.03564
1037.04,38.71,0.00483,186.14,186.14,10.25,11.312,9.438,8.812,56.06287
1037.79,38.74,0.00483,186.16,186.16,10.25,11.312,9.375,8.812,56.0901
1038.92,38.78,0.00376,186.18,186.18,10.25,10.875,9.375,8.75,56.11733
1038.06,38.75,0.00483,186.2,186.2,10.25,10.875,9.375,8.75,56.14456
1038.81,38.78,0.00487,186.22,186.22,10.25,10.875,9.375,8.75,56.17179
1039.67,38.81,0.00392,186.24,186.24,10.25,10.875,9.375,8.75,56.19902
1038.43,38.76,0.00483,186.26,186.26,10.25,10.875,9.375,8.75,56.22625
1040.42,38.84,0.00483,186.28,186.28,10.25,10.875,9.375,8.75,56.2535
1041.17,38.86,0.00464,186.3,186.3,10.25,10.875,9.375,8.75,56.28073
1041.06,38.86,0.00491,186.32,186.32,10.25,10.875,9.375,8.75,56.30795
1040.93,38.85,0.0046,186.34,186.34,10.25,10.875,9.375,8.75,56.33518
1042.93,38.93,0.00487,186.36,186.36,10.25,10.875,9.375,8.75,56.36242
1044.06,38.97,0.00483,186.38,186.38,10.25,10.875,9.375,8.75,56.38965
1043.79,38.96,0.00236,186.4,186.4,10.25,10.875,9.438,8.75,56.41687
1044.17,38.98,0.00487,186.42,186.42,10.25,10.875,9.438,8.812,56.4441
1046.04,39.05,0.00491,186.44,186.44,10.25,10.875,9.438,8.812,56.47133
1044.54,38.99,0.00441,186.46,186.46,10.25,10.875,9.438,8.812,56.49856
1045.67,39.03,0.00487,186.48,186.48,10.25,10.875,9.438,8.812,56.52579
1046.28,39.05,0.00475,186.5,186.5,10.25,10.875,9.438,8.812,56.55302
1048.8,39.15,0.00491,186.52,186.52,10.25,10.875,9.438,8.812,56.58025
1046.42,39.06,0.00487,186.54,186.54,10.25,10.875,9.438,8.812,56.60748
1048.8,39.15,0.00475,186.56,186.56,10.1875,10.875,9.438,8.812,56.63471
1049.55,39.18,0.00487,186.58,186.58,10.1875,10.875,9.438,8.812,56.66194
1048.67,39.14,0.00487,186.6,186.6,10.1875,10.875,9.438,8.812,56.68917
1050.03,39.2,0.00456,186.62,186.62,10.1875,10.875,9.438,8.812,56.7164
1052.18,39.27,0.00487,186.64,186.64,10.1875,10.875,9.438,8.812,56.74395
1058.9,39.53,0.00498,184.66,184.66,10.1875,11.312,9.375,9.188,57.14524
1057.43,39.47,0.00491,184.68,184.68,10.1875,11.312,9.375,9.188,57.17247
1057.8,39.48,0.00308,184.7,184.7,10.1875,11.312,9.375,9.188,57.1997
1058.66,39.52,0.00494,184.72,184.72,10.1875,11.312,9.375,9.188,57.22693
1056.79,39.45,0.00498,184.74,184.74,10.1875,11.312,9.375,9.188,57.25416
1057.16,39.46,0.00445,184.76,184.76,10.1875,11.312,9.375,9.188,57.28139
1059.17,39.54,0.00494,184.78,184.78,10.1875,11.312,9.375,9.188,57.30862
1058.04,39.49,0.00498,184.8,184.8,10.1875,11.312,9.375,9.188,57.33585
1057.67,39.48,0.00498,184.82,184.82,10.1875,11.312,9.375,9.188,57.36308
1059.04,39.53,0.00487,184.84,184.84,10.1875,11.312,9.375,9.188,57.39031
1057.54,39.48,0.00453,184.86,184.86,10.1875,11.312,9.375,9.188,57.41754
1059.04,39.53,0.00498,184.88,184.88,10.1875,11.312,9.375,8.812,57.44477
1058.53,39.51,0.00498,184.9,184.9,10.1875,10.938,9.375,8.812,57.472
1058.29,39.5,0.00418,184.92,184.92,10.1875,10.938,9.375,8.812,57.49923
1058.42,39.51,0.00498,184.94,184.94,10.1875,10.938,9.375,8.812,57.52646
1059.92,39.56,0.00491,184.96,184.96,10.1875,10.938,9.375,8.812,57.55369
1060.4,39.58,0.00494,184.98,184.98,10.1875,10.938,9.375,8.812,57.58092
1060.16,39.57,0.00494,185.0,185.0,10.1875,10.938,9.375,8.812,57.60815
1060.78,39.6,0.00468,185.02,185.02,10.1875,10.938,9.375,8.812,57.63537
1062.92,39.68,0.00502,185.04,185.04,10.25,10.938,9.375,8.812,57.6626
1060.91,39.6,0.00494,185.06,185.06,10.25,10.938,9.375,8.812,57.68983
1062.54,39.66,0.00354,185.08,185.08,10.25,10.938,9.375,8.812,57.71706
1063.67,39.7,0.00498,185.1,185.1,10.25,10.938,9.375,8.812,57.74429
1063.54,39.7,0.00502,185.12,185.12,10.25,10.938,9.438,8.812,57.77152
1063.91,39.71,0.0046,185.14,185.14,10.25,10.875,9.438,8.812,57.79875
1066.16,39.8,0.00494,185.16,185.16,10.25,10.875,9.438,8.812,57.82597
1065.41,39.77,0.00487,185.18,185.18,10.25,10.875,9.438,8.812,57.8532
1066.4,39.81,0.00494,185.2,185.2,10.25,10.875,9.438,8.812,57.88043
1067.9,39.86,0.00498,185.22,185.22,10.25,10.875,9.438,8.812,57.90766
1069.16,39.91,0.0043,185.24,185.24,10.25,10.875,9.438,8.812,57.93489
1069.03,39.9,0.00502,185.26,185.26,10.25,10.875,9.438,8.812,57.96211
1069.67,39.93,0.00494,185.28,185.28,10.25,10.875,9.438,8.812,57.98934
1070.8,39.97,0.00403,185.3,185.3,10.25,10.875,9.438,8.812,58.01657
1071.65,40.0,0.00498,185.32,185.32,10.25,10.875,9.438,8.812,58.0438
1071.89,40.01,0.00498,185.34,185.34,10.25,10.875,9.438,8.812,58.07103
1072.54,40.03,0.0043,185.36,185.36,10.25,10.875,9.375,8.75,58.09826
1073.39,40.07,0.00502,185.38,185.38,10.25,11.312,9.375,8.75,58.12549
1071.89,40.01,0.00494,185.4,185.4,10.25,11.312,9.375,8.75,58.15271
1074.15,40.09,0.00502,185.42,185.42,10.25,11.312,9.375,8.75,58.17994
1075.03,40.13,0.00502,185.44,185.44,10.25,11.312,9.375,8.75,58.20717
1074.15,40.09,0.00434,185.46,185.46,10.25,11.312,9.375,8.75,58.2344
1075.65,40.15,0.00498,185.48,185.48,10.25,11.312,9.375,8.75,58.26163
1078.03,40.24,0.00502,185.5,185.5,10.25,11.312,9.375,8.75,58.28885
1075.91,40.16,0.00392,185.52,185.52,10.1875,11.312,9.375,8.75,58.31608
1077.15,40.21,0.00502,185.54,185.54,10.1875,11.312,9.375,8.75,58.34331
1078.16,40.24,0.00498,185.56,185.56,10.1875,11.312,9.375,8.75,58.37054
1078.27,40.25,0.00502,185.58,185.58,10.1875,11.312,9.375,8.75,58.39776
1078.78,40.27,0.00502,185.6,185.6,10.1875,11.312,9.438,8.812,58.42499
1080.66,40.34,0.0046,185.62,185.62,10.1875,11.312,9.438,8.812,58.45222
1079.66,40.3,0.00498,185.64,185.64,10.1875,11.312,9.438,8.812,58.47945
1080.28,40.32,0.00506,185.66,185.66,10.1875,11.312,9.438,8.812,58.50668
1080.66,40.34,0.00384,185.68,185.68,10.1875,11.312,9.438,8.812,58.53391
1082.91,40.42,0.00506,185.7,185.7,10.1875,11.312,9.438,8.812,58.56113
1081.78,40.38,0.0051,185.72,185.72,10.1875,11.312,9.438,8.812,58.58836
1083.15,40.43,0.00498,185.74,185.74,10.1875,11.312,9.438,8.812,58.61559
1084.78,40.49,0.00502,185.76,185.76,10.25,11.312,9.438,8.812,58.64282
1083.52,40.45,0.00502,185.78,185.78,10.25,11.312,9.438,8.812,58.67004
1084.89,40.5,0.0051,185.8,185.8,10.25,11.312,9.438,8.812,58.69727
1086.66,40.56,0.00506,185.82,185.82,10.25,11.312,9.438,8.812,58.7245
1086.01,40.54,0.00479,185.84,185.84,10.25,11.312,9.375,8.75,58.75173
1086.01,40.54,0.00506,185.86,185.86,10.25,11.312,9.375,8.75,58.77896
1088.02,40.61,0.00506,185.88,185.88,10.25,11.312,9.375,8.75,58.80618
1088.53,40.63,0.00449,185.9,185.9,10.25,11.312,9.375,8.75,58.83341
1087.78,40.6,0.00506,185.92,185.92,10.25,11.312,9.375,8.75,58.86064
1088.4,40.63,0.00506,185.94,185.94,10.25,11.312,9.375,8.75,58.88787
1090.03,40.69,0.00494,185.96,185.96,10.25,11.312,9.375,8.75,58.91509
1088.91,40.65,0.0051,185.98,185.98,10.25,11.312,9.375,8.75,58.94232
1090.27,40.7,0.00506,186.0,186.0,10.25,11.312,9.375,8.75,58.96955
1090.78,40.72,0.00506,186.02,186.02,10.25,11.312,9.375,8.75,58.99678
1090.27,40.7,0.0051,186.04,186.04,10.25,11.312,9.375,8.75,59.024
1091.77,40.75,0.00449,186.06,186.06,10.25,11.312,9.375,8.75,59.05123
1093.51,40.82,0.00506,186.08,186.08,10.25,11.312,9.438,8.812,59.07846
1094.53,40.86,0.0051,186.1,186.1,10.25,11.312,9.438,8.812,59.10569
1092.9,40.8,0.00403,186.12,186.12,10.25,11.312,9.438,8.812,59.13291
1092.9,40.8,0.0051,186.14,186.14,10.25,11.312,9.438,8.812,59.16014
1095.76,40.9,0.0051,186.16,186.16,10.25,11.312,9.438,8.812,59.18737
1093.65,40.82,0.00506,186.18,186.18,10.25,11.312,9.438,8.812,59.2146
1095.76,40.9,0.00513,186.2,186.2,10.25,11.312,9.438,8.812,59.24183
1096.03,40.91,0.00468,186.22,186.22,10.25,11.312,9.438,8.812,59.26905
1095.9,40.91,0.00513,186.24,186.24,10.25,11.312,9.438,8.812,59.29628
1096.14,40.92,0.00513,186.26,186.26,10.25,11.312,9.438,8.812,59.32351
1097.77,40.98,0.00346,186.28,186.28,10.25,11.312,9.438,8.812,59.35074
1099.14,41.03,0.00513,186.3,186.3,10.25,11.312,9.438,8.812,59.37796
1097.88,40.98,0.00513,186.32,186.32,10.25,11.312,9.438,9.188,59.40519
1099.01,41.02,0.00494,186.34,186.34,10.25,10.938,9.438,9.188,59.43242
1100.51,41.08,0.00517,186.36,186.36,10.25,10.938,9.438,9.188,59.45965
1100.13,41.06,0.0051,186.38,186.38,10.25,10.938,9.438,9.188,59.48688
1099.76,41.05,0.00513,186.4,186.4,10.25,10.938,9.438,9.188,59.5141
1101.52,41.12,0.0051,186.42,186.42,10.25,10.938,9.438,9.188,59.54133
1100.13,41.06,0.00468,186.44,186.44,10.25,10.938,9.438,9.188,59.56856
1102.01,41.13,0.00517,186.46,186.46,10.25,10.938,9.438,9.188,59.59579
1102.65,41.16,0.00513,186.48,186.48,10.25,10.938,9.438,9.188,59.62301
1103.77,41.2,0.00388,186.5,186.5,10.25,10.938,9.438,9.188,59.65024
1101.63,41.12,0.00517,186.52,186.52,10.25,10.938,9.438,9.188,59.67747
1104.9,41.24,0.00517,186.54,186.54,10.25,10.938,9.438,9.188,59.7047
1105.28,41.26,0.0051,186.56,186.56,10.25,10.938,9.438,8.75,59.73192
1104.52,41.23,0.00513,186.58,186.58,10.25,10.938,9.438,8.75,59.75915
1104.39,41.22,0.00494,186.6,186.6,10.25,10.938,9.438,8.75,59.78638
1106.64,41.31,0.00517,186.62,186.62,10.25,10.938,9.438,8.75,59.81361
1104.9,41.24,0.00513,186.64,186.64,10.25,10.938,9.438,8.75,59.84083
1110.5,41.45,0.00517,184.66,184.66,10.25,10.938,9.438,8.75,60.03752
1108.89,41.39,0.00502,184.68,184.68,10.25,10.938,9.438,8.75,60.06475
1110.26,41.44,0.00521,184.7,184.7,10.25,10.938,9.438,9.188,60.09198
1110.12,41.44,0.00468,184.72,184.72,10.25,10.938,9.438,9.188,60.1192
1110.26,41.44,0.00521,184.74,184.74,10.25,10.938,9.438,9.188,60.14643
1109.78,41.42,0.00521,184.76,184.76,10.25,10.938,9.438,9.188,60.17366
1112.75,41.54,0.00312,184.78,184.78,10.25,10.938,9.438,9.188,60.20089
1111.14,41.48,0.00521,184.8,184.8,10.25,10.938,9.438,9.188,60.22812
1111.76,41.5,0.00517,184.82,184.82,10.25,10.938,9.438,9.188,60.25534
1112.37,41.52,0.00521,184.84,184.84,10.25,10.938,9.438,9.188,60.28257
1114.14,41.59,0.00521,184.86,184.86,10.25,10.938,9.438,9.188,60.3098
1112.13,41.51,0.00517,184.88,184.88,10.25,10.938,9.438,9.188,60.33703
1113.77,41.57,0.00517,184.9,184.9,10.25,10.938,9.438,9.188,60.36426
1114.76,41.61,0.00521,184.92,184.92,10.25,10.938,9.438,9.188,60.39148
1114.14,41.59,0.00468,184.94,184.94,10.25,10.938,9.375,8.75,60.41871
1114.01,41.58,0.00521,184.96,184.96,10.25,10.938,9.375,8.75,60.44594
1116.02,41.66,0.00525,184.98,184.98,10.25,10.938,9.375,8.75,60.47317
1115.27,41.63,0.0038,185.0,185.0,10.25,10.938,9.375,8.75,60.50039
1115.37,41.63,0.00525,185.02,185.02,10.25,10.938,9.375,8.75,60.52762
1116.39,41.67,0.00521,185.04,185.04,10.25,10.938,9.375,8.75,60.55485
1118.64,41.76,0.00513,185.06,185.06,10.25,10.938,9.375,8.75,60.58208
1117.38,41.71,0.00521,185.08,185.08,10.25,10.938,9.375,8.75,60.60931
1117.76,41.72,0.00502,185.1,185.1,10.25,10.938,9.375,8.75,60.63653
1119.13,41.77,0.00525,185.12,185.12,10.25,10.938,9.375,8.75,60.66376
1117.89,41.73,0.00521,185.14,185.14,10.25,10.938,9.375,8.75,60.69099
1119.77,41.8,0.00464,185.16,185.16,10.25,10.938,9.375,8.75,60.71822
1121.38,41.86,0.00521,185.18,185.18,10.25,10.938,9.375,8.75,60.74545
1120.14,41.81,0.00525,185.2,185.2,10.25,10.938,9.375,8.75,60.77267
1120.38,41.82,0.00395,185.22,185.22,10.25,10.938,9.375,8.75,60.7999
1123.01,41.92,0.00521,185.24,185.24,10.25,10.938,9.375,8.75,60.82713
1122.88,41.91,0.00525,185.26,185.26,10.25,10.938,9.375,8.75,60.85436
1122.88,41.91,0.00517,185.28,185.28,10.25,10.938,9.375,8.75,60.88158
1123.39,41.93,0.00529,185.3,185.3,10.25,10.938,9.375,8.75,60.90881
1125.37,42.01,0.00498,185.32,185.32,10.25,10.938,9.375,8.75,60.93604
1123.12,41.92,0.00529,185.34,185.34,10.25,10.938,9.375,8.75,60.96327
1125.37,42.01,0.00521,185.36,185.36,10.25,10.938,9.375,8.75,60.9905
1125.5,42.01,0.00338,185.38,185.38,10.25,10.938,9.375,8.75,61.01772
1126.01,42.03,0.00521,185.4,185.4,10.25,10.938,9.375,8.75,61.04495
1126.12,42.03,0.00529,185.42,185.42,10.25,10.938,9.438,8.75,61.07218
1128.13,42.11,0.00513,185.44,185.44,10.25,11.312,9.438,8.75,61.09941
1128.88,42.14,0.00525,185.46,185.46,10.25,11.312,9.438,8.75,61.12664
1127.62,42.09,0.00532,185.48,185.48,10.25,11.312,9.438,8.75,61.15386
1128.37,42.12,0.00525,185.5,185.5,10.25,11.312,9.438,8.75,61.18109
1130.62,42.2,0.00532,185.52,185.52,10.25,11.312,9.438,8.75,61.20832
1129.25,42.15,0.0051,185.54,185.54,10.25,11.312,9.438,8.75,61.23555
1131.13,42.22,0.00529,185.56,185.56,10.25,11.312,9.438,8.75,61.26277
1131.13,42.22,0.00529,185.58,185.58,10.25,11.312,9.438,8.75,61.29
1131.13,42.22,0.00346,185.6,185.6,10.25,11.312,9.438,8.75,61.31723
1132.25,42.26,0.00529,185.62,185.62,10.25,11.312,9.438,8.75,61.34446
1133.24,42.3,0.00529,185.64,185.64,10.25,11.312,9.438,8.75,61.37169
1134.13,42.33,0.0051,185.66,185.66,10.25,11.312,9.375,8.75,61.39891
1132.76,42.28,0.00532,185.68,185.68,10.25,11.25,9.375,8.75,61.42614
1134.88,42.36,0.00517,185.7,185.7,10.25,11.25,9.375,8.75,61.45337
1135.87,42.4,0.00532,185.72,185.72,10.25,11.25,9.375,8.75,61.4806
1135.87,42.4,0.00532,185.74,185.74,10.25,11.25,9.375,8.75,61.50782
1135.87,42.4,0.00506,185.76,185.76,10.25,11.25,9.375,8.75,61.53505
1136.86,42.44,0.00532,185.78,185.78,10.25,11.25,9.375,8.75,61.56228
1136.86,42.44,0.00532,185.8,185.8,10.25,11.25,9.375,8.75,61.58951
1137.88,42.47,0.00384,185.82,185.82,10.25,11.25,9.375,8.75,61.61673
1138.36,42.49,0.00532,185.84,185.84,10.25,11.25,9.375,8.75,61.64396
1140.61,42.58,0.00532,185.86,185.86,10.25,11.25,9.375,8.75,61.67119
1139.11,42.52,0.00521,185.88,185.88,10.25,11.25,9.375,8.75,61.69842
1141.36,42.6,0.00532,185.9,185.9,10.25,11.25,9.438,9.125,61.72564
1140.88,42.59,0.00521,185.92,185.92,10.25,11.312,9.438,9.125,61.75287
1140.61,42.58,0.00532,185.94,185.94,10.25,11.312,9.438,9.125,61.7801
1143.5,42.68,0.00532,185.96,185.96,10.25,11.312,9.438,9.125,61.80733
1143.24,42.67,0.00285,185.98,185.98,10.25,11.312,9.438,9.125,61.83456
1141.63,42.61,0.00532,186.0,186.0,10.25,11.312,9.438,9.125,61.86178
1142.86,42.66,0.00532,186.02,186.02,10.25,11.312,9.438,9.125,61.88901
1143.5,42.68,0.00517,186.04,186.04,10.25,11.312,9.438,9.125,61.91624
1146.37,42.79,0.00532,186.06,186.06,10.25,11.312,9.438,9.125,61.94347
1144.25,42.71,0.00532,186.08,186.08,10.25,11.312,9.438,9.125,61.97069
1145.11,42.74,0.00536,186.1,186.1,10.25,11.312,9.438,9.125,61.99792
1146.88,42.81,0.0054,186.12,186.12,10.25,11.312,9.438,9.125,62.02515
1146.37,42.79,0.00506,186.14,186.14,10.25,11.312,9.438,8.75,62.05238
1147.36,42.83,0.00536,186.16,186.16,10.25,11.312,9.438,8.75,62.07961
1147.87,42.85,0.00536,186.18,186.18,10.25,11.312,9.438,8.75,62.10683
1147.25,42.82,0.00384,186.2,186.2,10.25,11.312,9.438,8.75,62.13406
1147.74,42.84,0.0054,186.22,186.22,10.25,11.312,9.438,8.75,62.16129
1148.76,42.88,0.00532,186.24,186.24,10.25,11.312,9.438,8.75,62.18852
1148.86,42.88,0.00513,186.26,186.26,10.25,11.312,9.438,8.75,62.21574
1149.85,42.92,0.00536,186.28,186.28,10.25,11.312,9.438,8.75,62.24297
1151.35,42.98,0.00525,186.3,186.3,10.25,11.312,9.438,8.75,62.2702
1152.61,43.02,0.00536,186.32,186.32,10.25,11.312,9.438,8.75,62.29743
1150.87,42.96,0.0054,186.34,186.34,10.25,11.312,9.438,8.75,62.32466
1152.85,43.03,0.0051,186.36,186.36,10.25,11.312,9.438,8.75,62.35188
1153.36,43.05,0.00548,186.38,186.38,10.25,11.312,9.375,8.75,62.37911
1152.85,43.03,0.00544,186.4,186.4,10.25,11.25,9.375,8.75,62.40634
1153.36,43.05,0.00384,186.42,186.42,10.25,11.25,9.375,8.75,62.43357
1155.75,43.14,0.0054,186.44,186.44,10.25,11.25,9.375,8.75,62.46079
1153.36,43.05,0.0054,186.46,186.46,10.25,11.25,9.375,8.75,62.48802
1154.73,43.1,0.00536,186.48,186.48,10.25,11.25,9.375,8.75,62.51525
1155.61,43.14,0.0054,186.5,186.5,10.25,11.25,9.375,8.75,62.54248
1158.37,43.24,0.00532,186.52,186.52,10.25,11.25,9.375,8.75,62.5697
1155.75,43.14,0.0054,186.54,186.54,10.25,11.25,9.375,8.75,62.59693
1157.73,43.22,0.00544,186.56,186.56,10.25,11.25,9.375,8.75,62.62416
1158.75,43.25,0.00418,186.58,186.58,10.25,11.25,9.375,8.75,62.65139
1158.75,43.25,0.0054,186.6,186.6,10.25,11.25,9.375,8.75,62.67862
1159.36,43.28,0.00548,186.62,186.62,10.25,11.25,9.438,8.812,62.70584
1161.11,43.34,0.00513,186.64,186.64,10.25,11.25,9.438,8.812,62.73307
1162.61,43.4,0.00544,184.66,184.66,10.25,11.25,9.438,8.812,62.92553
1163.36,43.42,0.0054,184.68,184.68,10.25,11.25,9.438,8.812,62.95275
1164.48,43.47,0.00544,184.7,184.7,10.25,11.25,9.438,8.812,62.97998
1163.22,43.42,0.00544,184.72,184.72,10.25,11.25,9.438,8.812,63.00721
1163.97,43.45,0.00441,184.74,184.74,10.25,11.25,9.438,8.812,63.03444
1165.85,43.52,0.00548,184.76,184.76,10.25,11.25,9.438,8.75,63.06167
1163.6,43.43,0.00548,184.78,184.78,10.25,11.312,9.438,8.75,63.08889
1165.1,43.49,0.0051,184.8,184.8,10.25,11.312,9.438,8.75,63.11612
1165.47,43.5,0.00544,184.82,184.82,10.25,11.312,9.438,8.75,63.14335
1168.23,43.61,0.00536,184.84,184.84,10.25,11.312,9.438,8.75,63.17058
1165.47,43.5,0.00544,184.86,184.86,10.25,11.312,9.438,8.75,63.1978
1166.87,43.56,0.00548,184.88,184.88,10.25,11.312,9.438,8.75,63.22503
1168.37,43.61,0.00487,184.9,184.9,10.25,11.312,9.438,8.75,63.25226
1167.99,43.6,0.00544,184.92,184.92,10.1875,11.312,9.438,8.75,63.27949
1167.35,43.57,0.00544,184.94,184.94,10.1875,11.312,9.438,8.75,63.30671
1169.36,43.65,0.00483,184.96,184.96,10.1875,11.312,9.438,8.75,63.33394
1169.22,43.64,0.00544,184.98,184.98,10.1875,11.312,9.438,8.75,63.36117
1169.73,43.66,0.00551,185.0,185.0,10.1875,11.312,9.375,8.75,63.3884
1169.6,43.66,0.00544,185.02,185.02,10.1875,11.25,9.375,8.75,63.41562
1171.98,43.75,0.00551,185.04,185.04,10.1875,11.25,9.375,8.75,63.44285
1169.87,43.67,0.00544,185.06,185.06,10.1875,11.25,9.375,8.75,63.47008
1171.74,43.74,0.00551,185.08,185.08,10.1875,11.25,9.375,8.75,63.49731
1172.6,43.77,0.00551,185.1,185.1,10.1875,11.25,9.375,8.75,63.52453
1172.22,43.76,0.0046,185.12,185.12,10.1875,11.25,9.375,8.75,63.55176
1173.72,43.81,0.00555,185.14,185.14,10.1875,11.25,9.375,8.75,63.57899
1174.47,43.84,0.00555,185.16,185.16,10.1875,11.25,9.375,8.75,63.60622
1174.23,43.83,0.00487,185.18,185.18,10.1875,11.25,9.375,8.75,63.63344
1174.37,43.84,0.00551,185.2,185.2,10.1875,11.25,9.375,8.75,63.66067
1176.97,43.93,0.00551,185.22,185.22,10.1875,11.25,9.375,8.75,63.6879
1177.47,43.95,0.00551,185.24,185.24,10.1875,11.25,9.375,8.812,63.71513
1176.21,43.91,0.00551,185.26,185.26,10.1875,11.312,9.375,8.812,63.74236
1176.35,43.91,0.00502,185.28,185.28,10.1875,11.312,9.375,8.812,63.76958
1178.97,44.01,0.00551,185.3,185.3,10.1875,11.312,9.375,8.812,63.79681
1176.59,43.92,0.00555,185.32,185.32,10.1875,11.312,9.375,8.812,63.82404
1178.6,43.99,0.00472,185.34,185.34,10.1875,11.312,9.375,8.812,63.85127
1179.11,44.01,0.00551,185.36,185.36,10.1875,11.312,9.375,8.812,63.87849
1179.86,44.04,0.00548,185.38,185.38,10.1875,11.312,9.375,8.812,63.90572
1179.59,44.03,0.00464,185.4,185.4,10.25,11.312,9.375,8.812,63.93295
1181.47,44.1,0.00548,185.42,185.42,10.25,11.312,9.375,8.812,63.96018
1182.11,44.12,0.00544,185.44,185.44,10.25,11.312,9.375,8.812,63.98741
1181.47,44.1,0.00551,185.46,185.46,10.25,11.312,9.375,8.812,64.01463
1182.35,44.13,0.00548,185.48,185.48,10.25,11.312,9.438,8.75,64.04186
1183.48,44.18,0.0051,185.5,185.5,10.25,11.312,9.438,8.75,64.06909
1182.11,44.12,0.00559,185.52,185.52,10.25,11.312,9.438,8.75,64.09632
1184.73,44.22,0.00551,185.54,185.54,10.25,11.312,9.438,8.75,64.12354
1184.47,44.21,0.00403,185.56,185.56,10.25,11.312,9.438,8.75,64.15077
1184.36,44.21,0.00551,185.58,185.58,10.25,11.312,9.438,8.75,64.178
1184.47,44.21,0.00555,185.6,185.6,10.25,11.312,9.438,8.75,64.20523
1187.98,44.34,0.00555,185.62,185.62,10.25,11.312,9.438,8.75,64.23246
1186.61,44.29,0.00559,185.64,185.64,10.25,11.312,9.438,8.75,64.25968
1186.72,44.3,0.00559,185.66,185.66,10.25,11.312,9.438,8.75,64.28691
1187.98,44.34,0.00567,185.68,185.68,10.25,11.312,9.438,8.75,64.31414
1189.96,44.42,0.00555,185.7,185.7,10.25,11.312,9.438,8.75,64.34136
1188.59,44.37,0.0051,185.72,185.72,10.25,11.312,9.375,9.125,64.36859
1188.73,44.37,0.00563,185.74,185.74,10.25,11.312,9.375,9.125,64.39582
1190.84,44.45,0.00559,185.76,185.76,10.25,11.312,9.375,9.125,64.42305
1189.58,44.4,0.00441,185.78,185.78,10.25,11.312,9.375,9.125,64.45027
1191.35,44.47,0.00559,185.8,185.8,10.25,11.312,9.375,9.125,64.4775
1191.97,44.49,0.00551,185.82,185.82,10.25,11.312,9.375,9.125,64.50473
1193.47,44.55,0.00559,185.84,185.84,10.25,11.312,9.375,9.125,64.53196
1192.48,44.51,0.00559,185.86,185.86,10.25,11.312,9.375,9.125,64.55919
1193.71,44.56,0.0054,185.88,185.88,10.25,11.312,9.375,9.125,64.58641
1193.98,44.57,0.00559,185.9,185.9,10.25,11.312,9.375,9.125,64.61364
1193.71,44.56,0.00555,185.92,185.92,10.25,11.312,9.375,9.125,64.64087
1194.22,44.58,0.00445,185.94,185.94,10.25,11.312,9.375,9.125,64.6681
1196.98,44.68,0.00563,185.96,185.96,10.25,11.312,9.375,8.75,64.69532
1195.1,44.61,0.00563,185.98,185.98,10.25,11.25,9.375,8.75,64.72255
1196.23,44.65,0.00494,186.0,186.0,10.25,11.25,9.375,8.75,64.74978
1196.6,44.67,0.00563,186.02,186.02,10.25,11.25,9.375,8.75,64.77701
1196.47,44.66,0.00555,186.04,186.04,10.25,11.25,9.375,8.75,64.80423
1196.47,44.66,0.00559,186.06,186.06,10.25,11.25,9.375,8.75,64.83146
1198.21,44.73,0.00563,186.08,186.08,10.25,11.25,9.375,8.75,64.85869
1198.96,44.75,0.00532,186.1,186.1,10.25,11.25,9.375,8.75,64.88592
1198.96,44.75,0.00559,186.12,186.12,10.1875,11.25,9.375,8.75,64.91314
1198.72,44.74,0.00559,186.14,186.14,10.1875,11.25,9.375,8.75,64.94037
1200.59,44.81,0.00434,186.16,186.16,10.1875,11.25,9.375,8.75,64.9676
1199.98,44.79,0.00567,186.18,186.18,10.1875,11.25,9.375,8.75,64.99483
1200.35,44.81,0.00567,186.2,186.2,10.1875,11.25,9.438,8.812,65.02205
1201.96,44.87,0.00555,186.22,186.22,10.1875,11.25,9.438,8.812,65.04928
1200.7,44.82,0.00563,186.24,186.24,10.1875,11.25,9.438,8.812,65.07651
1201.34,44.84,0.00563,186.26,186.26,10.1875,11.25,9.438,8.812,65.10374
1203.46,44.92,0.00563,186.28,186.28,10.1875,11.25,9.438,8.812,65.13096
1204.45,44.96,0.00563,186.3,186.3,10.1875,11.25,9.438,8.812,65.15819
1203.22,44.91,0.00506,186.32,186.32,10.1875,11.25,9.438,8.812,65.18542
1204.83,44.97,0.0057,186.34,186.34,10.1875,11.25,9.438,8.812,65.21265
1205.95,45.02,0.0057,186.36,186.36,10.1875,11.25,9.438,8.812,65.23987
1205.09,44.98,0.00449,186.38,186.38,10.1875,11.25,9.438,8.812,65.2671
1205.09,44.98,0.00567,186.4,186.4,10.1875,11.25,9.438,8.812,65.29433
1207.45,45.07,0.00567,186.42,186.42,10.1875,11.25,9.438,8.812,65.32156
1206.22,45.02,0.00563,186.44,186.44,10.1875,11.25,9.375,8.812,65.34879
1207.59,45.08,0.00567,186.46,186.46,10.1875,11.312,9.375,8.812,65.37601
1207.59,45.08,0.00525,186.48,186.48,10.1875,11.312,9.375,8.812,65.40324
1210.72,45.19,0.0057,186.5,186.5,10.1875,11.312,9.375,8.812,65.43047
1207.21,45.06,0.0057,186.52,186.52,10.1875,11.312,9.375,8.812,65.4577
1210.59,45.19,0.00407,186.54,186.54,10.1875,11.312,9.375,8.812,65.48492
1210.35,45.18,0.0057,186.56,186.56,10.1875,11.312,9.375,8.812,65.51215
1210.35,45.18,0.00567,186.58,186.58,10.1875,11.312,9.375,8.812,65.53938
1210.83,45.2,0.00517,186.6,186.6,10.1875,11.312,9.375,8.812,65.56661
1212.7,45.27,0.00567,186.62,186.62,10.1875,11.312,9.375,8.812,65.59383
1210.83,45.2,0.00567,186.64,186.64,10.1875,11.312,9.375,8.812,65.62106
1215.57,45.37,0.00559,184.66,184.66,10.1875,11.312,9.375,8.812,65.82013
1215.19,45.36,0.00574,184.68,184.68,10.1875,11.312,9.375,8.812,65.84736
1214.95,45.35,0.00567,184.7,184.7,10.1875,11.312,9.375,8.812,65.87459
1217.2,45.44,0.00411,184.72,184.72,10.1875,11.312,9.375,8.812,65.90181
1215.09,45.36,0.0057,184.74,184.74,10.1875,11.312,9.375,8.812,65.92904
1216.21,45.4,0.00574,184.76,184.76,10.1875,11.312,9.375,8.812,65.95627
1217.34,45.44,0.0054,184.78,184.78,10.1875,11.312,9.375,8.812,65.9835
1219.32,45.51,0.00567,184.8,184.8,10.1875,11.312,9.438,9.188,66.01073
1216.83,45.42,0.00574,184.82,184.82,10.1875,11.312,9.438,9.188,66.03795
1218.09,45.47,0.00574,184.84,184.84,10.1875,11.312,9.438,9.188,66.06518
1218.46,45.48,0.00574,184.86,184.86,10.1875,11.312,9.438,9.188,66.09241
1218.33,45.48,0.00529,184.88,184.88,10.1875,11.312,9.438,9.188,66.11964
1218.57,45.49,0.00574,184.9,184.9,10.1875,11.312,9.438,9.188,66.14686
1220.45,45.56,0.00567,184.92,184.92,10.1875,11.312,9.438,9.188,66.17409
1219.32,45.51,0.00354,184.94,184.94,10.1875,11.312,9.438,9.188,66.20132
1220.2,45.55,0.0057,184.96,184.96,10.1875,11.312,9.438,9.188,66.2287
1220.82,45.57,0.00574,184.98,184.98,10.25,11.312,9.438,9.188,66.25593
1222.7,45.64,0.00567,185.0,185.0,10.25,11.312,9.438,9.188,66.28315
1222.08,45.62,0.00574,185.02,185.02,10.25,11.312,9.438,9.188,66.31038
1222.83,45.65,0.00578,185.04,185.04,10.25,11.312,9.375,8.75,66.33761
1224.46,45.71,0.00574,185.06,185.06,10.25,11.312,9.375,8.75,66.36484
1224.46,45.71,0.00574,185.08,185.08,10.25,11.312,9.375,8.75,66.39206
1224.09,45.69,0.00559,185.1,185.1,10.25,11.312,9.375,8.75,66.41929
1224.33,45.7,0.00574,185.12,185.12,10.25,11.312,9.375,8.75,66.44652
1226.34,45.78,0.00586,185.14,185.14,10.25,11.312,9.375,8.75,66.47375
1224.46,45.71,0.00403,185.16,185.16,10.25,11.312,9.375,8.75,66.50097
1226.82,45.79,0.00574,185.18,185.18,10.25,11.312,9.375,8.75,66.5282
1227.33,45.81,0.00578,185.2,185.2,10.25,11.312,9.375,8.75,66.55543
1226.96,45.8,0.00559,185.22,185.22,10.1875,11.312,9.375,8.75,66.58266
1226.34,45.78,0.0057,185.24,185.24,10.1875,11.312,9.375,8.75,66.60988
1230.44,45.93,0.00574,185.26,185.26,10.1875,11.312,9.375,8.75,66.63711
1227.81,45.83,0.00582,185.28,185.28,10.1875,11.312,9.0,8.75,66.66434
1229.69,45.9,0.00578,185.3,185.3,10.1875,11.312,9.0,9.125,66.69157
1229.69,45.9,0.00468,185.32,185.32,10.1875,10.938,9.0,9.125,66.71879
1231.94,45.98,0.00578,185.34,185.34,10.1875,10.938,9.0,9.125,66.74602
1229.82,45.91,0.00578,185.36,185.36,10.1875,10.938,9.0,9.125,66.77325
1232.58,46.01,0.00506,185.38,185.38,10.1875,10.938,9.0,9.125,66.80048
1233.2,46.03,0.00578,185.4,185.4,10.1875,10.938,9.0,9.125,66.82771
1232.69,46.01,0.00582,185.42,185.42,10.1875,10.938,9.0,9.125,66.85493
1233.33,46.04,0.0057,185.44,185.44,10.1875,10.938,9.0,9.125,66.88216
1234.94,46.1,0.00578,185.46,185.46,10.1875,10.938,9.0,9.125,66.90939
1234.08,46.06,0.00567,185.48,185.48,10.1875,10.938,9.0,9.125,66.93662
1235.07,46.1,0.00582,185.5,185.5,10.1875,10.938,9.0,9.125,66.96384
1236.81,46.17,0.00578,185.52,185.52,10.1875,10.938,9.0,9.125,66.99107
1237.83,46.2,0.00411,185.54,185.54,10.1875,10.938,9.375,8.75,67.0183
1237.08,46.18,0.00582,185.56,185.56,10.1875,11.312,9.375,8.75,67.04553
1238.21,46.22,0.00589,185.58,185.58,10.1875,11.312,9.375,8.75,67.07275
1238.69,46.24,0.00517,185.6,185.6,10.1875,11.312,9.375,8.75,67.09998
1238.45,46.23,0.00586,185.62,185.62,10.1875,11.312,9.375,8.75,67.12721
1239.31,46.26,0.00586,185.64,185.64,10.1875,11.312,9.375,8.75,67.15444
1240.43,46.3,0.00589,185.66,185.66,10.1875,11.312,9.375,8.75,67.18166
1240.94,46.32,0.00582,185.68,185.68,10.1875,11.312,9.375,8.75,67.20889
1240.19,46.29,0.00555,185.7,185.7,10.1875,11.312,9.375,8.75,67.23612
1242.81,46.39,0.00582,185.72,185.72,10.1875,11.312,9.375,8.75,67.26335
1243.7,46.42,0.00586,185.74,185.74,10.1875,11.312,9.375,8.75,67.29058
1243.7,46.42,0.00365,185.76,185.76,10.1875,11.312,9.375,8.75,67.3178
1243.81,46.43,0.00586,185.78,185.78,10.1875,11.312,9.375,8.75,67.34503
1245.82,46.5,0.00582,185.8,185.8,10.1875,11.312,9.375,8.75,67.37226
1243.43,46.41,0.00548,185.82,185.82,10.1875,11.312,9.375,8.75,67.39949
1245.31,46.48,0.00586,185.84,185.84,10.1875,11.312,9.375,8.75,67.42671
1246.19,46.52,0.00574,185.86,185.86,10.1875,11.312,9.375,8.75,67.45394
1245.95,46.51,0.00593,185.88,185.88,10.1875,11.312,9.375,8.75,67.48117
1246.32,46.52,0.00586,185.9,185.9,10.1875,11.312,9.375,8.75,67.5084
1248.57,46.61,0.0043,185.92,185.92,10.1875,11.312,9.375,8.75,67.53562
1248.68,46.61,0.00578,185.94,185.94,10.1875,11.312,9.375,8.75,67.56285
1248.31,46.6,0.00582,185.96,185.96,10.1875,11.312,9.375,8.75,67.59008
1248.95,46.62,0.00555,185.98,185.98,10.1875,11.312,9.375,8.75,67.61731
1251.2,46.7,0.00586,186.0,186.0,10.1875,11.312,9.375,8.75,67.64454
1249.19,46.63,0.00589,186.02,186.02,10.1875,11.312,9.375,8.75,67.67176
1250.45,46.68,0.00605,186.04,186.04,10.1875,11.312,9.375,8.75,67.69899
1251.07,46.7,0.00582,186.06,186.06,10.1875,11.312,9.375,8.75,67.72622
1250.32,46.67,0.00529,186.08,186.08,10.1875,11.312,9.375,8.75,67.75345
1251.68,46.72,0.00578,186.1,186.1,10.1875,11.312,9.375,8.75,67.78067
1252.94,46.77,0.00578,186.12,186.12,10.1875,11.312,9.375,8.75,67.8079
1254.31,46.82,0.00555,186.14,186.14,10.1875,11.312,9.375,8.75,67.83513
1253.69,46.8,0.00608,186.16,186.16,10.1875,11.312,9.375,8.75,67.86236
1255.06,46.85,0.00597,186.18,186.18,10.25,11.312,9.375,8.75,67.88958
1255.81,46.88,0.00502,186.2,186.2,10.25,11.312,9.375,8.75,67.91681
1255.19,46.85,0.00582,186.22,186.22,10.25,11.312,9.375,8.75,67.94404
1256.18,46.89,0.00608,186.24,186.24,10.25,11.312,9.375,8.75,67.97127
1257.07,46.92,0.00612,186.26,186.26,10.25,11.312,9.438,8.812,67.9985
1256.05,46.88,0.00601,186.28,186.28,10.25,10.938,9.438,8.812,68.02572
1257.44,46.94,0.00627,186.3,186.3,10.25,10.938,9.438,8.812,68.05295
1258.57,46.98,0.00582,186.32,186.32,10.25,10.938,9.438,8.812,68.08018
1260.07,47.03,0.00597,186.34,186.34,10.25,10.938,9.438,8.812,68.10741
1257.92,46.95,0.00544,186.36,186.36,10.25,10.938,9.438,8.812,68.13463
1260.44,47.05,0.00601,186.38,186.38,10.25,10.938,9.438,8.812,68.16186
1261.3,47.08,0.00589,186.4,186.4,10.25,10.938,9.438,8.812,68.18909
1261.68,47.09,0.00479,186.42,186.42,10.1875,10.938,9.438,8.812,68.21632
1261.06,47.07,0.00593,186.44,186.44,10.1875,10.938,9.438,8.812,68.24354
1262.56,47.13,0.00608,186.46,186.46,10.1875,10.938,9.438,8.812,68.27077
1261.68,47.09,0.00601,186.48,186.48,10.1875,10.938,9.438,8.812,68.298
1263.18,47.15,0.00593,186.5,186.5,10.1875,10.938,9.375,8.812,68.32523
1263.68,47.17,0.00665,186.52,186.52,10.1875,11.312,9.375,8.812,68.35246
1263.07,47.15,0.00597,186.54,186.54,10.1875,11.312,9.375,8.812,68.37968
1262.69,47.13,0.00593,186.56,186.56,10.1875,11.312,9.375,8.812,68.40691
1265.8,47.25,0.00532,186.58,186.58,10.1875,11.312,9.375,8.812,68.43414
1266.18,47.26,0.00597,186.6,186.6,10.1875,11.312,9.375,8.812,68.46137
1266.18,47.26,0.00597,186.62,186.62,10.1875,11.312,9.375,8.812,68.48859
1266.93,47.29,0.00555,186.64,186.64,10.1875,11.312,9.375,8.812,68.51582
1269.04,47.37,0.00597,184.66,184.66,10.1875,11.25,9.312,8.75,68.68937
1270.44,47.42,0.00574,184.68,184.68,10.1875,11.25,9.312,8.75,68.7166
1269.69,47.39,0.00601,184.7,184.7,10.1875,11.25,9.312,8.75,68.74383
1270.06,47.41,0.00601,184.72,184.72,10.1875,11.25,9.312,8.75,68.77106
1271.19,47.45,0.00597,184.74,184.74,10.1875,11.25,9.312,8.75,68.79829
1272.55,47.5,0.00601,184.76,184.76,10.1875,11.25,9.312,8.75,68.82551
1270.44,47.42,0.00605,184.78,184.78,10.1875,11.25,9.312,8.75,68.85274
1271.67,47.47,0.00605,184.8,184.8,10.1875,11.25,9.312,8.75,68.87997
1273.3,47.53,0.00605,184.82,184.82,10.1875,11.25,9.312,8.75,68.9072
1271.29,47.45,0.00434,184.84,184.84,10.1875,11.25,9.312,8.75,68.93442
1273.81,47.55,0.00601,184.86,184.86,10.1875,11.25,9.312,8.75,68.96165
1274.29,47.57,0.00601,184.88,184.88,10.1875,11.25,9.375,8.75,68.98888
1273.92,47.55,0.0057,184.9,184.9,10.1875,11.25,9.375,8.75,69.01611
1273.3,47.53,0.00601,184.92,184.92,10.1875,10.938,9.375,8.75,69.04334
1275.04,47.59,0.00586,184.94,184.94,10.1875,10.938,9.375,8.75,69.07056
1275.31,47.6,0.00605,184.96,184.96,10.1875,10.938,9.375,8.75,69.09779
1275.31,47.6,0.00597,184.98,184.98,10.1875,10.938,9.375,8.75,69.12502
1275.31,47.6,0.00536,185.0,185.0,10.1875,10.938,9.375,8.75,69.15225
1277.19,47.67,0.00605,185.02,185.02,10.1875,10.938,9.375,8.75,69.17947
1275.31,47.6,0.00605,185.04,185.04,10.1875,10.938,9.375,8.75,69.2067
1277.56,47.69,0.00445,185.06,185.06,10.25,10.938,9.375,8.75,69.23393
1278.28,47.72,0.00605,185.08,185.08,10.25,10.938,9.375,8.75,69.26116
1278.42,47.72,0.00605,185.1,185.1,10.25,10.938,9.375,8.75,69.28838
1276.81,47.66,0.00586,185.12,185.12,10.25,10.938,9.375,8.812,69.31561
1280.8,47.81,0.00601,185.14,185.14,10.25,10.938,9.375,8.812,69.34284
1280.16,47.78,0.00586,185.16,185.16,10.25,11.25,9.375,8.812,69.37007
1280.16,47.78,0.00605,185.18,185.18,10.25,11.25,9.375,8.812,69.39729
1280.8,47.81,0.00601,185.2,185.2,10.25,11.25,9.375,8.812,69.42452
1283.16,47.9,0.00426,185.22,185.22,10.25,11.25,9.375,8.812,69.45175
1282.3,47.87,0.00601,185.24,185.24,10.25,11.25,9.375,8.812,69.47898
1282.68,47.88,0.00601,185.26,185.26,10.25,11.25,9.375,8.812,69.50621
1284.42,47.94,0.00555,185.28,185.28,10.25,11.25,9.375,8.812,69.53343
1283.43,47.91,0.00605,185.3,185.3,10.1875,11.25,9.375,8.812,69.56066
1284.42,47.94,0.00605,185.32,185.32,10.1875,11.25,9.375,8.812,69.58789
1286.43,48.02,0.00601,185.34,185.34,10.1875,11.25,9.375,8.812,69.61512
1286.67,48.03,0.00605,185.36,185.36,10.1875,11.25,9.375,8.75,69.64234
1286.67,48.03,0.00578,185.38,185.38,10.1875,11.25,9.375,8.75,69.66957
1287.93,48.08,0.00601,185.4,185.4,10.1875,11.312,9.375,8.75,69.6968
1288.92,48.11,0.00605,185.42,185.42,10.1875,11.312,9.375,8.75,69.72403
1288.17,48.08,0.00422,185.44,185.44,10.1875,11.312,9.375,8.75,69.75125
1288.41,48.09,0.00608,185.46,185.46,10.1875,11.312,9.375,8.75,69.77848
1290.93,48.19,0.00608,185.48,185.48,10.1875,11.312,9.375,8.75,69.80571
1288.55,48.1,0.00582,185.5,185.5,10.1875,11.312,9.375,8.75,69.83294
1290.93,48.19,0.00605,185.52,185.52,10.1875,11.312,9.375,8.75,69.86016
1291.28,48.2,0.00601,185.54,185.54,10.1875,11.312,9.375,8.75,69.88739
1290.42,48.17,0.00605,185.56,185.56,10.1875,11.312,9.375,8.75,69.91462
1291.41,48.2,0.00608,185.58,185.58,10.1875,11.312,9.375,8.75,69.94185
1294.17,48.31,0.0051,185.6,185.6,10.1875,11.312,9.438,9.125,69.96907
1293.53,48.28,0.00608,185.62,185.62,10.1875,11.312,9.438,9.125,69.9963
1293.05,48.27,0.00608,185.64,185.64,10.1875,10.875,9.438,9.125,70.02353
1293.42,48.28,0.00529,185.66,185.66,10.1875,10.875,9.438,9.125,70.05076
1295.78,48.37,0.00608,185.68,185.68,10.1875,10.875,9.438,9.125,70.07798
1293.9,48.3,0.00608,185.7,185.7,10.1875,10.875,9.438,9.125,70.10521
1295.54,48.36,0.00574,185.72,185.72,10.1875,10.875,9.438,9.125,70.13244
1296.15,48.38,0.00612,185.74,185.74,10.1875,10.875,9.438,9.125,70.15967
1296.15,48.38,0.00589,185.76,185.76,10.1875,10.875,9.438,9.125,70.1869
1296.42,48.39,0.00616,185.78,185.78,10.1875,10.875,9.438,9.125,70.21412
1298.16,48.46,0.00605,185.8,185.8,10.1875,10.875,9.438,9.125,70.24135
1299.15,48.49,0.00422,185.82,185.82,10.1875,10.875,9.438,9.125,70.26858
1299.29,48.5,0.00612,185.84,185.84,10.1875,10.875,9.438,8.75,70.29581
1299.9,48.52,0.00608,185.86,185.86,10.1875,10.875,9.438,8.75,70.32303
1300.79,48.55,0.00536,185.88,185.88,10.1875,11.312,9.438,8.75,70.35026
1300.04,48.53,0.00612,185.9,185.9,10.1875,11.312,9.438,8.75,70.37749
1300.41,48.54,0.00608,185.92,185.92,10.1875,11.312,9.438,8.75,70.40472
1302.42,48.62,0.00616,185.94,185.94,10.1875,11.312,9.438,8.75,70.43194
1301.03,48.56,0.00605,185.96,185.96,10.1875,11.312,9.438,8.75,70.45917
1302.9,48.63,0.00601,185.98,185.98,10.1875,11.312,9.438,8.75,70.4864
1304.27,48.69,0.00612,186.0,186.0,10.1875,11.312,9.438,8.75,70.51363
1304.65,48.7,0.00616,186.02,186.02,10.25,11.312,9.438,8.75,70.54085
1303.17,48.64,0.00453,186.04,186.04,10.25,11.312,9.438,8.75,70.56808
1305.91,48.75,0.00612,186.06,186.06,10.25,11.312,9.438,8.75,70.59531
1306.04,48.75,0.00616,186.08,186.08,10.25,11.312,9.375,9.188,70.62254
1305.77,48.74,0.00559,186.1,186.1,10.25,11.312,9.375,9.188,70.64979
1305.53,48.73,0.00616,186.12,186.12,10.25,10.938,9.375,9.188,70.67702
1307.54,48.81,0.00616,186.14,186.14,10.25,10.938,9.375,9.188,70.70425
1305.53,48.73,0.00608,186.16,186.16,10.25,10.938,9.375,9.188,70.73147
1307.41,48.8,0.00612,186.18,186.18,10.25,10.938,9.375,9.188,70.7587
1308.29,48.84,0.00551,186.2,186.2,10.25,10.938,9.375,9.188,70.78593
1310.27,48.91,0.00616,186.22,186.22,10.25,10.938,9.375,9.188,70.81316
1308.02,48.83,0.0062,186.24,186.24,10.25,10.938,9.375,9.188,70.84038
1310.65,48.92,0.00517,186.26,186.26,10.1875,10.938,9.375,9.188,70.86761
1311.02,48.94,0.0062,186.28,186.28,10.1875,10.938,9.375,9.188,70.89484
1310.41,48.91,0.00616,186.3,186.3,10.1875,10.938,9.375,9.188,70.92207
1310.78,48.93,0.00589,186.32,186.32,10.1875,10.938,9.375,8.75,70.94929
1312.52,48.99,0.00616,186.34,186.34,10.1875,10.938,9.375,8.75,70.97652
1311.67,48.96,0.00601,186.36,186.36,10.1875,11.25,9.375,8.75,71.00375
1312.52,48.99,0.00616,186.38,186.38,10.1875,11.25,9.375,8.75,71.03098
1313.03,49.01,0.00616,186.4,186.4,10.1875,11.25,9.375,8.75,71.0582
1315.15,49.09,0.00521,186.42,186.42,10.1875,11.25,9.375,8.75,71.08543
1314.02,49.05,0.00624,186.44,186.44,10.1875,11.25,9.375,8.75,71.11266
1314.91,49.08,0.00616,186.46,186.46,10.1875,11.25,9.375,8.75,71.13989
1316.17,49.13,0.00548,186.48,186.48,10.1875,11.25,9.375,8.75,71.16712
1315.04,49.09,0.0062,186.5,186.5,10.25,11.25,9.375,8.75,71.19434
1316.65,49.15,0.0062,186.52,186.52,10.25,11.25,9.375,8.75,71.22157
1317.91,49.19,0.00616,186.54,186.54,10.25,11.25,9.375,8.75,71.2488
1316.89,49.16,0.0062,186.56,186.56,10.25,11.25,9.375,8.75,71.27603
1318.01,49.2,0.00608,186.58,186.58,10.25,11.25,9.375,8.75,71.30325
1319.78,49.26,0.00624,186.6,186.6,10.25,11.25,9.375,8.75,71.33048
1319.51,49.25,0.00624,186.62,186.62,10.25,11.25,9.375,8.75,71.35771
1318.39,49.21,0.00551,186.64,186.64,10.25,11.25,9.375,8.75,71.38494
1322.89,49.38,0.00624,184.66,184.66,10.25,11.25,9.375,8.75,71.59592
1324.66,49.45,0.00624,184.68,184.68,10.25,11.25,9.375,8.75,71.62315
1322.14,49.35,0.00491,184.7,184.7,10.25,11.25,9.375,8.75,71.65038
1324.39,49.44,0.00624,184.72,184.72,10.25,11.25,9.375,8.75,71.6776
1324.15,49.43,0.0062,184.74,184.74,10.25,11.25,9.375,8.75,71.70483
1322.89,49.38,0.00624,184.76,184.76,10.25,11.25,9.375,8.75,71.73206
1323.02,49.38,0.00624,184.78,184.78,10.25,11.25,9.375,8.75,71.75929
1325.65,49.48,0.00597,184.8,184.8,10.25,11.25,9.375,8.75,71.78651
1323.77,49.41,0.00624,184.82,184.82,10.25,11.25,9.375,8.75,71.81374
1325.03,49.46,0.00624,184.84,184.84,10.25,11.25,9.375,8.75,71.84097
1325.41,49.47,0.00498,184.86,184.86,10.1875,11.25,9.375,8.75,71.8682
1327.39,49.55,0.00631,184.88,184.88,10.1875,11.25,9.375,8.75,71.89542
1326.02,49.5,0.00627,184.9,184.9,10.1875,11.25,9.375,8.75,71.92265
1327.77,49.56,0.00612,184.92,184.92,10.1875,11.25,9.438,8.812,71.94988
1327.77,49.56,0.00627,184.94,184.94,10.1875,11.25,9.438,8.812,71.97711
1326.91,49.53,0.00627,184.96,184.96,10.1875,10.875,9.438,8.812,72.00434
1328.41,49.59,0.0062,184.98,184.98,10.1875,10.875,9.438,8.812,72.03156
1328.78,49.6,0.00627,185.0,185.0,10.1875,10.875,9.438,8.812,72.05879
1328.89,49.6,0.00578,185.02,185.02,10.1875,10.875,9.438,8.812,72.08602
1327.9,49.57,0.00631,185.04,185.04,10.1875,10.875,9.438,8.812,72.11325
1329.88,49.64,0.00631,185.06,185.06,10.1875,10.875,9.438,8.812,72.14047
1332.03,49.72,0.00487,185.08,185.08,10.1875,10.875,9.438,8.812,72.1677
1331.52,49.7,0.00627,185.1,185.1,10.1875,10.875,9.438,8.812,72.19493
1331.28,49.69,0.00631,185.12,185.12,10.1875,10.875,9.438,8.812,72.22216
1334.01,49.8,0.00608,185.14,185.14,10.1875,10.875,9.438,8.812,72.24938
1332.03,49.72,0.00627,185.16,185.16,10.1875,10.875,9.375,9.188,72.27661
1333.53,49.78,0.00631,185.18,185.18,10.1875,10.875,9.375,9.188,72.30384
1334.76,49.82,0.00631,185.2,185.2,10.1875,11.25,9.375,9.188,72.33107
1333.77,49.79,0.00627,185.22,185.22,10.1875,11.25,9.375,9.188,72.3583
1334.52,49.81,0.00601,185.24,185.24,10.1875,11.25,9.375,9.188,72.38552
1336.15,49.88,0.00627,185.26,185.26,10.1875,11.25,9.375,9.188,72.41275
1337.52,49.93,0.00631,185.28,185.28,10.1875,11.25,9.375,9.188,72.43998
1336.15,49.88,0.00483,185.3,185.3,10.1875,11.25,9.375,9.188,72.46721
1336.77,49.9,0.00627,185.32,185.32,10.1875,11.25,9.375,9.188,72.49443
1339.53,50.0,0.00631,185.34,185.34,10.25,11.25,9.375,9.188,72.52166
1337.01,49.91,0.00624,185.36,185.36,10.25,11.25,9.375,9.188,72.54889
1339.77,50.01,0.00627,185.38,185.38,10.25,11.25,9.375,9.188,72.57612
1339.9,50.02,0.00597,185.4,185.4,10.25,11.25,9.438,9.188,72.60334
1339.63,50.01,0.00631,185.42,185.42,10.25,11.25,9.438,8.812,72.63057
1339.77,50.01,0.00627,185.44,185.44,10.25,11.25,9.438,8.812,72.6578
1342.02,50.09,0.00479,185.46,185.46,10.25,10.875,9.438,8.812,72.68503
1341.4,50.07,0.00631,185.48,185.48,10.25,10.875,9.438,8.812,72.71225
1341.78,50.09,0.00631,185.5,185.5,10.25,10.875,9.438,8.812,72.73948
1342.02,50.09,0.00593,185.52,185.52,10.25,10.875,9.438,8.812,72.76671
1345.13,50.21,0.00635,185.54,185.54,10.25,10.875,9.438,8.812,72.79394
1343.76,50.16,0.00635,185.56,185.56,10.25,10.875,9.438,8.812,72.82117
1344.64,50.19,0.00627,185.58,185.58,10.1875,10.875,9.438,8.812,72.84839
1345.77,50.23,0.00631,185.6,185.6,10.1875,10.875,9.438,8.812,72.87562
1345.02,50.21,0.00593,185.62,185.62,10.1875,10.875,9.438,8.812,72.90285
1347.51,50.3,0.00635,185.64,185.64,10.1875,10.875,9.375,8.812,72.93008
1347.75,50.31,0.00631,185.66,185.66,10.1875,10.875,9.375,8.75,72.9573
1348.02,50.32,0.00491,185.68,185.68,10.1875,10.875,9.375,8.75,72.98453
1347.27,50.29,0.00631,185.7,185.7,10.1875,11.25,9.375,8.75,73.01176
1349.01,50.35,0.00639,185.72,185.72,10.1875,11.25,9.375,8.75,73.03899
1350.89,50.42,0.00601,185.74,185.74,10.1875,11.25,9.375,8.75,73.06622
1350.0,50.39,0.00639,185.76,185.76,10.1875,11.25,9.375,8.75,73.09344
1350.0,50.39,0.00605,185.78,185.78,10.1875,11.25,9.375,8.75,73.12067
1353.0,50.5,0.00639,185.8,185.8,10.1875,11.25,9.375,8.75,73.1479
1351.26,50.44,0.00635,185.82,185.82,10.1875,11.25,9.375,8.75,73.17513
1353.0,50.5,0.00593,185.84,185.84,10.1875,11.25,9.375,8.75,73.20235
1354.4,50.56,0.00639,185.86,185.86,10.1875,11.25,9.375,8.75,73.22958
1353.89,50.54,0.00631,185.88,185.88,10.1875,11.25,9.438,8.75,73.25681
1353.75,50.53,0.00498,185.9,185.9,10.1875,11.25,9.438,8.75,73.28404
1356.24,50.62,0.00635,185.92,185.92,10.1875,11.25,9.438,8.75,73.31126
1356.62,50.64,0.00643,185.94,185.94,10.1875,11.25,9.438,8.75,73.33849
1356.51,50.63,0.00605,185.96,185.96,10.1875,11.25,9.438,8.75,73.36572
1356.24,50.62,0.00635,185.98,185.98,10.1875,11.25,9.438,8.75,73.39295
1359.0,50.73,0.00605,186.0,186.0,10.1875,11.25,9.438,8.75,73.42017
1356.99,50.65,0.00639,186.02,186.02,10.1875,11.25,9.438,8.75,73.4474
1358.76,50.72,0.00639,186.04,186.04,10.1875,11.25,9.438,8.75,73.47463
1359.51,50.75,0.00494,186.06,186.06,10.1875,11.25,9.438,8.75,73.50186
1359.14,50.73,0.00643,186.08,186.08,10.1875,11.25,9.438,8.75,73.52908
1360.13,50.77,0.00643,186.1,186.1,10.1875,11.25,9.438,8.75,73.55631
1362.14,50.84,0.00559,186.12,186.12,10.1875,11.25,9.375,8.75,73.58354
1361.25,50.81,0.00639,186.14,186.14,10.1875,11.25,9.375,8.75,73.61077
1360.64,50.79,0.00643,186.16,186.16,10.1875,11.25,9.375,8.75,73.638
1362.24,50.85,0.00646,186.18,186.18,10.1875,11.312,9.375,8.75,73.66522
1363.64,50.9,0.00646,186.2,186.2,10.1875,11.312,9.375,8.75,73.69245
1363.13,50.88,0.00616,186.22,186.22,10.1875,11.312,9.375,8.75,73.71968
1364.01,50.91,0.00639,186.24,186.24,10.1875,11.312,9.375,8.75,73.74691
1364.87,50.95,0.00646,186.26,186.26,10.1875,11.312,9.375,8.75,73.77413
1363.5,50.9,0.00468,186.28,186.28,10.1875,11.312,9.375,8.75,73.80136
1366.0,50.99,0.00643,186.3,186.3,10.1875,11.312,9.375,8.75,73.82859
1365.75,50.98,0.00646,186.32,186.32,10.1875,11.312,9.375,8.75,73.85582
1367.25,51.04,0.00612,186.34,186.34,10.1875,11.312,9.375,8.75,73.88304
1367.01,51.03,0.00643,186.36,186.36,10.1875,11.312,9.375,8.75,73.91027
1367.63,51.05,0.00616,186.38,186.38,10.1875,11.312,9.438,9.125,73.9375
1369.5,51.12,0.00646,186.4,186.4,10.1875,11.312,9.438,9.125,73.96473
1368.25,51.07,0.00643,186.42,186.42,10.1875,11.25,9.438,9.125,73.99196
1368.0,51.06,0.00624,186.44,186.44,10.1875,11.25,9.438,9.125,74.01918
1370.36,51.15,0.00646,186.46,186.46,10.1875,11.25,9.438,9.125,74.04641
1368.51,51.08,0.00646,186.48,186.48,10.1875,11.25,9.438,9.125,74.07364
1370.36,51.15,0.00525,186.5,186.5,10.1875,11.25,9.438,9.125,74.10087
1370.74,51.17,0.00643,186.52,186.52,10.1875,11.25,9.438,9.125,74.12809
1373.63,51.27,0.0065,186.54,186.54,10.1875,11.25,9.438,9.125,74.15532
1371.76,51.2,0.0062,186.56,186.56,10.1875,11.25,9.438,9.125,74.18255
1373.12,51.26,0.0065,186.58,186.58,10.1875,11.25,9.438,9.125,74.20978
1374.38,51.3,0.00635,186.6,186.6,10.1875,11.25,9.438,9.125,74.237
1372.51,51.23,0.00646,186.62,186.62,10.1875,11.25,9.375,8.75,74.26423
1373.87,51.28,0.0065,186.64,186.64,10.1875,11.25,9.375,8.75,74.29146
1380.01,51.51,0.00529,184.66,184.66,10.1875,10.938,9.375,8.75,74.4852
1378.51,51.46,0.0065,184.68,184.68,10.1875,10.938,9.375,8.75,74.51243
1378.61,51.46,0.00646,184.7,184.7,10.25,10.938,9.375,8.75,74.53966
1380.62,51.53,0.00589,184.72,184.72,10.25,10.938,9.375,8.75,74.56689
1379.5,51.49,0.0065,184.74,184.74,10.25,10.938,9.375,8.75,74.59411
1379.36,51.49,0.0065,184.76,184.76,10.25,10.938,9.375,8.75,74.62134
1381.0,51.55,0.0065,184.78,184.78,10.25,10.938,9.375,8.75,74.64857
1382.23,51.59,0.00654,184.8,184.8,10.25,10.875,9.375,8.75,74.6758
1381.13,51.55,0.00624,184.82,184.82,10.25,10.875,9.375,8.75,74.70302
1381.61,51.57,0.00654,184.84,184.84,10.25,10.875,9.375,8.75,74.73025
1383.11,51.63,0.0065,184.86,184.86,10.25,10.875,9.375,8.75,74.75748
1381.24,51.56,0.00544,184.88,184.88,10.25,10.875,9.375,8.75,74.78471
1383.11,51.63,0.00646,184.9,184.9,10.25,10.875,9.375,8.75,74.81194
1383.73,51.65,0.00654,184.92,184.92,10.25,10.875,9.375,8.75,74.83916
1382.61,51.61,0.00616,184.94,184.94,10.1875,10.875,9.375,8.75,74.86639
1382.98,51.62,0.00654,184.96,184.96,10.1875,10.875,9.375,8.75,74.89362
1385.61,51.72,0.00643,184.98,184.98,10.1875,10.875,9.375,8.75,74.92085
1385.61,51.72,0.00654,185.0,185.0,10.1875,10.875,9.375,8.75,74.94807
1384.99,51.7,0.0065,185.02,185.02,10.1875,10.875,9.375,8.75,74.9753
1384.99,51.7,0.00536,185.04,185.04,10.1875,11.25,9.375,8.75,75.00253
1387.37,51.79,0.00654,185.06,185.06,10.1875,11.25,9.375,8.75,75.02976
1386.25,51.74,0.00654,185.08,185.08,10.1875,11.25,9.375,8.75,75.05698
1387.24,51.78,0.00574,185.1,185.1,10.1875,11.25,9.375,8.75,75.08421
1387.99,51.81,0.00658,185.12,185.12,10.1875,11.25,9.375,8.75,75.11144
1388.23,51.82,0.00654,185.14,185.14,10.1875,11.25,9.375,8.75,75.13867
1388.5,51.83,0.00624,185.16,185.16,10.1875,11.25,9.375,8.75,75.16589
1389.73,51.88,0.00658,185.18,185.18,10.1875,11.25,9.375,8.75,75.19312
1389.87,51.88,0.00643,185.2,185.2,10.1875,11.25,9.375,8.75,75.22035
1390.75,51.91,0.00658,185.22,185.22,10.1875,11.25,9.375,8.75,75.24758
1391.61,51.95,0.00658,185.24,185.24,10.1875,11.25,9.375,8.812,75.2748
1393.62,52.02,0.00563,185.26,185.26,10.1875,11.25,9.375,8.812,75.30203
1391.23,51.93,0.00662,185.28,185.28,10.1875,11.25,9.375,8.812,75.32926
1392.62,51.98,0.00658,185.3,185.3,10.1875,11.25,9.375,8.812,75.35649
1393.48,52.02,0.00589,185.32,185.32,10.1875,11.25,9.375,8.812,75.38371
1393.48,52.02,0.00658,185.34,185.34,10.1875,11.25,9.375,8.812,75.41094
1393.37,52.01,0.00654,185.36,185.36,10.1875,11.25,9.375,8.812,75.43817
1394.74,52.06,0.00654,185.38,185.38,10.1875,11.25,9.375,8.812,75.4654
1394.61,52.06,0.0065,185.4,185.4,10.1875,11.25,9.375,8.812,75.49263
1394.85,52.07,0.00639,185.42,185.42,10.25,11.25,9.375,8.812,75.51985
1396.72,52.14,0.00658,185.44,185.44,10.25,11.25,9.375,8.812,75.54708
1397.74,52.17,0.00662,185.46,185.46,10.25,11.25,9.375,8.812,75.57431
1396.99,52.15,0.00582,185.48,185.48,10.25,11.25,9.375,8.75,75.60154
1397.61,52.17,0.00658,185.5,185.5,10.25,11.25,9.375,8.75,75.62876
1399.35,52.23,0.00658,185.52,185.52,10.25,10.875,9.375,8.75,75.65599
1397.85,52.18,0.00605,185.54,185.54,10.25,10.875,9.375,8.75,75.68322
1399.11,52.23,0.00662,185.56,185.56,10.25,10.875,9.375,8.75,75.71045
1400.23,52.27,0.00654,185.58,185.58,10.25,10.875,9.375,8.75,75.73768
1399.99,52.26,0.00658,185.6,185.6,10.25,10.875,9.375,8.75,75.7649
1399.86,52.25,0.00665,185.62,185.62,10.25,10.875,9.375,8.75,75.79213
1402.99,52.37,0.00555,185.64,185.64,10.25,10.875,9.375,8.75,75.81936
1402.99,52.37,0.00665,185.66,185.66,10.1875,10.875,9.375,8.75,75.84659
1403.47,52.39,0.00662,185.68,185.68,10.1875,10.875,9.375,8.75,75.87381
1403.85,52.4,0.00582,185.7,185.7,10.1875,10.875,9.375,8.75,75.90104
1405.35,52.46,0.00662,185.72,185.72,10.1875,10.875,9.438,8.75,75.92827
1403.47,52.39,0.00665,185.74,185.74,10.1875,10.875,9.438,8.75,75.9555
1406.1,52.49,0.00631,185.76,185.76,10.1875,11.312,9.438,8.75,75.98272
1405.48,52.46,0.00658,185.78,185.78,10.1875,11.312,9.438,8.75,76.00995
1405.62,52.47,0.00646,185.8,185.8,10.1875,11.312,9.438,8.75,76.03718
1407.12,52.52,0.00665,185.82,185.82,10.1875,11.312,9.438,8.75,76.06441
1408.11,52.56,0.00662,185.84,185.84,10.1875,11.312,9.438,8.75,76.09163
1409.85,52.63,0.00563,185.86,185.86,10.1875,11.312,9.438,8.75,76.11886
1408.35,52.57,0.00665,185.88,185.88,10.1875,11.312,9.438,8.75,76.14609
1408.73,52.58,0.00662,185.9,185.9,10.1875,11.312,9.438,8.75,76.17332
1410.47,52.65,0.00582,185.92,185.92,10.1875,11.312,9.438,8.75,76.20054
1410.47,52.65,0.00665,185.94,185.94,10.1875,11.312,9.438,8.75,76.22777
1409.98,52.63,0.00658,185.96,185.96,10.1875,11.312,9.438,9.188,76.255
1412.23,52.72,0.00658,185.98,185.98,10.1875,11.312,9.438,9.188,76.28223
1410.23,52.64,0.00662,186.0,186.0,10.1875,11.25,9.438,9.188,76.30945
1411.59,52.69,0.0065,186.02,186.02,10.1875,11.25,9.438,9.188,76.33668
1412.48,52.72,0.00665,186.04,186.04,10.1875,11.25,9.438,9.188,76.36391
1414.49,52.8,0.00658,186.06,186.06,10.1875,11.25,9.438,9.188,76.39114
1412.48,52.72,0.00593,186.08,186.08,10.1875,11.25,9.438,9.188,76.41837
1414.49,52.8,0.00665,186.1,186.1,10.1875,11.25,9.438,9.188,76.44559
1415.1,52.82,0.00673,186.12,186.12,10.1875,11.25,9.438,9.188,76.47282
1414.59,52.8,0.00574,186.14,186.14,10.1875,11.25,9.438,9.188,76.50005
1414.22,52.79,0.00677,186.16,186.16,10.1875,11.25,9.438,9.188,76.52728
1417.11,52.9,0.00665,186.18,186.18,10.1875,11.25,9.438,9.188,76.55451
1413.84,52.77,0.00677,186.2,186.2,10.1875,11.25,9.438,8.75,76.58173
1416.98,52.89,0.00665,186.22,186.22,10.1875,11.25,9.438,8.75,76.60896
1416.98,52.89,0.00612,186.24,186.24,10.1875,11.25,9.438,8.75,76.63619
1419.36,52.98,0.00677,186.26,186.26,10.1875,11.25,9.438,8.75,76.66342
1415.99,52.85,0.00669,186.28,186.28,10.1875,11.25,9.438,8.75,76.69064
1417.97,52.93,0.00567,186.3,186.3,10.1875,11.25,9.438,8.75,76.71787
1418.34,52.94,0.00673,186.32,186.32,10.1875,11.25,9.438,8.75,76.7451
1417.73,52.92,0.00669,186.34,186.34,10.1875,11.25,9.438,8.75,76.77233
1418.61,52.95,0.00605,186.36,186.36,10.1875,11.25,9.438,8.75,76.79955
1421.21,53.05,0.00673,186.38,186.38,10.1875,11.25,9.438,8.75,76.82678
1418.72,52.96,0.00658,186.4,186.4,10.1875,11.25,9.438,8.75,76.85401
1420.83,53.04,0.00673,186.42,186.42,10.1875,11.25,9.438,8.75,76.88124
1420.97,53.04,0.00673,186.44,186.44,10.1875,11.25,9.438,8.75,76.90846
1423.59,53.14,0.00589,186.46,186.46,10.1875,11.25,9.438,8.75,76.93569
1422.98,53.12,0.00669,186.48,186.48,10.1875,11.25,9.438,8.75,76.96292
1422.84,53.11,0.00685,186.5,186.5,10.1875,11.25,9.438,8.75,76.99015
1423.97,53.15,0.00532,186.52,186.52,10.1875,11.25,9.438,8.75,77.01737
1422.84,53.11,0.00669,186.54,186.54,10.1875,11.25,9.438,8.75,77.0446
1425.09,53.2,0.00665,186.56,186.56,10.1875,11.25,9.438,8.75,77.07183
1426.09,53.23,0.00673,186.58,186.58,10.1875,11.25,9.438,8.75,77.09906
1426.09,53.23,0.00677,186.6,186.6,10.1875,11.25,9.438,8.75,77.12628
1426.46,53.25,0.00654,186.62,186.62,10.1875,11.25,9.438,8.75,77.15351
1427.59,53.29,0.00681,186.64,186.64,10.1875,11.25,9.438,8.75,77.18074
1428.47,53.32,0.00681,184.66,184.66,10.1875,10.875,9.438,8.75,77.37199
1429.35,53.35,0.00665,184.68,184.68,10.1875,10.875,9.438,8.75,77.39922
1430.34,53.39,0.00681,184.7,184.7,10.1875,10.875,9.438,8.75,77.42644
1429.73,53.37,0.00685,184.72,184.72,10.1875,10.875,9.438,8.75,77.45367
1430.1,53.38,0.00681,184.74,184.74,10.1875,10.875,9.438,8.75,77.4809
1431.34,53.43,0.00685,184.76,184.76,10.1875,10.875,9.438,8.75,77.50813
1430.34,53.39,0.00548,184.78,184.78,10.1875,10.875,9.438,8.75,77.53536
1432.22,53.46,0.00669,184.8,184.8,10.1875,10.875,9.375,8.75,77.56258
1431.71,53.44,0.00681,184.82,184.82,10.1875,10.875,9.375,8.75,77.58981
1434.58,53.55,0.00586,184.84,184.84,10.1875,10.875,9.375,8.75,77.61704
1431.47,53.43,0.00685,184.86,184.86,10.1875,10.938,9.375,8.75,77.64427
1433.21,53.5,0.00677,184.88,184.88,10.1875,10.938,9.375,8.75,77.67149
1434.58,53.55,0.00677,184.9,184.9,10.1875,10.938,9.375,8.75,77.69872
1434.1,53.53,0.00681,184.92,184.92,10.1875,10.938,9.375,8.75,77.72595
1433.45,53.51,0.00662,184.94,184.94,10.1875,10.938,9.375,8.75,77.75318
1435.46,53.58,0.00673,184.96,184.96,10.1875,10.938,9.375,8.75,77.7804
1434.47,53.55,0.00673,184.98,184.98,10.1875,10.938,9.375,8.75,77.80763
1436.08,53.6,0.00567,185.0,185.0,10.25,10.938,9.375,8.75,77.83486
1437.47,53.66,0.00673,185.02,185.02,10.25,10.938,9.375,8.75,77.86209
1437.85,53.67,0.00681,185.04,185.04,10.25,10.938,9.375,8.75,77.88931
1436.83,53.63,0.00658,185.06,185.06,10.25,10.938,9.375,8.75,77.91654
1438.22,53.69,0.00681,185.08,185.08,10.25,10.938,9.375,8.75,77.94377
1439.35,53.73,0.00677,185.1,185.1,10.25,11.25,9.375,8.75,77.971
1437.95,53.67,0.00673,185.12,185.12,10.25,11.25,9.375,8.75,77.99823
1439.83,53.74,0.00677,185.14,185.14,10.25,11.25,9.375,8.75,78.02545
1440.71,53.78,0.00646,185.16,185.16,10.25,11.25,9.375,8.75,78.05268
1440.34,53.76,0.00681,185.18,185.18,10.25,11.25,9.375,8.75,78.07991
1440.34,53.76,0.00677,185.2,185.2,10.25,11.25,9.375,8.75,78.10714
1442.45,53.84,0.00601,185.22,185.22,10.25,11.25,9.375,8.75,78.13437
1442.96,53.86,0.00681,185.24,185.24,10.1875,11.25,9.375,8.75,78.16159
1442.45,53.84,0.00673,185.26,185.26,10.1875,11.25,9.375,8.75,78.18882
1443.58,53.88,0.00677,185.28,185.28,10.1875,11.25,9.375,8.75,78.21605
1444.6,53.92,0.00681,185.3,185.3,10.1875,11.25,9.375,8.75,78.24328
1442.96,53.86,0.00673,185.32,185.32,10.1875,11.25,9.375,8.75,78.2705
1445.83,53.97,0.00685,185.34,185.34,10.1875,10.938,9.375,8.75,78.29773
1446.1,53.98,0.00677,185.36,185.36,10.1875,10.938,9.375,8.75,78.32496
1444.7,53.93,0.00574,185.38,185.38,10.1875,10.938,9.375,8.75,78.35219
1445.45,53.95,0.00685,185.4,185.4,10.1875,10.938,9.375,8.75,78.37941
1448.21,54.06,0.00685,185.42,185.42,10.1875,10.938,9.375,8.75,78.40664
1448.08,54.05,0.00597,185.44,185.44,10.1875,10.938,9.375,8.75,78.43387
1448.45,54.07,0.00688,185.46,185.46,10.1875,10.938,9.375,8.75,78.4611
1448.08,54.05,0.00688,185.48,185.48,10.25,10.938,9.375,8.75,78.48832
1450.57,54.15,0.00685,185.5,185.5,10.25,10.938,9.375,8.75,78.51555
1448.83,54.08,0.00692,185.52,185.52,10.25,10.938,9.375,8.75,78.54278
1449.96,54.12,0.00685,185.54,185.54,10.25,10.938,9.438,8.75,78.57001
1451.7,54.19,0.00688,185.56,185.56,10.25,10.938,9.438,8.75,78.59724
1450.95,54.16,0.00681,185.58,185.58,10.25,11.25,9.438,8.75,78.62446
1450.95,54.16,0.00608,185.6,185.6,10.25,11.25,9.438,8.75,78.65169
1453.2,54.24,0.00685,185.62,185.62,10.25,11.25,9.438,8.75,78.67892
1454.08,54.28,0.00688,185.64,185.64,10.25,11.25,9.438,8.75,78.70615
1453.46,54.25,0.00605,185.66,185.66,10.25,11.25,9.438,8.75,78.73337
1454.59,54.3,0.00685,185.68,185.68,10.25,11.25,9.438,8.75,78.7606
1456.71,54.38,0.00681,185.7,185.7,10.25,11.25,9.438,8.75,78.78783
1455.72,54.34,0.00677,185.72,185.72,10.1875,11.25,9.438,8.75,78.81506
1455.72,54.34,0.00688,185.74,185.74,10.1875,11.25,9.438,8.75,78.84228
1458.82,54.45,0.00608,185.76,185.76,10.1875,11.25,9.438,8.75,78.86951
1455.58,54.33,0.00688,185.78,185.78,10.1875,11.25,9.375,8.75,78.89674
1458.96,54.46,0.00688,185.8,185.8,10.1875,11.25,9.375,8.75,78.92397
1459.44,54.48,0.0057,185.82,185.82,10.1875,11.25,9.375,8.75,78.95119
1459.2,54.47,0.00688,185.84,185.84,10.1875,11.25,9.375,8.75,78.97842
1458.72,54.45,0.00692,185.86,185.86,10.1875,11.25,9.375,8.75,79.00565
1461.31,54.55,0.00681,185.88,185.88,10.1875,11.25,9.375,8.75,79.03288
1461.82,54.57,0.00692,185.9,185.9,10.1875,11.25,9.375,8.75,79.06011
1460.83,54.53,0.00685,185.92,185.92,10.1875,11.25,9.375,8.75,79.08733
1461.45,54.55,0.00696,185.94,185.94,10.1875,11.25,9.375,8.75,79.11456
1464.45,54.66,0.00688,185.96,185.96,10.125,11.25,9.375,8.75,79.14179
1461.58,54.56,0.00624,185.98,185.98,10.125,11.25,9.375,8.75,79.16902
1464.07,54.65,0.00696,186.0,186.0,10.125,11.25,9.375,8.75,79.19624
1464.07,54.65,0.00692,186.02,186.02,10.125,11.25,9.438,8.75,79.22347
1463.56,54.63,0.00616,186.04,186.04,10.125,11.25,9.438,8.75,79.2507
1464.45,54.66,0.00696,186.06,186.06,10.125,11.25,9.438,8.75,79.27793
1465.95,54.72,0.00696,186.08,186.08,10.125,11.25,9.438,8.75,79.30516
1466.7,54.75,0.00681,186.1,186.1,10.125,11.25,9.438,8.75,79.33238
1465.57,54.71,0.00696,186.12,186.12,10.125,11.25,9.438,8.75,79.35961
1466.7,54.75,0.00658,186.14,186.14,10.125,11.25,9.438,8.75,79.38684
1468.95,54.83,0.00696,186.16,186.16,10.125,11.25,9.438,8.75,79.41407
1467.96,54.8,0.00696,186.18,186.18,10.125,11.25,9.438,8.75,79.44129
1468.57,54.82,0.00612,186.2,186.2,10.25,11.25,9.438,8.75,79.46852
1469.7,54.86,0.007,186.22,186.22,10.25,11.25,9.438,8.75,79.49575
1469.46,54.85,0.007,186.24,186.24,10.25,11.25,9.438,8.75,79.52298
1469.94,54.87,0.00589,186.26,186.26,10.25,11.25,9.375,8.75,79.5502
1471.57,54.93,0.00696,186.28,186.28,10.25,11.25,9.375,8.75,79.57743
1472.7,54.97,0.00692,186.3,186.3,10.25,11.25,9.375,8.75,79.60466
1471.33,54.92,0.00692,186.32,186.32,10.25,10.938,9.375,8.75,79.63189
1472.94,54.98,0.00692,186.34,186.34,10.25,10.938,9.375,8.75,79.65912
1474.2,55.03,0.00646,186.36,186.36,10.25,10.938,9.375,8.75,79.68634
1473.56,55.0,0.007,186.38,186.38,10.25,10.938,9.375,8.75,79.71357
1474.07,55.02,0.00696,186.4,186.4,10.25,10.938,9.375,8.75,79.7408
1476.93,55.13,0.00525,186.42,186.42,10.25,10.938,9.375,8.75,79.76803
1473.83,55.01,0.00696,186.44,186.44,10.25,10.938,9.375,8.75,79.79525
1476.08,55.1,0.00696,186.46,186.46,10.1875,10.938,9.375,8.75,79.82248
1476.83,55.13,0.00677,186.48,186.48,10.1875,10.938,9.375,8.75,79.84971
1478.7,55.2,0.007,186.5,186.5,10.1875,10.938,9.375,8.75,79.87694
1476.18,55.1,0.00704,186.52,186.52,10.1875,10.938,9.375,8.75,79.90416
1479.32,55.22,0.00704,186.54,186.54,10.1875,10.938,9.375,8.75,79.93139
1478.94,55.2,0.007,186.56,186.56,10.1875,11.25,9.375,8.75,79.95862
1478.19,55.18,0.00665,186.58,186.58,10.1875,11.25,9.375,8.75,79.98585
1478.57,55.19,0.00704,186.6,186.6,10.1875,11.25,9.375,8.75,80.01308
1480.68,55.27,0.00704,186.62,186.62,10.1875,11.25,9.375,8.75,80.0403
1479.32,55.22,0.00563,186.64,186.64,10.1875,11.25,9.375,8.75,80.06753
1485.18,55.44,0.00692,184.66,184.66,10.1875,11.25,9.375,9.188,80.26975
1482.56,55.34,0.00707,184.68,184.68,10.1875,10.938,9.375,9.188,80.29698
1484.06,55.4,0.00704,184.7,184.7,10.1875,10.938,9.375,9.188,80.3242
1484.19,55.4,0.00582,184.72,184.72,10.1875,10.938,9.375,9.188,80.35143
1483.2,55.36,0.00711,184.74,184.74,10.1875,10.938,9.375,9.188,80.37866
1484.06,55.4,0.00704,184.76,184.76,10.1875,10.938,9.375,9.188,80.40589
1486.55,55.49,0.00688,184.78,184.78,10.1875,10.938,9.375,9.188,80.43312
1483.68,55.38,0.00704,184.8,184.8,10.1875,10.938,9.375,9.188,80.46034
1485.43,55.45,0.00704,184.82,184.82,10.25,10.938,9.375,9.188,80.48757
1486.31,55.48,0.00707,184.84,184.84,10.25,10.938,9.375,9.188,80.5148
1486.44,55.48,0.00707,184.86,184.86,10.25,10.938,9.438,8.75,80.54203
1485.69,55.46,0.00662,184.88,184.88,10.25,10.938,9.438,8.75,80.56925
1488.18,55.55,0.00704,184.9,184.9,10.25,10.938,9.438,8.75,80.59648
1488.69,55.57,0.00704,184.92,184.92,10.25,10.875,9.438,8.75,80.62371
1486.93,55.5,0.00567,184.94,184.94,10.25,10.875,9.438,8.75,80.65094
1487.68,55.53,0.00707,184.96,184.96,10.25,10.875,9.438,8.75,80.67817
1489.44,55.6,0.00707,184.98,184.98,10.25,10.875,9.438,8.75,80.70539
1487.94,55.54,0.007,185.0,185.0,10.25,10.875,9.438,8.75,80.73262
1489.44,55.6,0.00707,185.02,185.02,10.25,10.875,9.438,8.75,80.75985
1491.05,55.66,0.00692,185.04,185.04,10.25,10.875,9.438,8.75,80.78708
1490.06,55.62,0.00715,185.06,185.06,10.1875,10.875,9.438,8.75,80.8143
1491.32,55.67,0.00707,185.08,185.08,10.1875,10.875,9.438,8.75,80.84153
1492.82,55.72,0.00529,185.1,185.1,10.1875,10.875,9.375,8.812,80.86876
1492.55,55.71,0.00707,185.12,185.12,10.1875,10.875,9.375,8.812,80.89599
1493.06,55.73,0.00707,185.14,185.14,10.1875,10.875,9.375,8.812,80.92322
1493.68,55.76,0.00665,185.16,185.16,10.1875,11.312,9.375,8.812,80.95045
1494.43,55.78,0.00711,185.18,185.18,10.1875,11.312,9.375,8.812,80.97767
1493.06,55.73,0.00707,185.2,185.2,10.1875,11.312,9.375,8.812,81.0049
1494.32,55.78,0.007,185.22,185.22,10.1875,11.312,9.375,8.812,81.03213
1496.3,55.85,0.00711,185.24,185.24,10.1875,11.312,9.375,8.812,81.05936
1494.05,55.77,0.00688,185.26,185.26,10.1875,11.312,9.375,8.812,81.08658
1496.19,55.85,0.00715,185.28,185.28,10.1875,11.312,9.375,8.812,81.11381
1496.57,55.86,0.00711,185.3,185.3,10.25,11.312,9.375,8.812,81.14104
1497.43,55.9,0.00567,185.32,185.32,10.25,11.312,9.375,8.812,81.16827
1497.05,55.88,0.00715,185.34,185.34,10.25,11.312,9.438,9.125,81.1955
1499.3,55.97,0.00715,185.36,185.36,10.25,11.312,9.438,9.125,81.22272
1499.44,55.97,0.00685,185.38,185.38,10.25,11.312,9.438,9.125,81.24995
1499.3,55.97,0.00719,185.4,185.4,10.25,10.875,9.438,9.125,81.27718
1499.3,55.97,0.00704,185.42,185.42,10.25,10.875,9.438,9.125,81.30441
1502.44,56.08,0.00711,185.44,185.44,10.25,10.875,9.438,9.125,81.33163
1499.68,55.98,0.00719,185.46,185.46,10.25,10.875,9.438,9.125,81.35886
1501.42,56.04,0.00669,185.48,185.48,10.25,10.875,9.438,9.125,81.38609
1502.54,56.09,0.00715,185.5,185.5,10.25,10.875,9.438,9.125,81.41332
1503.19,56.11,0.00715,185.52,185.52,10.25,10.875,9.438,9.125,81.44054
1503.43,56.12,0.00548,185.54,185.54,10.25,10.875,9.438,9.125,81.46777
1505.81,56.21,0.00715,185.56,185.56,10.25,10.875,9.438,9.125,81.495
1506.19,56.22,0.00715,185.58,185.58,10.25,10.875,9.438,8.75,81.52223
1504.79,56.17,0.00665,185.6,185.6,10.25,10.875,9.438,8.75,81.54945
1506.56,56.24,0.00711,185.62,185.62,10.25,10.875,9.438,8.75,81.57668
1508.17,56.3,0.00704,185.64,185.64,10.25,10.875,9.438,8.75,81.60391
1506.67,56.24,0.00715,185.66,185.66,10.25,11.25,9.438,8.75,81.63114
1507.42,56.27,0.00715,185.68,185.68,10.25,11.25,9.438,8.75,81.65836
1508.68,56.31,0.00593,185.7,185.7,10.25,11.25,9.438,8.75,81.68559
1508.06,56.29,0.00719,185.72,185.72,10.25,11.25,9.438,8.75,81.71282
1508.92,56.32,0.00719,185.74,185.74,10.25,11.25,9.438,8.75,81.74005
1510.42,56.38,0.00677,185.76,185.76,10.25,11.25,9.438,8.75,81.76728
1512.16,56.45,0.00715,185.78,185.78,10.25,11.25,9.438,8.75,81.7945
1509.94,56.36,0.00723,185.8,185.8,10.25,11.25,9.438,8.75,81.82173
1512.43,56.45,0.00719,185.82,185.82,10.25,11.25,9.375,8.75,81.84896
1513.18,56.48,0.00719,185.84,185.84,10.25,11.25,9.375,8.75,81.87619
1511.55,56.42,0.00692,185.86,185.86,10.25,11.25,9.375,8.75,81.90341
1512.16,56.45,0.00723,185.88,185.88,10.25,11.25,9.375,8.75,81.93064
1513.93,56.51,0.00723,185.9,185.9,10.25,11.25,9.375,8.75,81.95787
1511.68,56.43,0.00612,185.92,185.92,10.25,11.25,9.375,8.75,81.9851
1513.29,56.49,0.00719,185.94,185.94,10.25,11.25,9.375,8.75,82.01232
1514.41,56.53,0.00719,185.96,185.96,10.25,11.25,9.375,8.75,82.03955
1516.29,56.6,0.00673,185.98,185.98,10.25,11.25,9.375,8.75,82.06678
1513.93,56.51,0.00723,186.0,186.0,10.25,11.25,9.375,8.75,82.09401
1516.29,56.6,0.00711,186.02,186.02,10.1875,11.25,9.375,8.75,82.12124
1517.41,56.64,0.00719,186.04,186.04,10.1875,11.25,9.375,8.75,82.14846
1516.29,56.6,0.00719,186.06,186.06,10.1875,11.25,9.438,8.75,82.17569
1516.05,56.59,0.00704,186.08,186.08,10.1875,11.25,9.438,9.125,82.20292
1517.92,56.66,0.00719,186.1,186.1,10.1875,11.25,9.438,9.125,82.23015
1517.68,56.65,0.00723,186.12,186.12,10.1875,11.25,9.438,9.125,82.25737
1518.16,56.67,0.00563,186.14,186.14,10.1875,10.875,9.438,9.125,82.2846
1518.91,56.7,0.00719,186.16,186.16,10.1875,10.875,9.438,9.125,82.31183
1521.43,56.79,0.00726,186.18,186.18,10.1875,10.875,9.438,9.125,82.33906
1519.56,56.72,0.00692,186.2,186.2,10.1875,10.875,9.438,9.125,82.36629
1521.06,56.78,0.00719,186.22,186.22,10.1875,10.875,9.438,9.125,82.39351
1522.42,56.83,0.00719,186.24,186.24,10.1875,10.875,9.438,9.125,82.42074
1521.16,56.78,0.00726,186.26,186.26,10.25,10.875,9.438,9.125,82.44797
1522.66,56.84,0.00726,186.28,186.28,10.25,10.875,9.438,9.125,82.4752
1524.4,56.9,0.00662,186.3,186.3,10.25,10.875,9.438,9.125,82.50242
1523.17,56.86,0.00726,186.32,186.32,10.25,10.875,9.438,8.812,82.52965
1523.17,56.86,0.0073,186.34,186.34,10.25,10.875,9.438,8.812,82.55688
1526.55,56.98,0.00669,186.36,186.36,10.25,10.875,9.438,8.812,82.58411
1526.79,56.99,0.00726,186.38,186.38,10.25,11.25,9.438,8.812,82.61133
1525.42,56.94,0.00726,186.4,186.4,10.25,11.25,9.438,8.812,82.63856
1525.9,56.96,0.00719,186.42,186.42,10.25,11.25,9.438,8.812,82.66579
1528.05,57.04,0.00723,186.44,186.44,10.25,11.25,9.438,8.812,82.69302
1526.65,56.99,0.00719,186.46,186.46,10.25,11.25,9.438,8.812,82.72024
1527.78,57.03,0.00726,186.48,186.48,10.25,11.25,9.438,8.812,82.74747
1529.79,57.1,0.0073,186.5,186.5,10.25,11.25,9.438,8.812,82.7747
1529.79,57.1,0.00631,186.52,186.52,10.25,11.25,9.438,8.812,82.80193
1529.17,57.08,0.0073,186.54,186.54,10.25,11.25,9.438,8.812,82.82915
1531.29,57.16,0.00726,186.56,186.56,10.25,11.25,9.375,8.75,82.85638
1529.79,57.1,0.00688,186.58,186.58,10.25,11.25,9.375,8.75,82.88361
1531.8,57.18,0.00726,186.6,186.6,10.25,11.25,9.375,8.75,82.91084
1531.42,57.16,0.0073,186.62,186.62,10.25,11.312,9.375,8.75,82.93806
1534.29,57.27,0.0073,186.64,186.64,10.25,11.312,9.375,8.75,82.96529
1535.28,57.31,0.00734,184.66,184.66,10.25,11.312,9.375,8.75,83.173
1534.91,57.29,0.00639,184.68,184.68,10.25,11.312,9.375,9.062,83.20022
1536.17,57.34,0.0073,184.7,184.7,10.25,11.312,9.375,9.062,83.22745
1536.3,57.35,0.00726,184.72,184.72,10.25,11.312,9.375,9.062,83.25468
1535.17,57.3,0.0073,184.74,184.74,10.25,11.25,9.375,9.062,83.28191
1536.54,57.35,0.00734,184.76,184.76,10.25,11.25,9.375,9.062,83.30914
1537.77,57.4,0.00692,184.78,184.78,10.25,11.25,9.375,9.062,83.33637
1536.17,57.34,0.00742,184.8,184.8,10.25,11.25,9.375,9.062,83.36359
1537.67,57.4,0.0073,184.82,184.82,10.25,11.25,9.375,9.062,83.39082
1539.65,57.47,0.0057,184.84,184.84,10.25,11.25,9.375,9.062,83.41805
1537.4,57.39,0.00734,184.86,184.86,10.25,11.25,9.375,9.062,83.44528
1539.27,57.46,0.00738,184.88,184.88,10.25,11.25,9.375,9.062,83.4725
1539.92,57.48,0.00734,184.9,184.9,10.25,11.25,9.375,9.062,83.49973
1539.27,57.46,0.00738,184.92,184.92,10.25,11.25,9.438,8.75,83.52696
1538.9,57.44,0.00734,184.94,184.94,10.25,11.25,9.438,8.75,83.55419
1542.17,57.56,0.00734,184.96,184.96,10.25,11.25,9.438,8.75,83.58141
1542.27,57.57,0.00742,184.98,184.98,10.25,10.938,9.438,8.75,83.60864
1540.91,57.52,0.007,185.0,185.0,10.25,10.938,9.438,8.75,83.63587
1540.91,57.52,0.00734,185.02,185.02,10.25,10.938,9.438,8.75,83.6631
1543.67,57.62,0.00738,185.04,185.04,10.25,10.938,9.438,8.75,83.69033
1541.66,57.55,0.0062,185.06,185.06,10.25,10.938,9.438,8.75,83.71755
1542.92,57.59,0.00734,185.08,185.08,10.25,10.938,9.438,8.75,83.74478
1544.66,57.66,0.00734,185.1,185.1,10.25,10.938,9.438,8.75,83.77201
1544.28,57.64,0.00734,185.12,185.12,10.1875,10.938,9.438,8.75,83.79924
1545.78,57.7,0.00734,185.14,185.14,10.1875,10.938,9.438,8.75,83.82646
1546.4,57.72,0.00696,185.16,185.16,10.1875,10.938,9.438,8.812,83.85369
1546.53,57.73,0.00738,185.18,185.18,10.1875,10.938,9.438,8.812,83.88092
1546.67,57.73,0.00738,185.2,185.2,10.1875,10.938,9.438,8.812,83.90815
1548.27,57.79,0.00567,185.22,185.22,10.1875,11.25,9.438,8.812,83.93538
1550.02,57.86,0.00738,185.24,185.24,10.1875,11.25,9.438,8.812,83.9626
1548.78,57.81,0.00742,185.26,185.26,10.1875,11.25,9.438,8.812,83.98983
1549.16,57.83,0.00646,185.28,185.28,10.1875,11.25,9.438,8.812,84.01706
1551.03,57.9,0.00742,185.3,185.3,10.1875,11.25,9.438,8.812,84.04429
1549.53,57.84,0.00738,185.32,185.32,10.1875,11.25,9.438,8.812,84.07152
1552.27,57.94,0.00734,185.34,185.34,10.1875,11.25,9.438,8.812,84.09874
1552.53,57.95,0.00742,185.36,185.36,10.25,11.25,9.438,8.812,84.12597
1554.78,58.04,0.00704,185.38,185.38,10.25,11.25,9.438,8.812,84.1532
1551.89,57.93,0.00738,185.4,185.4,10.25,11.25,9.375,8.75,84.18043
1554.89,58.04,0.00742,185.42,185.42,10.25,11.25,9.375,8.75,84.20765
1556.02,58.08,0.00589,185.44,185.44,10.25,11.25,9.375,8.75,84.23488
1555.16,58.05,0.00742,185.46,185.46,10.25,11.25,9.375,8.75,84.26211
1555.16,58.05,0.00742,185.48,185.48,10.25,11.25,9.375,8.75,84.28934
1557.89,58.15,0.00742,185.5,185.5,10.25,11.25,9.375,8.75,84.31656
1555.4,58.06,0.00745,185.52,185.52,10.25,11.25,9.375,8.75,84.34379
1557.28,58.13,0.00738,185.54,185.54,10.25,11.25,9.375,8.75,84.37102
1558.27,58.17,0.00745,185.56,185.56,10.25,11.25,9.375,8.75,84.39825
1560.52,58.25,0.00742,185.58,185.58,10.25,11.25,9.375,8.75,84.42547
1558.91,58.19,0.00688,185.6,185.6,10.25,11.25,9.375,8.75,84.4527
1560.41,58.25,0.00742,185.62,185.62,10.25,11.25,9.375,8.75,84.47993
1560.41,58.25,0.00749,185.64,185.64,10.25,11.25,9.438,8.75,84.50716
1559.66,58.22,0.00627,185.66,185.66,10.25,11.25,9.438,8.75,84.53439
1560.52,58.25,0.00745,185.68,185.68,10.25,11.25,9.438,8.75,84.56161
1562.39,58.32,0.00749,185.7,185.7,10.25,11.312,9.438,8.75,84.58884
1560.79,58.26,0.00742,185.72,185.72,10.25,11.312,9.438,8.75,84.61607
1561.16,58.27,0.00745,185.74,185.74,10.25,11.312,9.438,8.75,84.6433
1562.63,58.33,0.00726,185.76,185.76,10.25,11.312,9.438,8.75,84.67052
1565.02,58.42,0.00745,185.78,185.78,10.25,11.312,9.438,8.75,84.69775
1562.9,58.34,0.00749,185.8,185.8,10.25,11.312,9.438,8.75,84.72498
1564.88,58.41,0.00631,185.82,185.82,10.25,11.312,9.438,8.75,84.75221
1565.26,58.43,0.00749,185.84,185.84,10.25,11.312,9.438,8.75,84.77944
1564.4,58.4,0.00742,185.86,185.86,10.25,11.312,9.438,8.75,84.80666
1565.77,58.45,0.00643,185.88,185.88,10.25,11.312,9.438,8.812,84.83389
1567.64,58.52,0.00745,185.9,185.9,10.25,11.312,9.438,8.812,84.86112
1566.01,58.45,0.00749,185.92,185.92,10.25,11.312,9.438,8.812,84.88835
1567.51,58.51,0.00749,185.94,185.94,10.25,11.312,9.438,8.812,84.91557
1569.52,58.59,0.00749,185.96,185.96,10.25,10.938,9.438,8.812,84.9428
1567.03,58.49,0.00726,185.98,185.98,10.25,10.938,9.438,8.812,84.97003
1568.39,58.54,0.00745,186.0,186.0,10.25,10.938,9.438,8.812,84.99726
1569.38,58.58,0.00749,186.02,186.02,10.25,10.938,9.438,8.812,85.02448
1571.53,58.66,0.00601,186.04,186.04,10.25,10.938,9.438,8.812,85.05171
1569.89,58.6,0.00753,186.06,186.06,10.25,10.938,9.438,8.812,85.07894
1571.64,58.66,0.00749,186.08,186.08,10.1875,10.938,9.438,8.812,85.10617
1573.4,58.73,0.00715,186.1,186.1,10.1875,10.938,9.438,8.812,85.13339
1572.28,58.69,0.00745,186.12,186.12,10.1875,10.938,9.438,9.125,85.16062
1572.01,58.68,0.00749,186.14,186.14,10.1875,10.938,9.438,9.125,85.18785
1574.15,58.76,0.00749,186.16,186.16,10.1875,10.938,9.438,9.125,85.21508
1573.03,58.72,0.00749,186.18,186.18,10.1875,10.938,9.438,9.125,85.2423
1574.64,58.78,0.00711,186.2,186.2,10.1875,11.312,9.438,9.125,85.26953
1575.01,58.79,0.00749,186.22,186.22,10.1875,11.312,9.438,9.125,85.29676
1577.13,58.87,0.00753,186.24,186.24,10.1875,11.312,9.438,9.125,85.32399
1575.01,58.79,0.00578,186.26,186.26,10.1875,11.312,9.438,9.125,85.35121
1577.5,58.88,0.00753,186.28,186.28,10.1875,11.312,9.438,9.125,85.37844
1578.01,58.9,0.00757,186.3,186.3,10.1875,11.312,9.438,9.125,85.40567
1577.88,58.9,0.00738,186.32,186.32,10.25,11.312,9.438,9.125,85.4329
1579.0,58.94,0.00749,186.34,186.34,10.25,11.312,9.438,9.125,85.46012
1579.27,58.95,0.0073,186.36,186.36,10.25,11.312,9.375,8.75,85.48735
1578.76,58.93,0.00753,186.38,186.38,10.25,11.312,9.375,8.75,85.51458
1578.9,58.94,0.00757,186.4,186.4,10.25,11.312,9.375,8.75,85.54181
1580.4,58.99,0.00635,186.42,186.42,10.25,11.312,9.375,8.75,85.56904
1582.0,59.05,0.00757,186.44,186.44,10.25,11.25,9.375,8.75,85.59626
1580.77,59.01,0.00753,186.46,186.46,10.25,11.25,9.375,8.75,85.62349
1581.63,59.04,0.00654,186.48,186.48,10.25,11.25,9.375,8.75,85.65072
1583.4,59.1,0.00761,186.5,186.5,10.25,11.25,9.375,8.75,85.67795
1580.88,59.01,0.00753,186.52,186.52,10.25,11.25,9.375,8.75,85.70517
1583.77,59.12,0.00749,186.54,186.54,10.25,11.25,9.375,8.75,85.7324
1585.0,59.16,0.00757,186.56,186.56,10.25,11.25,9.375,8.75,85.75963
1583.64,59.11,0.00723,186.58,186.58,10.25,11.25,9.375,8.75,85.78686
1584.01,59.13,0.00753,186.6,186.6,10.25,11.25,9.0,9.125,85.81408
1586.77,59.23,0.00757,186.62,186.62,10.25,11.25,9.0,9.125,85.84131
1586.77,59.23,0.00593,186.64,186.64,10.25,11.25,9.0,9.125,85.86854
1590.76,59.38,0.00764,184.66,184.66,10.25,10.875,9.0,9.125,86.12524
1590.39,59.37,0.0062,184.68,184.68,10.25,10.875,9.0,9.125,86.15247
1588.51,59.3,0.00761,184.7,184.7,10.25,10.875,9.438,8.75,86.1797
1589.26,59.32,0.00757,184.72,184.72,10.25,10.875,9.438,8.75,86.20692
1591.25,59.4,0.00688,184.74,184.74,10.25,10.875,9.438,8.75,86.23415
1589.37,59.33,0.00761,184.76,184.76,10.25,11.25,9.438,8.75,86.26138
1590.5,59.37,0.00764,184.78,184.78,10.25,11.25,9.438,8.75,86.28861
1590.87,59.38,0.00753,184.8,184.8,10.25,11.25,9.438,8.75,86.31584
1592.64,59.45,0.00764,184.82,184.82,10.25,11.25,9.438,8.75,86.34306
1590.25,59.36,0.0073,184.84,184.84,10.25,11.25,9.438,8.75,86.37029
1592.5,59.44,0.00761,184.86,184.86,10.25,11.25,9.438,8.75,86.39752
1593.76,59.49,0.00761,184.88,184.88,10.25,11.25,9.438,8.75,86.42475
1593.01,59.46,0.00662,184.9,184.9,10.25,11.25,9.438,8.75,86.45197
1592.88,59.46,0.00764,184.92,184.92,10.25,11.25,9.438,8.75,86.4792
1594.25,59.51,0.00764,184.94,184.94,10.25,11.25,9.438,8.812,86.50643
1592.88,59.46,0.00688,184.96,184.96,10.25,11.25,9.438,8.812,86.53366
1595.0,59.54,0.00761,184.98,184.98,10.25,11.25,9.438,8.812,86.56088
1595.64,59.56,0.00753,185.0,185.0,10.25,10.875,9.438,8.812,86.58811
1597.25,59.62,0.00764,185.02,185.02,10.25,10.875,9.438,8.812,86.61534
1595.37,59.55,0.00761,185.04,185.04,10.25,10.875,9.438,8.812,86.64257
1596.76,59.6,0.00665,185.06,185.06,10.25,10.875,9.438,8.812,86.66979
1598.26,59.66,0.00761,185.08,185.08,10.25,10.875,9.438,8.812,86.69702
1596.76,59.6,0.00764,185.1,185.1,10.25,10.875,9.438,8.812,86.72425
1599.12,59.69,0.00597,185.12,185.12,10.25,10.875,9.438,8.812,86.75148
1600.51,59.74,0.00764,185.14,185.14,10.25,10.875,9.438,8.812,86.77871
1600.14,59.73,0.00764,185.16,185.16,10.25,10.875,9.438,8.812,86.80593
1601.37,59.77,0.00749,185.18,185.18,10.25,10.875,9.438,8.812,86.83316
1601.61,59.78,0.00768,185.2,185.2,10.25,10.875,9.438,8.812,86.86039
1604.51,59.89,0.00742,185.22,185.22,10.25,10.875,9.438,8.812,86.88762
1601.88,59.79,0.00768,185.24,185.24,10.25,10.875,9.438,8.812,86.91484
1603.01,59.84,0.00768,185.26,185.26,10.25,10.875,9.438,8.812,86.94207
1605.26,59.92,0.00673,185.28,185.28,10.25,10.875,9.438,8.812,86.9693
1603.38,59.85,0.00772,185.3,185.3,10.25,10.875,9.438,8.812,86.99653
1604.75,59.9,0.00768,185.32,185.32,10.25,10.875,9.438,8.812,87.02375
1605.36,59.92,0.00658,185.34,185.34,10.25,10.875,9.438,8.812,87.05098
1606.11,59.95,0.00761,185.36,185.36,10.25,10.875,9.438,8.812,87.07821
1606.01,59.95,0.00764,185.38,185.38,10.25,10.875,9.438,8.812,87.10544
1609.01,60.06,0.00761,185.4,185.4,10.25,10.875,9.438,8.812,87.13266
1609.01,60.06,0.00768,185.42,185.42,10.25,10.875,9.438,8.812,87.15989
1607.37,60.0,0.00757,185.44,185.44,10.25,10.875,9.438,8.812,87.18712
1607.99,60.02,0.00768,185.46,185.46,10.25,10.875,9.438,8.812,87.21435
1611.36,60.15,0.00764,185.48,185.48,10.25,10.875,9.438,8.812,87.24158
1607.75,60.01,0.00627,185.5,185.5,10.25,11.25,9.438,8.812,87.2688
1610.51,60.12,0.00768,185.52,185.52,10.25,11.25,9.438,8.812,87.29603
1610.75,60.12,0.00776,185.54,185.54,10.25,11.25,9.438,8.812,87.32326
1610.37,60.11,0.00749,185.56,185.56,10.25,11.25,9.438,8.812,87.35049
1610.61,60.12,0.00764,185.58,185.58,10.25,11.25,9.438,8.812,87.37771
1613.62,60.23,0.00764,185.6,185.6,10.25,11.25,9.438,8.812,87.40494
1613.24,60.22,0.00772,185.62,185.62,10.25,11.25,9.438,8.812,87.43217
1613.0,60.21,0.00764,185.64,185.64,10.25,11.25,9.438,8.812,87.4594
1612.62,60.2,0.00719,185.66,185.66,10.25,11.25,9.375,9.188,87.48662
1614.87,60.28,0.00772,185.68,185.68,10.25,11.25,9.375,9.188,87.51385
1613.51,60.23,0.00772,185.7,185.7,10.25,11.25,9.375,9.188,87.54108
1614.98,60.28,0.00749,185.72,185.72,10.25,11.25,9.375,9.188,87.56831
1615.12,60.29,0.00764,185.74,185.74,10.25,10.938,9.375,9.188,87.59554
1614.12,60.25,0.00776,185.76,185.76,10.25,10.938,9.375,9.188,87.62276
1615.62,60.31,0.00802,185.78,185.78,10.25,10.938,9.375,9.188,87.64999
1616.99,60.36,0.0078,185.8,185.8,10.25,10.938,9.375,9.188,87.67722
1616.75,60.35,0.00738,185.82,185.82,10.25,10.938,9.375,9.188,87.70445
1616.75,60.35,0.00776,185.84,185.84,10.25,10.938,9.375,9.188,87.73167
1619.24,60.44,0.00772,185.86,185.86,10.25,10.938,9.375,9.188,87.7589
1620.23,60.48,0.00886,185.88,185.88,10.25,10.938,9.375,9.188,87.78613
1618.87,60.43,0.00776,185.9,185.9,10.25,10.938,9.438,8.75,87.81335
1620.13,60.48,0.00768,185.92,185.92,10.25,10.938,9.438,8.75,87.84058
1621.73,60.53,0.0089,185.94,185.94,10.25,10.938,9.438,8.75,87.86781
1620.37,60.48,0.00776,185.96,185.96,10.25,10.938,9.438,8.75,87.89504
1620.5,60.49,0.00768,185.98,185.98,10.25,11.25,9.438,8.75,87.92227
1623.13,60.59,0.0078,186.0,186.0,10.25,11.25,9.438,8.75,87.94949
1622.24,60.55,0.00776,186.02,186.02,10.25,11.25,9.438,8.75,87.97672
1622.48,60.56,0.00783,186.04,186.04,10.25,11.25,9.438,8.75,88.00395
1624.63,60.64,0.00783,186.06,186.06,10.25,11.25,9.438,8.75,88.03118
1625.86,60.69,0.00776,186.08,186.08,10.25,11.25,9.438,8.75,88.0584
1624.12,60.62,0.0057,186.1,186.1,10.25,11.25,9.438,8.75,88.08563
1625.48,60.67,0.0078,186.12,186.12,10.25,11.25,9.438,8.75,88.11286
1627.6,60.75,0.00768,186.14,186.14,10.25,11.25,9.438,9.125,88.14009
1625.0,60.66,0.00646,186.16,186.16,10.25,11.25,9.438,9.125,88.16732
1627.12,60.74,0.00776,186.18,186.18,10.25,11.25,9.438,9.125,88.19454
1628.24,60.78,0.00791,186.2,186.2,10.25,11.25,9.438,9.125,88.22177
1626.37,60.71,0.00761,186.22,186.22,10.25,11.312,9.438,9.125,88.249
1627.49,60.75,0.00783,186.24,186.24,10.25,11.312,9.438,9.125,88.27623
1629.37,60.82,0.0065,186.26,186.26,10.25,11.312,9.438,9.125,88.30345
1629.85,60.84,0.00802,186.28,186.28,10.25,11.312,9.438,9.125,88.33068
1629.47,60.82,0.00768,186.3,186.3,10.25,11.312,9.438,9.125,88.35791
1632.1,60.92,0.00403,186.32,186.32,10.25,11.312,9.438,9.125,88.38514
1631.48,60.9,0.00787,186.34,186.34,10.1875,11.312,9.438,9.125,88.41236
1631.73,60.91,0.00783,186.36,186.36,10.1875,11.312,9.438,9.125,88.43959
1632.23,60.93,0.00757,186.38,186.38,10.1875,11.312,9.438,8.75,88.46682
1633.6,60.98,0.00783,186.4,186.4,10.1875,11.312,9.438,8.75,88.49405
1632.23,60.93,0.00799,186.42,186.42,10.1875,11.312,9.438,8.75,88.52128
1634.62,61.02,0.00776,186.44,186.44,10.1875,11.312,9.438,8.75,88.5485
1635.1,61.03,0.00787,186.46,186.46,10.1875,11.25,9.438,8.75,88.57573
1636.36,61.08,0.00761,186.48,186.48,10.1875,11.25,9.438,8.75,88.60296
1634.48,61.01,0.00783,186.5,186.5,10.1875,11.25,9.438,8.75,88.63019
1636.74,61.09,0.0078,186.52,186.52,10.1875,11.25,9.438,8.75,88.65741
1637.86,61.14,0.00681,186.54,186.54,10.1875,11.25,9.438,8.75,88.68464
1637.35,61.12,0.00783,186.56,186.56,10.1875,11.25,9.438,8.75,88.71187
1637.99,61.14,0.00787,186.58,186.58,10.25,11.25,9.438,8.75,88.7391
1639.98,61.22,0.00783,186.6,186.6,10.25,11.25,9.438,8.75,88.76632
1637.62,61.13,0.0078,186.62,186.62,10.25,11.25,9.375,9.188,88.79355
1638.24,61.15,0.00764,186.64,186.64,10.25,11.25,9.375,9.188,88.82078
1642.36,61.3,0.00764,184.66,184.66,10.25,11.312,9.375,9.188,89.02055
1642.74,61.32,0.00791,184.68,184.68,10.25,11.312,9.375,9.188,89.04778
1643.11,61.33,0.0078,184.7,184.7,10.25,11.312,9.375,9.188,89.075
1643.35,61.34,0.00646,184.72,184.72,10.1875,11.312,9.375,9.188,89.10223
1644.99,61.4,0.00787,184.74,184.74,10.1875,11.312,9.438,9.188,89.12946
1645.98,61.44,0.00787,184.76,184.76,10.1875,11.312,9.438,8.75,89.15669
1643.97,61.37,0.00761,184.78,184.78,10.1875,11.312,9.438,8.75,89.18392
1645.47,61.42,0.00787,184.8,184.8,10.1875,11.312,9.438,8.75,89.21114
1647.61,61.5,0.0078,184.82,184.82,10.1875,11.312,9.438,8.75,89.23837
1644.48,61.38,0.0078,184.84,184.84,10.1875,11.312,9.438,8.75,89.2656
1647.1,61.48,0.00787,184.86,184.86,10.1875,11.312,9.438,8.75,89.29283
1647.61,61.5,0.00734,184.88,184.88,10.1875,11.312,9.438,8.75,89.32005
1645.98,61.44,0.00787,184.9,184.9,10.1875,11.312,9.438,8.75,89.34728
1646.73,61.47,0.00783,184.92,184.92,10.1875,11.312,9.438,8.75,89.37451
1649.49,61.57,0.00688,184.94,184.94,10.1875,11.312,9.438,8.75,89.40174
1648.09,61.52,0.00783,184.96,184.96,10.25,11.312,9.438,8.75,89.42896
1648.98,61.55,0.00795,184.98,184.98,10.25,11.312,9.438,8.75,89.45619
1649.22,61.56,0.00787,185.0,185.0,10.25,11.312,9.438,9.125,89.48342
1651.98,61.66,0.00787,185.02,185.02,10.25,11.312,9.438,9.125,89.51065
1649.59,61.58,0.00795,185.04,185.04,10.25,11.312,9.438,9.125,89.53787
1652.11,61.67,0.00787,185.06,185.06,10.25,11.312,9.438,9.125,89.5651
1651.84,61.66,0.00795,185.08,185.08,10.25,11.25,9.438,9.125,89.59233
1650.72,61.62,0.00738,185.1,185.1,10.25,11.25,9.438,9.125,89.61956
1651.84,61.66,0.00791,185.12,185.12,10.25,11.25,9.438,9.125,89.64678
1653.96,61.74,0.00795,185.14,185.14,10.25,11.25,9.438,9.125,89.67401
1653.21,61.71,0.00692,185.16,185.16,10.25,11.25,9.438,9.125,89.70124
1654.47,61.76,0.00787,185.18,185.18,10.25,11.25,9.438,9.125,89.72847
1654.47,61.76,0.00791,185.2,185.2,10.25,11.25,9.438,9.125,89.75569
1657.6,61.87,0.0078,185.22,185.22,10.25,11.25,9.438,9.125,89.78292
1655.46,61.79,0.00795,185.24,185.24,10.25,11.25,9.438,8.812,89.81015
1656.21,61.82,0.0078,185.26,185.26,10.25,11.25,9.438,8.812,89.83738
1658.22,61.9,0.00791,185.28,185.28,10.25,11.25,9.438,8.812,89.8646
1656.35,61.83,0.00791,185.3,185.3,10.25,11.25,9.438,8.812,89.89183
1658.22,61.9,0.00715,185.32,185.32,10.25,11.312,9.438,8.812,89.91906
1658.35,61.9,0.00791,185.34,185.34,10.25,11.312,9.438,8.812,89.94629
1658.22,61.9,0.00799,185.36,185.36,10.25,11.312,9.438,8.812,89.97352
1658.6,61.91,0.0073,185.38,185.38,10.25,11.312,9.438,8.812,90.00074
1660.6,61.99,0.00791,185.4,185.4,10.25,11.312,9.438,8.812,90.02797
1662.86,62.07,0.00791,185.42,185.42,10.25,11.312,9.438,8.812,90.0552
1660.71,61.99,0.00799,185.44,185.44,10.25,11.312,9.438,8.812,90.08243
1661.36,62.01,0.00795,185.46,185.46,10.25,11.312,9.438,8.812,90.10965
1663.23,62.08,0.00738,185.48,185.48,10.25,11.312,9.375,8.75,90.13688
1660.98,62.0,0.00802,185.5,185.5,10.25,11.312,9.375,8.75,90.16411
1663.23,62.08,0.00795,185.52,185.52,10.25,11.312,9.375,8.75,90.19134
1664.46,62.13,0.00711,185.54,185.54,10.25,11.312,9.375,8.75,90.21857
1663.71,62.1,0.00799,185.56,185.56,10.25,11.25,9.375,8.75,90.24579
1664.73,62.14,0.00799,185.58,185.58,10.25,11.25,9.375,8.75,90.27302
1666.2,62.2,0.0078,185.6,185.6,10.25,11.25,9.375,8.75,90.30025
1667.22,62.23,0.00799,185.62,185.62,10.25,11.25,9.375,8.75,90.32748
1665.59,62.17,0.00799,185.64,185.64,10.25,11.25,9.375,8.75,90.3547
1666.71,62.21,0.00795,185.66,185.66,10.25,11.25,9.375,8.75,90.38193
1669.34,62.31,0.00799,185.68,185.68,10.25,11.25,9.375,8.75,90.40916
1668.08,62.27,0.00745,185.7,185.7,10.25,11.25,9.375,8.75,90.43639
1669.85,62.33,0.00799,185.72,185.72,10.25,11.25,9.438,8.812,90.46361
1670.33,62.35,0.00799,185.74,185.74,10.25,11.25,9.438,8.812,90.49084
1669.1,62.3,0.0073,185.76,185.76,10.25,11.25,9.438,8.812,90.51807
1670.46,62.35,0.00795,185.78,185.78,10.25,11.25,9.438,8.812,90.5453
1671.21,62.38,0.00799,185.8,185.8,10.25,11.312,9.438,8.812,90.57252
1672.85,62.44,0.00791,185.82,185.82,10.25,11.312,9.438,8.812,90.59975
1671.35,62.39,0.00802,185.84,185.84,10.25,11.312,9.438,8.812,90.62698
1673.97,62.48,0.00772,185.86,185.86,10.25,11.312,9.438,8.812,90.65421
1673.84,62.48,0.00799,185.88,185.88,10.25,11.312,9.438,8.812,90.68143
1674.08,62.49,0.00802,185.9,185.9,10.25,11.312,9.438,8.812,90.70866
1673.33,62.46,0.00772,185.92,185.92,10.25,11.312,9.438,8.812,90.73589
1677.46,62.62,0.00799,185.94,185.94,10.25,11.312,9.438,8.812,90.76312
1674.08,62.49,0.00802,185.96,185.96,10.25,11.312,9.438,8.75,90.79034
1676.09,62.56,0.00681,185.98,185.98,10.25,11.312,9.438,8.75,90.81757
1677.08,62.6,0.00806,186.0,186.0,10.25,11.312,9.438,8.75,90.8448
1676.46,62.58,0.00799,186.02,186.02,10.25,11.312,9.438,8.75,90.87203
1676.6,62.58,0.00791,186.04,186.04,10.25,11.312,9.438,8.75,90.89926
1678.71,62.66,0.00799,186.06,186.06,10.25,11.312,9.438,8.75,90.92648
1679.71,62.7,0.00761,186.08,186.08,10.25,11.312,9.438,8.75,90.95371
1678.71,62.66,0.00806,186.1,186.1,10.25,11.312,9.438,8.75,90.98094
1679.09,62.68,0.0081,186.12,186.12,10.25,11.312,9.438,8.75,91.00817
1682.2,62.79,0.0065,186.14,186.14,10.25,11.312,9.438,8.75,91.03539
1678.96,62.67,0.0081,186.16,186.16,10.25,11.312,9.438,8.75,91.06262
1681.82,62.78,0.00806,186.18,186.18,10.25,11.312,9.438,8.75,91.08985
1681.72,62.77,0.00802,186.2,186.2,10.25,11.312,9.438,9.125,91.11708
1680.97,62.75,0.00806,186.22,186.22,10.25,11.312,9.438,9.125,91.14431
1682.2,62.79,0.00806,186.24,186.24,10.25,11.312,9.438,9.125,91.17153
1683.83,62.85,0.00806,186.26,186.26,10.25,11.312,9.438,9.125,91.19876
1684.72,62.89,0.00806,186.28,186.28,10.25,11.25,9.438,9.125,91.22599
1682.71,62.81,0.00757,186.3,186.3,10.25,11.25,9.438,9.125,91.25322
1684.34,62.87,0.00814,186.32,186.32,10.25,11.25,9.438,9.125,91.28044
1685.57,62.92,0.0081,186.34,186.34,10.25,11.25,9.438,9.125,91.30767
1685.2,62.9,0.00662,186.36,186.36,10.25,11.25,9.438,9.125,91.3349
1686.32,62.95,0.00814,186.38,186.38,10.25,11.25,9.438,9.125,91.36213
1688.33,63.02,0.00814,186.4,186.4,10.25,11.25,9.438,9.125,91.38935
1686.46,62.95,0.00802,186.42,186.42,10.25,11.25,9.438,9.125,91.41658
1688.09,63.01,0.00814,186.44,186.44,10.25,11.25,9.438,8.75,91.44381
1687.58,62.99,0.00787,186.46,186.46,10.25,11.25,9.438,8.75,91.47104
1690.34,63.1,0.00814,186.48,186.48,10.25,11.25,9.438,8.75,91.49827
1687.82,63.0,0.00814,186.5,186.5,10.25,11.25,9.438,8.75,91.52549
1690.45,63.1,0.00669,186.52,186.52,10.25,10.938,9.438,8.75,91.55272
1691.2,63.13,0.0081,186.54,186.54,10.25,10.938,9.438,8.75,91.57995
1689.7,63.07,0.00814,186.56,186.56,10.25,10.938,9.438,8.75,91.60717
1690.58,63.1,0.00738,186.58,186.58,10.25,10.938,9.438,8.75,91.6344
1692.7,63.18,0.0081,186.6,186.6,10.25,10.938,9.438,8.75,91.66163
1690.58,63.1,0.0081,186.62,186.62,10.25,10.938,9.438,8.75,91.68886
1693.96,63.23,0.00802,186.64,186.64,10.25,10.938,9.438,8.75,91.71609
1695.57,63.29,0.00707,184.66,184.66,10.25,11.25,9.438,8.75,91.90171
1694.82,63.26,0.0081,184.68,184.68,10.25,11.25,9.438,8.75,91.92894
1695.57,63.29,0.00814,184.7,184.7,10.25,11.25,9.438,8.75,91.95617
1697.07,63.35,0.00802,184.72,184.72,10.25,11.25,9.438,8.75,91.9834
1697.82,63.38,0.00814,184.74,184.74,10.25,11.25,9.438,8.75,92.01063
1696.69,63.33,0.00818,184.76,184.76,10.25,11.25,9.438,8.75,92.03785
1696.83,63.34,0.00814,184.78,184.78,10.25,11.25,9.438,8.75,92.06508
1699.96,63.45,0.0081,184.8,184.8,10.25,11.25,9.438,8.75,92.09231
1698.08,63.38,0.00787,184.82,184.82,10.25,11.25,9.375,8.812,92.11954
1698.46,63.4,0.00814,184.84,184.84,10.25,11.25,9.375,8.812,92.14677
1700.07,63.46,0.00814,184.86,184.86,10.25,11.25,9.375,8.812,92.17399
1698.7,63.41,0.00745,184.88,184.88,10.25,11.25,9.375,8.812,92.20122
1700.58,63.48,0.00814,184.9,184.9,10.25,10.875,9.375,8.812,92.22845
1700.71,63.48,0.00814,184.92,184.92,10.25,10.875,9.375,8.812,92.25568
1700.33,63.47,0.00806,184.94,184.94,10.25,10.875,9.375,8.812,92.2829
1699.21,63.43,0.00821,184.96,184.96,10.25,10.875,9.375,8.812,92.31013
1702.58,63.55,0.00776,184.98,184.98,10.25,10.875,9.375,8.812,92.33736
1703.58,63.59,0.00818,185.0,185.0,10.25,10.875,9.375,8.812,92.36459
1702.21,63.54,0.00814,185.02,185.02,10.25,10.875,9.375,8.812,92.39181
1703.33,63.58,0.00772,185.04,185.04,10.25,10.875,9.375,8.812,92.41904
1705.45,63.66,0.00821,185.06,185.06,10.25,10.875,9.438,9.188,92.44627
1702.32,63.54,0.00818,185.08,185.08,10.25,10.875,9.438,9.188,92.4735
1704.94,63.64,0.00742,185.1,185.1,10.25,10.875,9.438,9.188,92.50072
1705.69,63.67,0.00818,185.12,185.12,10.25,10.875,9.438,9.188,92.52795
1704.94,63.64,0.00818,185.14,185.14,10.25,11.25,9.438,9.188,92.55518
1705.32,63.66,0.0081,185.16,185.16,10.25,11.25,9.438,9.188,92.58241
1707.43,63.73,0.00818,185.18,185.18,10.25,11.25,9.438,9.188,92.60963
1707.94,63.75,0.00787,185.2,185.2,10.25,11.25,9.438,9.188,92.63686
1706.58,63.7,0.00821,185.22,185.22,10.25,11.25,9.438,9.188,92.66409
1708.18,63.76,0.00821,185.24,185.24,10.25,11.25,9.438,9.188,92.69132
1709.58,63.81,0.00723,185.26,185.26,10.25,11.25,9.438,9.188,92.71855
1708.69,63.78,0.00821,185.28,185.28,10.25,11.25,9.438,9.188,92.74577
1709.68,63.82,0.00818,185.3,185.3,10.25,11.25,9.438,9.188,92.773
1709.95,63.83,0.00791,185.32,185.32,10.25,11.25,9.438,9.188,92.80023
1709.31,63.8,0.00818,185.34,185.34,10.25,11.25,9.438,9.188,92.82746
1711.08,63.87,0.00821,185.36,185.36,10.25,11.25,9.438,9.188,92.85468
1711.93,63.9,0.00818,185.38,185.38,10.25,10.938,9.438,9.188,92.88191
1713.19,63.95,0.00821,185.4,185.4,10.25,10.938,9.438,9.188,92.90914
1712.07,63.91,0.00787,185.42,185.42,10.25,10.938,9.438,9.188,92.93637
1713.7,63.97,0.00825,185.44,185.44,10.25,10.938,9.438,9.188,92.9636
1715.07,64.02,0.00825,185.46,185.46,10.25,10.938,9.438,9.188,92.99082
1714.08,63.98,0.00688,185.48,185.48,10.25,10.938,9.438,9.188,93.01805
1715.82,64.05,0.00825,185.5,185.5,10.25,10.938,9.438,9.188,93.04528
1717.56,64.11,0.00825,185.52,185.52,10.25,10.938,9.438,9.188,93.07251
1714.69,64.0,0.00829,185.54,185.54,10.25,10.938,9.438,8.75,93.09973
1716.44,64.07,0.00825,185.56,185.56,10.25,10.938,9.438,8.75,93.12696
1717.32,64.1,0.00799,185.58,185.58,10.25,10.938,9.438,8.75,93.15419
1720.05,64.2,0.00829,185.6,185.6,10.25,10.938,9.438,8.75,93.18142
1717.32,64.1,0.00825,185.62,185.62,10.25,11.312,9.438,8.75,93.20865
1719.57,64.19,0.00696,185.64,185.64,10.25,11.312,9.438,8.75,93.23587
1720.19,64.21,0.00825,185.66,185.66,10.25,11.312,9.438,8.75,93.2631
1719.06,64.17,0.00833,185.68,185.68,10.25,11.312,9.438,8.75,93.29033
1719.19,64.17,0.00738,185.7,185.7,10.25,11.312,9.438,8.75,93.31756
1723.32,64.33,0.00825,185.72,185.72,10.25,11.312,9.438,8.75,93.34478
1720.69,64.23,0.00825,185.74,185.74,10.25,11.312,9.438,8.75,93.37201
1722.44,64.29,0.00818,185.76,185.76,10.25,11.312,9.438,8.75,93.39924
1722.2,64.28,0.00825,185.78,185.78,10.25,11.312,9.375,8.812,93.42647
1724.55,64.37,0.00795,185.8,185.8,10.25,11.312,9.375,8.812,93.45369
1722.68,64.3,0.00829,185.82,185.82,10.25,11.312,9.375,8.812,93.48092
1724.82,64.38,0.00825,185.84,185.84,10.25,11.312,9.375,8.812,93.50815
1726.19,64.43,0.00681,185.86,185.86,10.25,10.938,9.375,8.812,93.53538
1723.19,64.32,0.00829,185.88,185.88,10.25,10.938,9.375,8.812,93.56261
1724.82,64.38,0.00829,185.9,185.9,10.25,10.938,9.375,8.812,93.58983
1726.43,64.44,0.00799,185.92,185.92,10.25,10.938,9.375,8.812,93.61706
1725.44,64.41,0.00829,185.94,185.94,10.25,10.938,9.375,8.812,93.64429
1727.18,64.47,0.00825,185.96,185.96,10.25,10.938,9.375,8.812,93.67152
1729.19,64.55,0.00825,185.98,185.98,10.25,10.938,9.375,8.812,93.69874
1729.94,64.57,0.00829,186.0,186.0,10.25,10.938,9.375,8.812,93.72597
1727.69,64.49,0.00806,186.02,186.02,10.25,10.938,9.438,8.812,93.7532
1729.43,64.56,0.00825,186.04,186.04,10.25,10.938,9.438,8.812,93.78043
1731.54,64.63,0.00829,186.06,186.06,10.25,10.938,9.438,8.812,93.80766
1729.32,64.55,0.007,186.08,186.08,10.25,10.938,9.438,8.812,93.83488
1731.44,64.63,0.00833,186.1,186.1,10.25,11.312,9.438,8.812,93.86211
1731.81,64.64,0.00829,186.12,186.12,10.25,11.312,9.438,8.812,93.88934
1731.44,64.63,0.0081,186.14,186.14,10.25,11.312,9.438,8.812,93.91657
1731.06,64.62,0.00825,186.16,186.16,10.25,11.312,9.438,8.812,93.94379
1733.69,64.71,0.0081,186.18,186.18,10.25,11.312,9.438,8.812,93.97102
1734.81,64.76,0.00833,186.2,186.2,10.25,11.312,9.438,8.812,93.99825
1733.93,64.72,0.00829,186.22,186.22,10.1875,11.312,9.438,8.812,94.02548
1734.68,64.75,0.00776,186.24,186.24,10.1875,11.312,9.438,8.812,94.05271
1735.8,64.79,0.00837,186.26,186.26,10.1875,11.312,9.438,8.812,94.07993
1732.8,64.68,0.00833,186.28,186.28,10.1875,11.312,9.438,8.812,94.10716
1735.3,64.77,0.00662,186.3,186.3,10.1875,11.312,9.438,8.812,94.13439
1736.69,64.83,0.00829,186.32,186.32,10.1875,11.312,9.438,8.812,94.16162
1736.18,64.81,0.00833,186.34,186.34,10.1875,11.312,9.438,8.812,94.18885
1735.43,64.78,0.00818,186.36,186.36,10.1875,11.312,9.438,8.812,94.21607
1738.43,64.89,0.00837,186.38,186.38,10.1875,11.312,9.438,8.812,94.2433
1736.55,64.82,0.00818,186.4,186.4,10.1875,11.312,9.438,8.812,94.27053
1737.17,64.84,0.00833,186.42,186.42,10.1875,11.312,9.438,8.812,94.29776
1739.05,64.91,0.00837,186.44,186.44,10.1875,11.312,9.438,8.812,94.32498
1740.92,64.98,0.0073,186.46,186.46,10.25,11.312,9.438,8.812,94.35221
1739.31,64.92,0.00825,186.48,186.48,10.25,11.312,9.438,8.812,94.37944
1740.55,64.97,0.00837,186.5,186.5,10.25,11.312,9.438,8.812,94.40667
1740.55,64.97,0.00783,186.52,186.52,10.25,11.312,9.438,8.812,94.4339
1740.06,64.95,0.0084,186.54,186.54,10.25,11.312,9.438,8.812,94.46112
1740.81,64.98,0.00829,186.56,186.56,10.25,11.312,9.438,8.812,94.48835
1742.56,65.05,0.0084,186.58,186.58,10.25,11.312,9.438,8.812,94.51558
1741.94,65.02,0.00833,186.6,186.6,10.25,10.875,9.438,8.812,94.54281
1742.18,65.03,0.00814,186.62,186.62,10.25,10.875,9.438,8.812,94.57003
1743.06,65.06,0.00833,186.64,186.64,10.25,10.875,9.438,8.812,94.59726
1744.91,65.13,0.00833,184.66,184.66,10.25,10.875,9.438,8.75,94.77789
1746.68,65.2,0.00833,184.68,184.68,10.25,10.875,9.438,8.75,94.80512
1747.06,65.21,0.0084,184.7,184.7,10.25,10.875,9.438,8.75,94.83235
1745.8,65.17,0.00829,184.72,184.72,10.25,11.312,9.438,8.75,94.85958
1745.42,65.15,0.00791,184.74,184.74,10.25,11.312,9.438,8.75,94.88681
1748.05,65.25,0.00837,184.76,184.76,10.25,11.312,9.438,8.75,94.91404
1745.66,65.16,0.00833,184.78,184.78,10.25,11.312,9.438,8.75,94.94126
1747.16,65.22,0.0078,184.8,184.8,10.25,11.312,9.438,8.75,94.96849
1749.41,65.3,0.00852,184.82,184.82,10.25,11.312,9.438,8.75,94.99572
1747.43,65.23,0.00852,184.84,184.84,10.25,11.312,9.438,8.75,95.02295
1748.56,65.27,0.00799,184.86,184.86,10.25,11.312,9.438,8.75,95.05018
1749.92,65.32,0.00837,184.88,184.88,10.25,11.312,9.375,8.75,95.0774
1748.56,65.27,0.0084,184.9,184.9,10.25,11.312,9.375,8.75,95.10463
1749.31,65.3,0.00833,184.92,184.92,10.25,11.312,9.375,8.75,95.13186
1749.68,65.31,0.00844,184.94,184.94,10.25,11.312,9.375,8.75,95.15909
1753.43,65.45,0.00783,184.96,184.96,10.25,11.312,9.375,8.75,95.18631
1752.04,65.4,0.00844,184.98,184.98,10.25,10.938,9.375,8.75,95.21354
1751.66,65.39,0.00833,185.0,185.0,10.25,10.938,9.375,8.75,95.24077
1753.3,65.45,0.00753,185.02,185.02,10.25,10.938,9.375,8.75,95.268
1752.04,65.4,0.0084,185.04,185.04,10.25,10.938,9.375,8.75,95.29522
1753.91,65.47,0.0084,185.06,185.06,10.25,10.938,9.375,8.75,95.32245
1755.41,65.53,0.0084,185.08,185.08,10.25,10.938,9.375,8.75,95.34968
1754.66,65.5,0.0084,185.1,185.1,10.25,10.938,9.375,8.75,95.37691
1753.67,65.46,0.00833,185.12,185.12,10.25,10.938,9.438,8.75,95.40413
1756.54,65.57,0.00848,185.14,185.14,10.25,10.938,9.438,8.75,95.43136
1757.29,65.59,0.00837,185.16,185.16,10.25,10.938,9.438,8.75,95.45859
1756.3,65.56,0.00753,185.18,185.18,10.25,10.938,9.438,8.75,95.48582
1758.04,65.62,0.0084,185.2,185.2,10.25,10.938,9.438,8.75,95.51304
1759.41,65.67,0.00844,185.22,185.22,10.25,11.312,9.438,8.75,95.54027
1757.29,65.59,0.00745,185.24,185.24,10.25,11.312,9.438,8.75,95.5675
1759.54,65.68,0.0084,185.26,185.26,10.25,11.312,9.438,8.75,95.59473
1759.17,65.67,0.00844,185.28,185.28,10.25,11.312,9.438,8.75,95.62195
1760.42,65.71,0.00844,185.3,185.3,10.25,11.312,9.438,8.75,95.64918
1760.29,65.71,0.00844,185.32,185.32,10.25,11.312,9.438,8.75,95.67641
1763.16,65.81,0.0081,185.34,185.34,10.25,11.312,9.438,8.75,95.70364
1761.66,65.76,0.00844,185.36,185.36,10.25,11.312,9.438,8.812,95.73087
1761.55,65.75,0.00852,185.38,185.38,10.25,11.312,9.438,8.812,95.75809
1761.79,65.76,0.00681,185.4,185.4,10.25,11.312,9.438,8.812,95.78532
1764.66,65.87,0.00844,185.42,185.42,10.25,11.312,9.438,8.812,95.81255
1763.8,65.84,0.00844,185.44,185.44,10.25,11.312,9.438,8.812,95.83978
1764.42,65.86,0.00787,185.46,185.46,10.25,11.25,9.438,8.812,95.867
1765.17,65.89,0.00856,185.48,185.48,10.25,11.25,9.438,8.812,95.89423
1764.28,65.86,0.00837,185.5,185.5,10.25,11.25,9.438,8.812,95.92146
1766.16,65.93,0.0084,185.52,185.52,10.25,11.25,9.438,8.812,95.94869
1767.18,65.96,0.00844,185.54,185.54,10.25,11.25,9.438,8.812,95.97591
1768.78,66.02,0.00814,185.56,185.56,10.25,11.25,9.438,8.812,96.00314
1768.03,66.0,0.00856,185.58,185.58,10.25,11.25,9.438,8.812,96.03037
1768.41,66.01,0.00856,185.6,185.6,10.25,11.25,9.438,8.812,96.0576
1770.28,66.08,0.0073,185.62,185.62,10.25,11.25,9.438,8.812,96.08483
1769.29,66.04,0.00848,185.64,185.64,10.25,11.25,9.438,8.812,96.11205
1770.04,66.07,0.00859,185.66,185.66,10.25,11.25,9.438,8.812,96.13928
1772.77,66.17,0.00848,185.68,185.68,10.25,11.25,9.438,8.812,96.16651
1770.15,66.08,0.00856,185.7,185.7,10.25,11.25,9.438,8.812,96.19374
1772.02,66.14,0.00852,185.72,185.72,10.25,11.25,9.438,8.812,96.22096
1773.52,66.2,0.00852,185.74,185.74,10.25,11.25,9.438,8.812,96.24819
1775.53,66.28,0.00856,185.76,185.76,10.25,11.25,9.438,8.812,96.27542
1773.42,66.2,0.00802,185.78,185.78,10.25,11.25,9.438,8.812,96.30265
1775.4,66.27,0.00859,185.8,185.8,10.25,11.25,9.438,8.812,96.32987
1776.9,66.33,0.00856,185.82,185.82,10.25,11.25,9.438,8.812,96.3571
1775.78,66.28,0.00757,185.84,185.84,10.25,11.25,9.438,8.812,96.38433
1775.29,66.27,0.00856,185.86,185.86,10.25,11.25,9.438,8.812,96.41156
1777.78,66.36,0.00852,185.88,185.88,10.25,11.25,9.438,8.812,96.43878
1776.15,66.3,0.00848,185.9,185.9,10.25,11.25,9.438,8.812,96.46601
1778.67,66.39,0.00859,185.92,185.92,10.25,11.25,9.438,8.812,96.49324
1777.17,66.34,0.00818,185.94,185.94,10.25,11.25,9.438,8.812,96.52047
1777.78,66.36,0.00856,185.96,185.96,10.25,11.25,9.438,8.812,96.54769
1778.53,66.39,0.00856,185.98,185.98,10.25,11.25,9.438,8.812,96.57492
1780.17,66.45,0.00757,186.0,186.0,10.25,11.25,9.438,8.812,96.60215
1780.92,66.48,0.00859,186.02,186.02,10.25,11.25,9.438,8.812,96.62938
1780.92,66.48,0.00856,186.04,186.04,10.25,11.25,9.438,8.812,96.6566
1782.04,66.52,0.00848,186.06,186.06,10.25,11.25,9.438,8.812,96.68383
1784.03,66.59,0.00863,186.08,186.08,10.25,11.25,9.438,9.125,96.71106
1781.29,66.49,0.00856,186.1,186.1,10.25,11.25,9.438,9.125,96.73829
1782.04,66.52,0.00856,186.12,186.12,10.25,11.25,9.438,9.125,96.76552
1783.52,66.57,0.00859,186.14,186.14,10.25,11.25,9.438,9.125,96.79274
1783.14,66.56,0.00825,186.16,186.16,10.25,11.25,9.438,9.125,96.81997
1784.78,66.62,0.00856,186.18,186.18,10.25,11.25,9.438,9.125,96.8472
1784.64,66.62,0.00863,186.2,186.2,10.25,11.25,9.438,9.125,96.87443
1786.41,66.68,0.00734,186.22,186.22,10.25,11.25,9.438,9.125,96.90165
1784.78,66.62,0.00863,186.24,186.24,10.25,11.25,9.438,9.125,96.92888
1786.89,66.7,0.00859,186.26,186.26,10.25,11.25,9.438,9.125,96.95611
1787.54,66.72,0.00848,186.28,186.28,10.25,11.25,9.438,9.125,96.98334
1786.79,66.7,0.00856,186.3,186.3,10.25,11.25,9.438,9.125,97.01056
1787.91,66.74,0.00859,186.32,186.32,10.25,11.25,9.438,8.812,97.03779
1788.66,66.77,0.00863,186.34,186.34,10.25,11.25,9.438,8.812,97.06502
1787.54,66.72,0.00856,186.36,186.36,10.25,11.25,9.438,8.812,97.09225
1788.77,66.77,0.00806,186.38,186.38,10.25,11.25,9.438,8.812,97.11948
1789.89,66.81,0.00863,186.4,186.4,10.25,11.25,9.438,8.812,97.1467
1792.14,66.9,0.00859,186.42,186.42,10.25,10.938,9.438,8.812,97.17393
1789.28,66.79,0.00688,186.44,186.44,10.25,10.938,9.438,8.812,97.20116
1790.91,66.85,0.00863,186.46,186.46,10.25,10.938,9.438,8.812,97.22839
1792.04,66.89,0.00859,186.48,186.48,10.25,10.938,9.438,8.812,97.25561
1790.54,66.84,0.00856,186.5,186.5,10.25,10.938,9.438,8.812,97.28284
1791.39,66.87,0.00859,186.52,186.52,10.25,10.938,9.438,8.812,97.31007
1794.77,66.99,0.00844,186.54,186.54,10.25,10.938,9.438,8.812,97.3373
1793.16,66.93,0.00863,186.56,186.56,10.25,10.938,9.438,8.812,97.36452
1792.89,66.92,0.00867,186.58,186.58,10.25,10.938,9.438,8.812,97.39175
1793.54,66.95,0.00692,186.6,186.6,10.25,10.938,9.438,8.812,97.41898
1796.51,67.06,0.00863,186.62,186.62,10.25,10.938,9.438,8.812,97.44621
1795.28,67.01,0.00859,186.64,186.64,10.25,10.938,9.438,8.812,97.47343
1797.9,67.11,0.00768,184.66,184.66,10.25,11.312,9.438,8.812,97.66747
1799.65,67.18,0.00867,184.68,184.68,10.25,11.312,9.438,8.812,97.6947
1799.14,67.16,0.00867,184.7,184.7,10.25,11.312,9.438,8.812,97.72193
1796.78,67.07,0.00856,184.72,184.72,10.25,11.312,9.438,8.812,97.74915
1798.01,67.11,0.00863,184.74,184.74,10.25,11.312,9.438,8.812,97.77638
1800.02,67.19,0.00852,184.76,184.76,10.25,11.312,9.438,8.812,97.80361
1798.76,67.14,0.00871,184.78,184.78,10.25,11.312,9.438,8.812,97.83084
1799.14,67.16,0.00867,184.8,184.8,10.25,11.312,9.438,8.812,97.85807
1800.4,67.2,0.00669,184.82,184.82,10.25,11.312,9.438,8.812,97.88529
1798.89,67.15,0.00867,184.84,184.84,10.25,11.312,9.438,8.812,97.91252
1801.15,67.23,0.00863,184.86,184.86,10.25,11.312,9.438,8.812,97.93975
1801.15,67.23,0.00814,184.88,184.88,10.25,11.312,9.438,8.812,97.96698
1803.26,67.31,0.00867,184.9,184.9,10.25,11.312,9.438,8.812,97.99421
1801.39,67.24,0.00871,184.92,184.92,10.25,11.312,9.438,8.812,98.02143
1802.65,67.29,0.00871,184.94,184.94,10.25,11.312,9.438,8.812,98.04866
1804.28,67.35,0.00871,184.96,184.96,10.25,11.312,9.438,8.812,98.07589
1802.78,67.29,0.00837,184.98,184.98,10.25,11.312,9.438,8.812,98.10312
1803.53,67.32,0.00867,185.0,185.0,10.25,11.312,9.438,8.812,98.13034
1806.91,67.45,0.00871,185.02,185.02,10.25,11.312,9.438,8.812,98.15757
1803.77,67.33,0.0078,185.04,185.04,10.25,10.938,9.438,8.812,98.1848
1805.27,67.39,0.00871,185.06,185.06,10.25,10.938,9.438,8.812,98.21203
1805.4,67.39,0.00875,185.08,185.08,10.25,10.938,9.438,8.812,98.23926
1805.4,67.39,0.0084,185.1,185.1,10.25,10.938,9.438,8.812,98.26648
1805.4,67.39,0.00867,185.12,185.12,10.25,10.938,9.438,8.812,98.29371
1809.13,67.53,0.00844,185.14,185.14,10.25,10.938,9.438,8.812,98.32094
1809.13,67.53,0.00867,185.16,185.16,10.25,10.938,9.438,8.812,98.34817
1807.76,67.48,0.00871,185.18,185.18,10.25,10.938,9.438,9.188,98.37539
1808.51,67.51,0.00852,185.2,185.2,10.25,10.938,9.438,9.188,98.40262
1810.9,67.6,0.00875,185.22,185.22,10.25,10.938,9.438,9.188,98.42985
1808.89,67.52,0.00875,185.24,185.24,10.25,10.938,9.438,9.188,98.45708
1810.25,67.57,0.0078,185.26,185.26,10.25,10.938,9.438,9.188,98.48431
1810.15,67.57,0.00871,185.28,185.28,10.25,10.875,9.438,9.188,98.51153
1810.15,67.57,0.00875,185.3,185.3,10.25,10.875,9.438,9.188,98.53876
1811.0,67.6,0.00856,185.32,185.32,10.25,10.875,9.438,9.188,98.56599
1813.01,67.67,0.00871,185.34,185.34,10.25,10.875,9.438,9.188,98.59322
1813.25,67.68,0.00863,185.36,185.36,10.25,10.875,9.438,9.188,98.62044
1812.77,67.67,0.00875,185.38,185.38,10.25,10.875,9.438,9.188,98.64767
1814.38,67.73,0.00871,185.4,185.4,10.25,10.875,9.438,9.188,98.6749
1816.63,67.81,0.00719,185.42,185.42,10.25,10.875,9.438,8.812,98.70213
1815.64,67.77,0.00871,185.44,185.44,10.25,10.875,9.438,8.812,98.72935
1814.75,67.74,0.00875,185.46,185.46,10.25,10.875,9.438,8.812,98.75658
1816.25,67.8,0.00837,185.48,185.48,10.25,10.875,9.438,8.812,98.78381
1815.77,67.78,0.00875,185.5,185.5,10.25,10.875,9.438,8.812,98.81104
1818.13,67.87,0.00875,185.52,185.52,10.25,10.938,9.438,8.812,98.83826
1818.51,67.88,0.00875,185.54,185.54,10.25,10.938,9.438,8.812,98.86549
1821.0,67.97,0.00878,185.56,185.56,10.25,10.938,9.438,8.812,98.89272
1818.26,67.87,0.00863,185.58,185.58,10.25,10.938,9.438,8.812,98.91995
1820.38,67.95,0.00875,185.6,185.6,10.25,10.938,9.438,8.812,98.94717
1821.75,68.0,0.00878,185.62,185.62,10.25,10.938,9.438,8.812,98.9744
1820.38,67.95,0.00749,185.64,185.64,10.25,10.938,9.438,8.812,99.00163
1819.76,67.93,0.00875,185.66,185.66,10.25,10.938,9.438,8.812,99.02886
1823.01,68.05,0.00878,185.68,185.68,10.25,10.938,9.438,8.812,99.05609
1820.65,67.96,0.00848,185.7,185.7,10.25,10.938,9.438,8.812,99.08331
1821.88,68.01,0.00882,185.72,185.72,10.25,10.938,9.438,8.812,99.11054
1823.51,68.07,0.00867,185.74,185.74,10.25,10.938,9.438,8.812,99.13777
1825.77,68.15,0.00882,185.76,185.76,10.25,11.25,9.438,8.812,99.165
1823.01,68.05,0.00878,185.78,185.78,10.25,11.25,9.438,8.812,99.19222
1825.12,68.13,0.00818,185.8,185.8,10.25,11.25,9.438,8.812,99.21945
1825.5,68.14,0.00878,185.82,185.82,10.25,11.25,9.438,8.812,99.24668
1825.02,68.12,0.00882,185.84,185.84,10.25,11.25,9.438,8.812,99.27391
1826.01,68.16,0.00719,185.86,185.86,10.25,11.25,9.438,8.812,99.30113
1827.51,68.22,0.00878,185.88,185.88,10.25,11.25,9.438,8.812,99.32836
1825.77,68.15,0.00882,185.9,185.9,10.25,11.25,9.438,8.75,99.35559
1826.89,68.19,0.00856,185.92,185.92,10.25,11.25,9.438,8.75,99.38282
1828.02,68.23,0.00878,185.94,185.94,10.25,11.25,9.438,8.75,99.41005
1829.62,68.3,0.00871,185.96,185.96,10.25,11.25,9.438,8.75,99.43727
1828.87,68.27,0.00882,185.98,185.98,10.25,11.25,9.438,8.75,99.4645
1829.01,68.27,0.00886,186.0,186.0,10.25,11.25,9.438,8.75,99.49173
1830.88,68.34,0.00738,186.02,186.02,10.25,11.25,9.438,8.75,99.51896
1828.26,68.24,0.00882,186.04,186.04,10.25,11.25,9.438,8.75,99.54618
1830.51,68.33,0.00882,186.06,186.06,10.25,11.25,9.438,8.75,99.57341
1831.77,68.38,0.00821,186.08,186.08,10.25,11.25,9.438,8.75,99.60064
1830.51,68.33,0.00882,186.1,186.1,10.25,11.25,9.438,8.75,99.62787
1831.39,68.36,0.00886,186.12,186.12,10.3125,11.25,9.438,8.75,99.65509
1833.13,68.43,0.00886,186.14,186.14,10.3125,11.25,9.375,8.812,99.68232
1833.37,68.44,0.00882,186.16,186.16,10.3125,11.25,9.375,8.812,99.70955
1832.38,68.4,0.00859,186.18,186.18,10.3125,11.25,9.375,8.812,99.73678
1832.38,68.4,0.00886,186.2,186.2,10.3125,11.25,9.375,8.812,99.764
1836.37,68.55,0.00882,186.22,186.22,10.3125,11.25,9.375,8.812,99.79123
1833.51,68.44,0.0081,186.24,186.24,10.3125,10.938,9.375,8.812,99.81846
1835.12,68.5,0.00886,186.26,186.26,10.3125,10.938,9.375,8.812,99.84569
1835.25,68.5,0.00882,186.28,186.28,10.3125,10.938,9.375,8.812,99.87292
1835.38,68.51,0.00837,186.3,186.3,10.3125,10.938,9.375,8.812,99.90014
1835.12,68.5,0.00886,186.32,186.32,10.3125,10.938,9.375,8.812,99.92737
1838.62,68.63,0.00886,186.34,186.34,10.3125,10.938,9.375,8.812,99.9546
1838.49,68.63,0.00894,186.36,186.36,10.25,10.938,9.375,8.812,99.98183
1838.76,68.64,0.0089,186.38,186.38,10.25,10.938,9.375,9.188,100.00906
1836.62,68.56,0.00844,186.4,186.4,10.25,10.938,9.375,9.188,100.03628
1840.37,68.7,0.0089,186.42,186.42,10.25,10.938,9.375,9.188,100.06351
1837.63,68.59,0.00882,186.44,186.44,10.25,10.938,9.375,9.188,100.09074
1839.99,68.68,0.00799,186.46,186.46,10.25,10.938,9.375,9.188,100.11797
1840.87,68.72,0.0089,186.48,186.48,10.25,10.938,9.375,9.188,100.14519
1839.51,68.66,0.0089,186.5,186.5,10.25,11.312,9.375,9.188,100.17242
1840.37,68.7,0.00829,186.52,186.52,10.25,11.312,9.375,9.188,100.19965
1842.24,68.77,0.00882,186.54,186.54,10.25,11.312,9.375,9.188,100.22688
1841.49,68.74,0.00886,186.56,186.56,10.25,11.312,9.375,9.188,100.2541
1842.24,68.77,0.00886,186.58,186.58,10.25,11.312,9.375,9.188,100.28133
1844.76,68.86,0.00882,186.6,186.6,10.25,11.312,9.375,9.188,100.30856
1846.13,68.91,0.00829,186.62,186.62,10.25,11.312,9.438,8.812,100.33579
1844.12,68.84,0.0089,186.64,186.64,10.25,11.312,9.438,8.812,100.36301
1846.5,68.92,0.00871,184.66,184.66,10.25,10.938,9.438,8.812,100.54875
1848.75,69.01,0.00894,184.68,184.68,10.25,10.938,9.438,8.812,100.57598
1845.51,68.89,0.00867,184.7,184.7,10.25,10.938,9.438,8.812,100.60321
1848.86,69.01,0.00897,184.72,184.72,10.25,10.938,9.438,8.812,100.63044
1848.86,69.01,0.0089,184.74,184.74,10.25,10.938,9.438,8.812,100.65767
1847.25,68.95,0.00776,184.76,184.76,10.25,10.938,9.438,8.812,100.68489
1847.12,68.95,0.00897,184.78,184.78,10.25,10.938,9.438,8.812,100.71212
1850.36,69.07,0.00894,184.8,184.8,10.25,10.938,9.438,8.812,100.73935
1850.12,69.06,0.00875,184.82,184.82,10.25,10.938,9.438,8.812,100.76658
1849.98,69.06,0.00894,184.84,184.84,10.25,10.938,9.438,8.812,100.7938
1849.37,69.03,0.00897,184.86,184.86,10.25,10.938,9.438,8.812,100.82103
1851.86,69.12,0.0089,184.88,184.88,10.25,10.938,9.438,8.812,100.84826
1849.88,69.05,0.00894,184.9,184.9,10.25,10.938,9.438,8.812,100.87549
1851.11,69.1,0.00867,184.92,184.92,10.25,10.938,9.438,8.812,100.90272
1852.74,69.16,0.0089,184.94,184.94,10.25,10.938,9.438,8.812,100.92994
1851.86,69.12,0.00894,184.96,184.96,10.25,10.938,9.438,8.812,100.95717
1852.74,69.16,0.00738,184.98,184.98,10.25,10.938,9.438,8.812,100.9844
1854.24,69.21,0.00894,185.0,185.0,10.25,10.938,9.438,8.812,101.01163
1854.75,69.23,0.0089,185.02,185.02,10.25,10.938,9.438,8.812,101.03885
1853.25,69.18,0.00875,185.04,185.04,10.25,10.938,9.438,8.812,101.06608
1855.5,69.26,0.00894,185.06,185.06,10.25,10.938,9.438,8.812,101.09331
1857.0,69.32,0.0089,185.08,185.08,10.25,10.938,9.438,8.812,101.12054
1855.88,69.28,0.00894,185.1,185.1,10.25,11.312,9.438,8.812,101.14777
1855.61,69.27,0.00894,185.12,185.12,10.25,11.312,9.438,8.812,101.17499
1857.86,69.35,0.00802,185.14,185.14,10.25,11.312,9.438,8.812,101.20222
1857.48,69.33,0.00894,185.16,185.16,10.25,11.312,9.438,8.812,101.22945
1858.5,69.37,0.00897,185.18,185.18,10.25,11.312,9.438,8.812,101.25668
1859.49,69.41,0.00863,185.2,185.2,10.25,11.312,9.438,8.812,101.2839
1858.61,69.38,0.00897,185.22,185.22,10.25,11.312,9.438,8.812,101.31113
1857.99,69.35,0.00897,185.24,185.24,10.25,11.312,9.438,8.812,101.33836
1861.74,69.49,0.00897,185.26,185.26,10.25,11.312,9.438,8.812,101.36559
1861.74,69.49,0.00897,185.28,185.28,10.25,11.312,9.438,8.812,101.39282
1860.62,69.45,0.00886,185.3,185.3,10.25,11.312,9.438,8.812,101.42004
1862.87,69.54,0.00894,185.32,185.32,10.25,11.312,9.438,8.812,101.44727
1865.36,69.63,0.00901,185.34,185.34,10.25,11.312,9.438,8.812,101.4745
1861.61,69.49,0.00829,185.36,185.36,10.25,10.938,9.438,8.812,101.50173
1864.24,69.59,0.00905,185.38,185.38,10.25,10.938,9.438,8.812,101.52895
1864.99,69.61,0.00901,185.4,185.4,10.25,10.938,9.438,8.812,101.55618
1865.49,69.63,0.00848,185.42,185.42,10.25,10.938,9.438,8.812,101.58341
1865.36,69.63,0.00905,185.44,185.44,10.25,10.938,9.438,8.812,101.61064
1867.99,69.73,0.00894,185.46,185.46,10.25,10.938,9.438,8.812,101.63786
1867.37,69.7,0.00894,185.48,185.48,10.25,10.938,9.438,9.188,101.66509
1867.48,69.71,0.00897,185.5,185.5,10.25,10.938,9.438,9.188,101.69232
1867.85,69.72,0.00871,185.52,185.52,10.25,10.938,9.438,9.188,101.71955
1870.61,69.83,0.00905,185.54,185.54,10.25,10.938,9.438,9.188,101.74677
1868.5,69.75,0.00901,185.56,185.56,10.25,10.938,9.438,9.188,101.774
1870.0,69.8,0.00848,185.58,185.58,10.25,10.938,9.438,9.188,101.80123
1871.74,69.87,0.00901,185.6,185.6,10.25,10.938,9.438,9.188,101.82846
1869.49,69.78,0.00905,185.62,185.62,10.25,10.938,9.438,9.188,101.85568
1872.49,69.89,0.00882,185.64,185.64,10.25,10.938,9.438,9.188,101.88291
1873.34,69.93,0.00905,185.66,185.66,10.25,10.938,9.438,9.188,101.91014
1875.11,69.99,0.00901,185.68,185.68,10.25,10.938,9.438,9.188,101.93737
1873.61,69.94,0.00909,185.7,185.7,10.25,10.938,9.438,9.188,101.9646
1874.74,69.98,0.00897,185.72,185.72,10.25,10.938,9.438,8.812,101.99182
1875.97,70.03,0.0089,185.74,185.74,10.25,10.938,9.438,8.812,102.01905
1874.84,69.98,0.00901,185.76,185.76,10.25,10.938,9.438,8.812,102.04628
1875.11,69.99,0.00901,185.78,185.78,10.25,10.938,9.438,8.812,102.07351
1877.36,70.08,0.00791,185.8,185.8,10.25,10.938,9.438,8.812,102.10073
1875.11,69.99,0.00909,185.82,185.82,10.25,10.938,9.438,8.812,102.12796
1876.61,70.05,0.00909,185.84,185.84,10.25,11.312,9.438,8.812,102.15519
1877.36,70.08,0.00909,185.86,185.86,10.25,11.312,9.438,8.812,102.18242
1879.72,70.17,0.00905,185.88,185.88,10.25,11.312,9.438,8.812,102.20964
1877.09,70.07,0.00897,185.9,185.9,10.25,11.312,9.438,8.812,102.23687
1880.47,70.19,0.00901,185.92,185.92,10.25,11.312,9.438,8.812,102.2641
1881.6,70.23,0.00909,185.94,185.94,10.25,11.312,9.438,8.812,102.29133
1880.85,70.21,0.00829,185.96,185.96,10.25,11.312,9.438,8.812,102.31855
1880.23,70.18,0.0092,185.98,185.98,10.25,11.312,9.438,8.812,102.34578
1882.35,70.26,0.00909,186.0,186.0,10.25,11.312,9.438,8.812,102.37301
1880.98,70.21,0.00818,186.02,186.02,10.25,11.312,9.438,8.812,102.40024
1882.35,70.26,0.00901,186.04,186.04,10.25,11.312,9.438,8.812,102.42746
1882.99,70.29,0.00909,186.06,186.06,10.25,11.312,9.438,8.812,102.45469
1885.86,70.39,0.00897,186.08,186.08,10.25,10.875,9.438,8.812,102.48192
1882.61,70.27,0.00909,186.1,186.1,10.25,10.875,9.438,8.812,102.50915
1884.22,70.33,0.00882,186.12,186.12,10.25,10.875,9.438,8.812,102.53637
1885.86,70.39,0.00913,186.14,186.14,10.25,10.875,9.438,8.812,102.5636
1885.24,70.37,0.00909,186.16,186.16,10.25,10.875,9.438,8.812,102.59083
1886.1,70.4,0.00837,186.18,186.18,10.3125,10.875,9.438,8.812,102.61806
1888.35,70.49,0.00913,186.2,186.2,10.3125,10.875,9.438,8.75,102.64529
1886.85,70.43,0.00905,186.22,186.22,10.3125,10.875,9.438,8.75,102.67251
1886.34,70.41,0.00704,186.24,186.24,10.3125,10.875,9.438,8.75,102.69974
1889.1,70.52,0.00909,186.26,186.26,10.3125,10.875,9.438,8.75,102.72697
1890.36,70.56,0.00901,186.28,186.28,10.3125,10.875,9.438,8.75,102.7542
1889.1,70.52,0.00897,186.3,186.3,10.3125,10.875,9.438,8.75,102.78142
1889.61,70.53,0.00913,186.32,186.32,10.3125,11.25,9.438,8.75,102.80865
1890.73,70.58,0.00814,186.34,186.34,10.3125,11.25,9.438,8.75,102.83588
1888.96,70.51,0.00913,186.36,186.36,10.3125,11.25,9.438,8.75,102.86311
1891.11,70.59,0.00916,186.38,186.38,10.3125,11.25,9.438,8.75,102.89034
1892.61,70.65,0.00711,186.4,186.4,10.3125,11.25,9.438,8.75,102.91756
1892.1,70.63,0.00913,186.42,186.42,10.25,11.25,9.438,8.75,102.94479
1890.97,70.58,0.00924,186.44,186.44,10.25,11.25,9.438,8.812,102.97202
1893.36,70.67,0.00924,186.46,186.46,10.25,11.25,9.438,8.812,102.99925
1891.86,70.62,0.00928,186.48,186.48,10.25,11.25,9.438,8.812,103.02647
1893.09,70.66,0.00909,186.5,186.5,10.25,11.25,9.438,8.812,103.0537
1893.84,70.69,0.00913,186.52,186.52,10.25,11.25,9.438,8.812,103.08093
1897.35,70.82,0.00913,186.54,186.54,10.25,11.25,9.438,8.812,103.10816
1893.6,70.68,0.00753,186.56,186.56,10.25,10.875,9.438,8.812,103.13539
1896.36,70.79,0.00913,186.58,186.58,10.25,10.875,9.438,8.812,103.16261
1896.36,70.79,0.00935,186.6,186.6,10.25,10.875,9.438,8.812,103.18984
1895.23,70.74,0.00814,186.62,186.62,10.25,10.875,9.438,8.812,103.21707
1897.86,70.84,0.0092,186.64,186.64,10.25,10.875,9.438,8.812,103.2443
1900.59,70.94,0.0081,184.66,184.66,10.25,10.875,9.438,9.188,103.43218
1900.08,70.92,0.0092,184.68,184.68,10.25,10.875,9.438,9.188,103.45941
1901.58,70.98,0.00932,184.7,184.7,10.25,11.25,9.438,9.188,103.48663
1901.85,70.99,0.00916,184.72,184.72,10.25,11.25,9.438,9.188,103.51386
1900.46,70.94,0.00901,184.74,184.74,10.25,11.25,9.438,9.188,103.54109
1900.72,70.95,0.00859,184.76,184.76,10.25,11.25,9.438,9.188,103.56832
1902.97,71.03,0.00913,184.78,184.78,10.25,11.25,9.438,9.188,103.59555
1901.58,70.98,0.00928,184.8,184.8,10.25,11.25,9.438,9.188,103.62277
1901.96,71.0,0.00981,184.82,184.82,10.25,11.25,9.438,8.812,103.65
1902.84,71.03,0.00939,184.84,184.84,10.25,11.25,9.438,8.812,103.67723
1905.22,71.12,0.00928,184.86,184.86,10.25,11.25,9.438,8.812,103.70446
1901.96,71.0,0.00909,184.88,184.88,10.25,11.25,9.438,8.812,103.73168
1904.58,71.09,0.0092,184.9,184.9,10.25,11.25,9.438,8.812,103.75891
1905.47,71.13,0.00886,184.92,184.92,10.25,11.25,9.438,8.812,103.78614
1904.34,71.08,0.00924,184.94,184.94,10.25,11.312,9.438,8.812,103.81337
1904.47,71.09,0.0092,184.96,184.96,10.25,11.312,9.438,8.812,103.84059
1906.97,71.18,0.00924,184.98,184.98,10.25,11.312,9.438,8.812,103.86782
1905.09,71.11,0.00928,185.0,185.0,10.25,11.312,9.438,8.812,103.89505
1906.97,71.18,0.00928,185.02,185.02,10.25,11.312,9.438,8.812,103.92228
1907.96,71.22,0.00939,185.04,185.04,10.3125,11.312,9.438,8.812,103.9495
1909.73,71.28,0.0092,185.06,185.06,10.3125,11.312,9.438,8.812,103.97673
1907.1,71.19,0.00928,185.08,185.08,10.3125,11.312,9.438,8.812,104.00396
1908.33,71.23,0.0092,185.1,185.1,10.3125,11.312,9.438,8.812,104.03119
1910.21,71.3,0.00916,185.12,185.12,10.3125,11.312,9.438,8.812,104.05841
1908.84,71.25,0.00867,185.14,185.14,10.3125,11.312,9.438,8.812,104.08564
1910.48,71.31,0.00932,185.16,185.16,10.3125,11.312,9.438,8.812,104.11287
1911.95,71.37,0.0092,185.18,185.18,10.3125,11.312,9.438,8.812,104.1401
1910.72,71.32,0.0078,185.2,185.2,10.3125,11.312,9.438,8.812,104.16733
1910.58,71.32,0.00924,185.22,185.22,10.3125,11.312,9.438,8.812,104.19455
1912.59,71.39,0.0092,185.24,185.24,10.3125,11.312,9.438,8.812,104.22178
1915.22,71.49,0.00901,185.26,185.26,10.3125,11.312,9.438,8.812,104.24901
1914.47,71.46,0.00928,185.28,185.28,10.25,11.312,9.438,8.812,104.27624
1913.45,71.42,0.00909,185.3,185.3,10.25,11.312,9.438,8.875,104.30346
1916.34,71.53,0.00928,185.32,185.32,10.25,11.312,9.438,8.875,104.33069
1913.21,71.42,0.00924,185.34,185.34,10.25,11.312,9.438,8.875,104.35792
1915.59,71.5,0.00875,185.36,185.36,10.25,11.312,9.438,8.875,104.38515
1916.82,71.55,0.00928,185.38,185.38,10.25,11.312,9.438,8.875,104.41237
1917.09,71.56,0.00928,185.4,185.4,10.25,11.312,9.438,8.875,104.4396
1916.21,71.53,0.00806,185.42,185.42,10.25,11.312,9.438,8.875,104.46683
1918.59,71.62,0.00928,185.44,185.44,10.25,11.312,9.438,8.875,104.49406
1920.33,71.68,0.00932,185.46,185.46,10.25,11.312,9.438,8.875,104.52129
1918.7,71.62,0.00916,185.48,185.48,10.25,11.312,9.438,8.875,104.54851
1919.72,71.66,0.00935,185.5,185.5,10.25,11.312,9.438,8.875,104.57574
1922.83,71.77,0.00916,185.52,185.52,10.25,11.312,9.438,8.875,104.60297
1918.7,71.62,0.00928,185.54,185.54,10.25,11.312,9.438,9.188,104.6302
1921.46,71.72,0.00932,185.56,185.56,10.25,11.312,9.438,9.188,104.65742
1921.59,71.73,0.00806,185.58,185.58,10.25,11.312,9.438,9.188,104.68465
1921.46,71.72,0.00928,185.6,185.6,10.25,11.312,9.438,9.188,104.71188
1922.83,71.77,0.00932,185.62,185.62,10.25,11.312,9.438,9.188,104.73911
1924.83,71.85,0.00886,185.64,185.64,10.25,11.312,9.438,9.188,104.76633
1924.94,71.85,0.00935,185.66,185.66,10.25,10.938,9.438,9.188,104.79356
1923.58,71.8,0.00935,185.68,185.68,10.25,10.938,9.438,9.188,104.82079
1924.94,71.85,0.00932,185.7,185.7,10.25,10.938,9.438,9.188,104.84802
1926.71,71.92,0.00932,185.72,185.72,10.25,10.938,9.438,9.188,104.87525
1925.32,71.87,0.0092,185.74,185.74,10.25,10.938,9.438,9.188,104.90247
1927.7,71.96,0.00928,185.76,185.76,10.25,10.938,9.438,9.188,104.9297
1927.57,71.95,0.00932,185.78,185.78,10.1875,10.938,9.438,9.188,104.95693
1926.71,71.92,0.00863,185.8,185.8,10.1875,10.938,9.438,9.188,104.98416
1927.84,71.96,0.00928,185.82,185.82,10.1875,10.938,9.438,9.188,105.01138
1929.07,72.01,0.00932,185.84,185.84,10.1875,10.938,9.438,9.188,105.03861
1930.19,72.05,0.00909,185.86,185.86,10.1875,10.938,9.438,9.188,105.06584
1929.44,72.02,0.00932,185.88,185.88,10.1875,10.938,9.438,9.188,105.09307
1932.2,72.12,0.00916,185.9,185.9,10.1875,10.938,9.438,9.188,105.12029
1931.45,72.1,0.00932,185.92,185.92,10.1875,10.938,9.438,9.188,105.14752
1931.32,72.09,0.00935,185.94,185.94,10.1875,10.938,9.438,9.188,105.17475
1931.32,72.09,0.00916,185.96,185.96,10.1875,10.938,9.438,9.188,105.20198
1934.32,72.2,0.00935,185.98,185.98,10.1875,10.938,9.438,9.188,105.2292
1933.33,72.17,0.00935,186.0,186.0,10.1875,10.938,9.438,9.188,105.25643
1934.96,72.23,0.00833,186.02,186.02,10.25,10.938,9.438,8.812,105.28366
1934.21,72.2,0.00935,186.04,186.04,10.25,10.938,9.438,8.812,105.31089
1937.32,72.31,0.00935,186.06,186.06,10.25,10.938,9.438,8.812,105.33812
1934.08,72.19,0.00909,186.08,186.08,10.25,10.938,9.438,8.812,105.36534
1935.82,72.26,0.00935,186.1,186.1,10.25,10.938,9.438,8.812,105.39257
1938.07,72.34,0.00935,186.12,186.12,10.25,10.938,9.438,8.812,105.4198
1936.09,72.27,0.00943,186.14,186.14,10.25,11.312,9.438,8.812,105.44703
1936.33,72.28,0.00935,186.16,186.16,10.25,11.312,9.438,8.812,105.47425
1938.69,72.37,0.00856,186.18,186.18,10.25,11.312,9.438,8.812,105.50148
1938.07,72.34,0.00935,186.2,186.2,10.25,11.312,9.438,8.812,105.52871
1938.82,72.37,0.00943,186.22,186.22,10.25,11.312,9.438,8.812,105.55594
1939.81,72.41,0.00905,186.24,186.24,10.25,11.312,9.438,8.812,105.58316
1939.57,72.4,0.00939,186.26,186.26,10.25,11.312,9.438,8.812,105.61039
1940.32,72.43,0.00939,186.28,186.28,10.25,11.312,9.438,8.812,105.63762
1941.82,72.48,0.00935,186.3,186.3,10.25,11.312,9.438,8.812,105.66485
1942.19,72.5,0.00939,186.32,186.32,10.25,11.312,9.438,8.812,105.69207
1941.2,72.46,0.00909,186.34,186.34,10.25,11.312,9.438,8.812,105.7193
1943.45,72.54,0.00939,186.36,186.36,10.25,11.312,9.438,8.812,105.74653
1945.06,72.6,0.00939,186.38,186.38,10.25,10.938,9.438,8.812,105.77376
1942.94,72.53,0.00833,186.4,186.4,10.25,10.938,9.438,8.812,105.80098
1944.2,72.57,0.00939,186.42,186.42,10.25,10.938,9.438,8.812,105.82821
1945.2,72.61,0.00939,186.44,186.44,10.25,10.938,9.438,8.812,105.85544
1943.56,72.55,0.00909,186.46,186.46,10.25,10.938,9.438,8.812,105.88267
1946.56,72.66,0.00943,186.48,186.48,10.25,10.938,9.438,8.812,105.9099
1948.06,72.72,0.00932,186.5,186.5,10.25,10.938,9.438,8.875,105.93712
1948.57,72.73,0.00939,186.52,186.52,10.25,10.938,9.438,8.875,105.96435
1945.33,72.61,0.00939,186.54,186.54,10.25,10.938,9.438,8.875,105.99158
1948.06,72.72,0.00863,186.56,186.56,10.25,10.938,9.438,8.875,106.01881
1949.45,72.77,0.00947,186.58,186.58,10.25,10.938,9.438,8.875,106.04603
1949.45,72.77,0.00947,186.6,186.6,10.25,10.938,9.438,8.875,106.07326
1950.18,72.8,0.00825,186.62,186.62,10.25,11.312,9.438,8.875,106.10049
1951.3,72.84,0.00947,186.64,186.64,10.25,11.312,9.438,8.875,106.12772
1952.43,72.88,0.00947,184.66,184.66,10.25,11.312,9.438,8.812,106.32815
1953.55,72.92,0.00951,184.68,184.68,10.25,11.312,9.438,8.812,106.35537
1954.81,72.97,0.00901,184.7,184.7,10.25,11.312,9.438,8.812,106.3826
1952.94,72.9,0.00951,184.72,184.72,10.25,11.312,9.438,8.812,106.40983
1954.68,72.96,0.00935,184.74,184.74,10.25,11.312,9.438,8.812,106.43706
1955.56,73.0,0.00947,184.76,184.76,10.25,11.312,9.438,8.812,106.46429
1954.68,72.96,0.00951,184.78,184.78,10.25,11.312,9.438,8.812,106.49151
1954.95,72.97,0.00947,184.8,184.8,10.25,11.312,9.438,8.812,106.51874
1956.18,73.02,0.00947,184.82,184.82,10.25,11.312,9.438,8.812,106.54597
1956.18,73.02,0.00943,184.84,184.84,10.25,11.312,9.438,8.812,106.5732
1957.3,73.06,0.0081,184.86,184.86,10.25,11.312,9.438,9.188,106.60042
1956.69,73.04,0.00951,184.88,184.88,10.25,11.312,9.438,9.188,106.62765
1959.45,73.14,0.00943,184.9,184.9,10.25,11.312,9.438,9.188,106.65488
1955.56,73.0,0.00916,184.92,184.92,10.25,11.312,9.438,9.188,106.68211
1958.32,73.1,0.00951,184.94,184.94,10.25,11.312,9.438,9.188,106.70933
1959.18,73.13,0.00932,184.96,184.96,10.25,11.312,9.438,9.188,106.73656
1959.45,73.14,0.00951,184.98,184.98,10.25,11.312,9.438,9.188,106.76379
1959.93,73.16,0.00955,185.0,185.0,10.25,11.25,9.438,9.188,106.79102
1960.81,73.19,0.00905,185.02,185.02,10.25,11.25,9.438,9.188,106.81824
1959.82,73.16,0.00951,185.04,185.04,10.25,11.25,9.438,9.188,106.84547
1960.81,73.19,0.00951,185.06,185.06,10.25,11.25,9.438,9.188,106.8727
1963.06,73.28,0.00913,185.08,185.08,10.25,11.25,9.438,9.188,106.89993
1964.43,73.33,0.00951,185.1,185.1,10.25,11.25,9.438,9.188,106.92716
1960.81,73.19,0.00955,185.12,185.12,10.25,11.25,9.438,8.812,106.95438
1962.69,73.26,0.00955,185.14,185.14,10.25,11.25,9.438,8.812,106.98161
1963.81,73.3,0.00955,185.16,185.16,10.25,11.25,9.438,8.812,107.00884
1962.93,73.27,0.00932,185.18,185.18,10.25,11.25,9.438,8.812,107.03607
1963.06,73.28,0.00951,185.2,185.2,10.25,11.25,9.438,8.812,107.06329
1966.31,73.4,0.00955,185.22,185.22,10.25,11.25,9.438,8.812,107.09052
1964.43,73.33,0.00913,185.24,185.24,10.25,11.312,9.438,8.812,107.11775
1964.94,73.35,0.00955,185.26,185.26,10.25,11.312,9.438,8.812,107.14498
1966.31,73.4,0.00955,185.28,185.28,10.25,11.312,9.438,8.812,107.1722
1969.17,73.5,0.00913,185.3,185.3,10.25,11.312,9.438,8.812,107.19943
1965.8,73.38,0.00951,185.32,185.32,10.25,11.312,9.438,8.812,107.22666
1968.8,73.49,0.00951,185.34,185.34,10.25,11.312,9.438,8.812,107.25389
1969.44,73.51,0.00958,185.36,185.36,10.25,11.312,9.438,8.812,107.28111
1966.68,73.41,0.00955,185.38,185.38,10.25,11.312,9.438,8.812,107.30834
1969.68,73.52,0.00947,185.4,185.4,10.25,11.312,9.438,8.812,107.33557
1970.43,73.55,0.00955,185.42,185.42,10.25,11.312,9.438,8.812,107.3628
1969.17,73.5,0.00958,185.44,185.44,10.25,11.312,9.438,8.812,107.39002
1970.06,73.54,0.00871,185.46,185.46,10.25,11.312,9.438,8.812,107.41725
1972.17,73.62,0.00962,185.48,185.48,10.25,10.938,9.438,8.812,107.44448
1972.55,73.63,0.00958,185.5,185.5,10.25,10.938,9.438,8.812,107.47171
1972.55,73.63,0.0092,185.52,185.52,10.25,10.938,9.438,8.812,107.49894
1973.94,73.68,0.00955,185.54,185.54,10.25,10.938,9.438,8.812,107.52616
1975.44,73.74,0.00951,185.56,185.56,10.25,10.938,9.438,8.812,107.55339
1973.57,73.67,0.00962,185.58,185.58,10.25,10.938,9.438,8.812,107.58062
1975.31,73.73,0.00958,185.6,185.6,10.25,10.938,9.438,8.812,107.60785
1975.55,73.74,0.00909,185.62,185.62,10.25,10.938,9.438,8.812,107.63507
1975.31,73.73,0.00958,185.64,185.64,10.25,10.938,9.438,8.812,107.6623
1974.8,73.71,0.00958,185.66,185.66,10.25,10.938,9.438,8.812,107.68953
1977.66,73.82,0.00894,185.68,185.68,10.25,10.938,9.438,8.812,107.71676
1978.55,73.85,0.00962,185.7,185.7,10.25,10.938,9.438,8.812,107.74398
1977.05,73.8,0.00962,185.72,185.72,10.25,11.25,9.438,8.812,107.77121
1977.42,73.81,0.00958,185.74,185.74,10.25,11.25,9.438,8.812,107.79844
1979.81,73.9,0.00966,185.76,185.76,10.25,11.25,9.438,8.812,107.82567
1977.56,73.82,0.00951,185.78,185.78,10.25,11.25,9.438,8.812,107.85289
1980.05,73.91,0.00962,185.8,185.8,10.25,11.25,9.438,8.812,107.88012
1980.93,73.94,0.00966,185.82,185.82,10.25,11.25,9.438,8.812,107.90735
1978.79,73.86,0.00859,185.84,185.84,10.25,11.25,9.375,9.188,107.93458
1980.05,73.91,0.00962,185.86,185.86,10.25,11.25,9.375,9.188,107.9618
1982.54,74.0,0.00958,185.88,185.88,10.25,11.25,9.375,9.188,107.98903
1984.31,74.07,0.00878,185.9,185.9,10.25,11.25,9.375,9.188,108.01626
1981.55,73.97,0.00962,185.92,185.92,10.25,11.25,9.375,9.188,108.04349
1984.31,74.07,0.00958,185.94,185.94,10.25,11.25,9.375,9.188,108.07071
1986.18,74.14,0.00958,185.96,185.96,10.25,11.25,9.375,9.188,108.09794
1983.18,74.03,0.00966,185.98,185.98,10.25,11.25,9.375,9.188,108.12517
1983.8,74.05,0.00909,186.0,186.0,10.25,11.25,9.375,9.188,108.1524
1986.42,74.15,0.00958,186.02,186.02,10.25,11.25,9.375,9.188,108.17963
1984.92,74.09,0.00966,186.04,186.04,10.25,11.25,9.375,9.188,108.20685
1986.8,74.16,0.00894,186.06,186.06,10.25,11.25,9.375,9.188,108.23408
1986.67,74.16,0.00966,186.08,186.08,10.25,11.25,9.438,8.812,108.26131
1985.81,74.12,0.00962,186.1,186.1,10.25,11.25,9.438,8.812,108.28854
1986.18,74.14,0.00913,186.12,186.12,10.25,11.25,9.438,8.812,108.31576
1989.8,74.27,0.00962,186.14,186.14,10.25,11.25,9.438,8.812,108.34299
1990.42,74.3,0.00962,186.16,186.16,10.25,11.25,9.438,8.812,108.37022
1988.3,74.22,0.00958,186.18,186.18,10.25,11.25,9.438,8.812,108.39745
1989.67,74.27,0.00962,186.2,186.2,10.25,10.938,9.438,8.812,108.42468
1991.03,74.32,0.00924,186.22,186.22,10.25,10.938,9.438,8.812,108.4519
1988.43,74.22,0.0097,186.24,186.24,10.25,10.938,9.438,8.812,108.47913
1990.42,74.3,0.00966,186.26,186.26,10.25,10.938,9.438,8.812,108.50636
1991.3,74.33,0.0089,186.28,186.28,10.25,10.938,9.438,8.812,108.53359
1992.53,74.38,0.0097,186.3,186.3,10.25,10.938,9.438,8.812,108.56081
1989.91,74.28,0.0097,186.32,186.32,10.3125,10.938,9.438,8.875,108.58804
1993.28,74.4,0.00958,186.34,186.34,10.3125,10.938,9.438,8.875,108.61527
1994.17,74.44,0.0097,186.36,186.36,10.3125,10.938,9.438,8.875,108.6425
1993.55,74.41,0.00966,186.38,186.38,10.3125,10.938,9.438,8.875,108.66972
1993.93,74.43,0.0097,186.4,186.4,10.3125,10.938,9.438,8.875,108.69695
1997.54,74.56,0.0097,186.42,186.42,10.3125,10.938,9.438,8.875,108.72418
1995.05,74.47,0.00909,186.44,186.44,10.3125,10.938,9.438,8.875,108.75141
1995.53,74.49,0.00974,186.46,186.46,10.3125,10.938,9.438,8.875,108.77864
1996.66,74.53,0.0097,186.48,186.48,10.3125,10.938,9.438,8.875,108.80586
1995.29,74.48,0.00871,186.5,186.5,10.3125,10.938,9.438,8.875,108.83309
1996.66,74.53,0.00974,186.52,186.52,10.3125,10.938,9.438,8.875,108.86032
1999.42,74.63,0.00974,186.54,186.54,10.3125,10.938,9.438,8.875,108.88755
1999.93,74.65,0.00958,186.56,186.56,10.25,10.938,9.438,9.188,108.91477
1997.41,74.56,0.00974,186.58,186.58,10.25,10.938,9.438,9.188,108.942
1999.55,74.64,0.00943,186.6,186.6,10.25,10.938,9.438,9.188,108.96923
2000.3,74.67,0.0097,186.62,186.62,10.25,10.938,9.438,9.188,108.99646
1999.55,74.64,0.0097,186.64,186.64,10.25,10.938,9.438,9.188,109.02368
2002.79,74.76,0.00932,184.66,184.66,10.25,11.25,9.375,8.812,109.28269
2002.15,74.73,0.00974,184.68,184.68,10.25,11.25,9.375,8.812,109.30991
2002.9,74.76,0.0097,184.7,184.7,10.25,11.25,9.375,8.812,109.33714
2003.65,74.79,0.00974,184.72,184.72,10.25,11.25,9.375,8.812,109.36437
2004.29,74.81,0.00977,184.74,184.74,10.25,11.25,9.375,8.812,109.3916
2003.78,74.8,0.00955,184.76,184.76,10.25,11.25,9.375,8.812,109.41883
2004.91,74.84,0.00977,184.78,184.78,10.25,10.938,9.375,8.812,109.44605
2005.79,74.87,0.00977,184.8,184.8,10.25,10.938,9.375,8.812,109.47328
2004.29,74.81,0.00867,184.82,184.82,10.25,10.938,9.375,8.812,109.50051
2004.16,74.81,0.00974,184.84,184.84,10.25,10.938,9.375,8.812,109.52774
2007.78,74.94,0.00977,184.86,184.86,10.25,10.938,9.375,8.812,109.55496
2005.79,74.87,0.00916,184.88,184.88,10.25,10.938,9.375,8.812,109.58219
2005.29,74.85,0.00974,184.9,184.9,10.25,10.938,9.375,8.812,109.60942
2006.28,74.89,0.00958,184.92,184.92,10.25,10.938,9.375,8.812,109.63665
2008.79,74.98,0.00977,184.94,184.94,10.25,10.938,9.375,8.812,109.66387
2005.42,74.86,0.00974,184.96,184.96,10.25,10.938,9.375,8.812,109.6911
2008.04,74.95,0.00924,184.98,184.98,10.25,10.938,9.375,8.812,109.71833
2009.79,75.02,0.00974,185.0,185.0,10.25,10.938,9.375,8.812,109.74556
2008.53,74.97,0.00974,185.02,185.02,10.25,11.25,9.375,8.812,109.77278
2009.04,74.99,0.00871,185.04,185.04,10.25,11.25,9.375,8.812,109.80001
2011.42,75.08,0.00977,185.06,185.06,10.25,11.25,9.375,8.812,109.82724
2008.66,74.98,0.00977,185.08,185.08,10.25,11.25,9.375,8.812,109.85447
2011.53,75.08,0.00947,185.1,185.1,10.25,11.25,9.375,8.812,109.88169
2012.28,75.11,0.0097,185.12,185.12,10.25,11.25,9.438,8.75,109.90892
2012.92,75.14,0.00966,185.14,185.14,10.25,11.25,9.438,8.75,109.93615
2011.29,75.08,0.00981,185.16,185.16,10.25,11.25,9.438,8.75,109.96338
2012.79,75.13,0.00977,185.18,185.18,10.25,11.25,9.438,8.75,109.99061
2013.54,75.16,0.0092,185.2,185.2,10.25,11.25,9.438,8.75,110.01783
2013.3,75.15,0.00981,185.22,185.22,10.25,11.25,9.438,8.75,110.04506
2014.15,75.18,0.00977,185.24,185.24,10.25,11.25,9.438,8.75,110.07229
2016.16,75.26,0.00916,185.26,185.26,10.25,10.938,9.438,8.75,110.09952
2014.42,75.19,0.00977,185.28,185.28,10.25,10.938,9.438,8.75,110.12674
2014.66,75.2,0.00981,185.3,185.3,10.25,10.938,9.438,8.75,110.15397
2016.54,75.27,0.00977,185.32,185.32,10.25,10.938,9.438,8.75,110.1812
2018.89,75.36,0.00981,185.34,185.34,10.25,10.938,9.438,8.75,110.20843
2017.66,75.31,0.00974,185.36,185.36,10.3125,10.938,9.438,9.25,110.23566
2017.39,75.3,0.00981,185.38,185.38,10.3125,10.938,9.438,9.25,110.26288
2019.4,75.38,0.00981,185.4,185.4,10.3125,10.938,9.438,9.25,110.29011
2017.39,75.3,0.00871,185.42,185.42,10.3125,10.938,9.438,9.25,110.31734
2019.64,75.39,0.00985,185.44,185.44,10.3125,10.938,9.438,9.25,110.34457
2020.77,75.43,0.00985,185.46,185.46,10.3125,10.938,9.438,9.25,110.37179
2020.66,75.43,0.0092,185.48,185.48,10.3125,10.938,9.438,9.25,110.39902
2020.29,75.41,0.00977,185.5,185.5,10.3125,11.25,9.438,9.25,110.42625
2022.91,75.51,0.00977,185.52,185.52,10.3125,11.25,9.438,9.25,110.45348
2019.27,75.37,0.00977,185.54,185.54,10.3125,11.25,9.438,9.25,110.48071
2021.04,75.44,0.00981,185.56,185.56,10.3125,11.25,9.438,9.25,110.50793
2024.28,75.56,0.00947,185.58,185.58,10.3125,11.25,9.438,9.25,110.53516
2025.03,75.59,0.00977,185.6,185.6,10.25,11.25,9.438,9.25,110.56239
2022.4,75.49,0.00981,185.62,185.62,10.25,11.25,9.438,8.875,110.58962
2024.04,75.55,0.00913,185.64,185.64,10.25,11.25,9.438,8.875,110.61684
2025.16,75.59,0.00981,185.66,185.66,10.25,11.25,9.438,8.875,110.64407
2024.41,75.57,0.00981,185.68,185.68,10.25,11.25,9.438,8.875,110.6713
2025.16,75.59,0.00932,185.7,185.7,10.25,11.25,9.438,8.875,110.69853
2028.14,75.7,0.00981,185.72,185.72,10.25,11.25,9.438,8.875,110.72575
2026.29,75.64,0.00974,185.74,185.74,10.25,11.25,9.438,8.875,110.75298
2025.78,75.62,0.00981,185.76,185.76,10.25,11.25,9.438,8.875,110.78021
2027.41,75.68,0.00985,185.78,185.78,10.25,11.25,9.438,8.875,110.80744
2028.78,75.73,0.00958,185.8,185.8,10.25,11.25,9.438,8.875,110.83467
2028.03,75.7,0.00989,185.82,185.82,10.25,11.25,9.438,8.875,110.86189
2028.78,75.73,0.00985,185.84,185.84,10.25,11.25,9.438,8.875,110.88912
2030.15,75.78,0.00913,185.86,185.86,10.25,11.25,9.438,8.812,110.91635
2027.65,75.69,0.00985,185.88,185.88,10.25,11.25,9.438,8.812,110.94358
2030.66,75.8,0.00996,185.9,185.9,10.25,11.25,9.438,8.812,110.9708
2030.52,75.79,0.00977,185.92,185.92,10.25,11.25,9.438,8.812,110.99803
2029.53,75.76,0.00989,185.94,185.94,10.25,11.25,9.438,8.812,111.02526
2030.66,75.8,0.00989,185.96,185.96,10.25,11.25,9.438,8.812,111.05249
2032.77,75.88,0.00989,185.98,185.98,10.25,11.312,9.438,8.812,111.07972
2032.64,75.87,0.00989,186.0,186.0,10.25,11.312,9.438,8.812,111.10694
2032.16,75.86,0.00955,186.02,186.02,10.25,11.312,9.438,8.812,111.13417
2032.02,75.85,0.00989,186.04,186.04,10.25,11.312,9.438,8.812,111.1614
2034.51,75.94,0.00985,186.06,186.06,10.25,11.312,9.438,8.812,111.18863
2033.39,75.9,0.00882,186.08,186.08,10.25,11.312,9.438,8.812,111.21585
2034.78,75.95,0.00989,186.1,186.1,10.3125,11.312,9.438,8.812,111.24308
2035.02,75.96,0.00985,186.12,186.12,10.3125,11.312,9.438,8.812,111.27031
2035.4,75.98,0.00989,186.14,186.14,10.3125,11.312,9.438,8.812,111.29754
2035.26,75.97,0.00996,186.16,186.16,10.3125,11.312,9.438,8.812,111.32476
2037.65,76.06,0.00962,186.18,186.18,10.3125,11.312,9.438,8.812,111.35199
2039.01,76.11,0.00993,186.2,186.2,10.3125,11.312,9.438,8.812,111.37922
2036.28,76.01,0.00993,186.22,186.22,10.3125,10.875,9.438,8.812,111.40645
2037.14,76.04,0.00913,186.24,186.24,10.3125,10.875,9.438,8.812,111.43367
2040.41,76.16,0.00989,186.26,186.26,10.3125,10.875,9.438,8.812,111.4609
2038.16,76.08,0.00989,186.28,186.28,10.3125,10.875,9.438,8.812,111.48813
2039.28,76.12,0.00909,186.3,186.3,10.3125,10.875,9.438,8.812,111.51536
2040.89,76.18,0.00989,186.32,186.32,10.3125,10.875,9.438,8.812,111.54258
2038.77,76.1,0.00993,186.34,186.34,10.3125,10.875,9.438,9.25,111.56981
2039.76,76.14,0.00985,186.36,186.36,10.3125,10.875,9.438,9.25,111.59704
2041.88,76.22,0.00993,186.38,186.38,10.3125,10.875,9.438,9.25,111.62427
2042.52,76.24,0.00951,186.4,186.4,10.3125,10.875,9.438,9.25,111.6515
2041.02,76.19,0.00993,186.42,186.42,10.3125,10.875,9.438,9.25,111.67872
2044.13,76.3,0.01,186.44,186.44,10.3125,10.875,9.438,9.25,111.70595
2045.52,76.35,0.00886,186.46,186.46,10.3125,10.938,9.438,9.25,111.73318
2043.38,76.27,0.00993,186.48,186.48,10.3125,10.938,9.438,9.25,111.76041
2043.89,76.29,0.00993,186.5,186.5,10.3125,10.938,9.438,9.25,111.78763
2045.63,76.36,0.00993,186.52,186.52,10.3125,10.938,9.438,9.25,111.81486
2044.13,76.3,0.00993,186.54,186.54,10.3125,10.938,9.438,9.25,111.84209
2046.38,76.39,0.00993,186.56,186.56,10.3125,10.938,9.438,9.25,111.86932
2046.27,76.38,0.00996,186.58,186.58,10.3125,10.938,9.438,8.875,111.89654
2048.77,76.47,0.00996,186.6,186.6,10.3125,10.938,9.438,8.875,111.92377
2045.01,76.33,0.00958,186.62,186.62,10.3125,10.938,9.438,8.875,111.951
2048.39,76.46,0.00996,186.64,186.64,10.3125,10.938,9.438,8.875,111.97823
2049.14,76.49,0.00882,184.66,184.66,10.3125,11.312,9.438,8.875,112.19905
2052.14,76.6,0.01004,184.68,184.68,10.3125,11.312,9.438,8.875,112.22627
2051.52,76.58,0.00996,184.7,184.7,10.25,11.312,9.438,8.812,112.2535
2049.27,76.49,0.00989,184.72,184.72,10.25,11.312,9.438,8.812,112.28073
2049.27,76.49,0.01004,184.74,184.74,10.25,11.312,9.438,8.812,112.30796
2052.01,76.6,0.0097,184.76,184.76,10.25,11.312,9.438,8.812,112.33519
2048.9,76.48,0.00996,184.78,184.78,10.25,11.312,9.438,8.812,112.36241
2052.89,76.63,0.01,184.8,184.8,10.25,11.312,9.438,8.812,112.38964
2052.65,76.62,0.00844,184.82,184.82,10.25,10.938,9.438,8.812,112.41687
2050.88,76.55,0.01004,184.84,184.84,10.25,10.938,9.438,8.812,112.4441
2051.52,76.58,0.01004,184.86,184.86,10.25,10.938,9.438,8.812,112.47132
2052.52,76.61,0.00993,184.88,184.88,10.25,10.938,9.438,8.812,112.49855
2052.65,76.62,0.01,184.9,184.9,10.25,10.938,9.438,8.812,112.52578
2054.77,76.7,0.01004,184.92,184.92,10.25,10.938,9.438,8.812,112.55301
2054.12,76.67,0.01,184.94,184.94,10.3125,10.938,9.438,8.812,112.58024
2056.27,76.75,0.01,184.96,184.96,10.3125,10.938,9.438,8.812,112.60746
2054.26,76.68,0.00962,184.98,184.98,10.3125,10.938,9.438,8.812,112.63469
2056.88,76.78,0.01,185.0,185.0,10.3125,10.938,9.438,8.812,112.66192
2057.5,76.8,0.01004,185.02,185.02,10.3125,10.938,9.438,8.812,112.68915
2055.52,76.73,0.00882,185.04,185.04,10.3125,10.938,9.438,8.812,112.71637
2056.27,76.75,0.01,185.06,185.06,10.3125,11.25,9.438,8.812,112.7436
2058.38,76.83,0.01004,185.08,185.08,10.3125,11.25,9.438,8.812,112.77083
2057.5,76.8,0.01,185.1,185.1,10.3125,11.25,9.438,8.812,112.79806
2057.87,76.81,0.01004,185.12,185.12,10.3125,11.25,9.438,8.812,112.82528
2060.26,76.9,0.00985,185.14,185.14,10.3125,11.25,9.438,8.812,112.85251
2063.12,77.01,0.00996,185.16,185.16,10.3125,11.25,9.438,8.812,112.87974
2060.12,76.9,0.01004,185.18,185.18,10.25,11.25,9.438,9.188,112.90697
2060.87,76.93,0.00856,185.2,185.2,10.25,11.25,9.438,9.188,112.9342
2063.63,77.03,0.01004,185.22,185.22,10.25,11.25,9.438,9.188,112.96142
2060.5,76.91,0.01,185.24,185.24,10.25,11.25,9.438,9.188,112.98865
2063.26,77.02,0.00901,185.26,185.26,10.25,11.25,9.438,9.188,113.01588
2064.38,77.06,0.01,185.28,185.28,10.25,11.25,9.438,9.188,113.04311
2063.87,77.04,0.01004,185.3,185.3,10.25,10.938,9.438,9.188,113.07033
2063.02,77.01,0.00985,185.32,185.32,10.25,10.938,9.438,9.188,113.09756
2066.88,77.15,0.01012,185.34,185.34,10.25,10.938,9.438,9.188,113.12479
2066.88,77.15,0.00996,185.36,185.36,10.25,10.938,9.438,9.188,113.15202
2066.39,77.13,0.01004,185.38,185.38,10.25,10.938,9.438,9.188,113.17925
2067.01,77.16,0.01008,185.4,185.4,10.25,10.938,9.438,9.188,113.20647
2068.38,77.21,0.00932,185.42,185.42,10.3125,10.938,9.438,8.875,113.2337
2066.63,77.14,0.01004,185.44,185.44,10.3125,10.938,9.438,8.875,113.26093
2068.0,77.19,0.01008,185.46,185.46,10.3125,10.938,9.438,8.875,113.28816
2068.75,77.22,0.00966,185.48,185.48,10.3125,10.938,9.438,8.875,113.31538
2068.13,77.2,0.01008,185.5,185.5,10.3125,10.938,9.438,8.875,113.34261
2069.63,77.25,0.01008,185.52,185.52,10.3125,10.938,9.438,8.875,113.36984
2071.89,77.34,0.01012,185.54,185.54,10.3125,11.312,9.438,8.875,113.39707
2072.74,77.37,0.01008,185.56,185.56,10.3125,11.312,9.438,8.875,113.42429
2070.12,77.27,0.00977,185.58,185.58,10.3125,11.312,9.438,8.875,113.45152
2072.13,77.35,0.01004,185.6,185.6,10.3125,11.312,9.438,8.875,113.47875
2073.49,77.4,0.01008,185.62,185.62,10.3125,11.312,9.438,8.875,113.50598
2073.01,77.38,0.00882,185.64,185.64,10.3125,11.312,9.438,8.875,113.53321
2072.5,77.36,0.01008,185.66,185.66,10.25,11.312,9.438,8.812,113.56043
2075.26,77.46,0.01015,185.68,185.68,10.25,11.312,9.438,8.812,113.58766
2072.74,77.37,0.00966,185.7,185.7,10.25,11.312,9.438,8.812,113.61489
2074.0,77.42,0.01008,185.72,185.72,10.25,11.312,9.438,8.812,113.64212
2075.37,77.47,0.01,185.74,185.74,10.25,11.312,9.438,8.812,113.66934
2078.74,77.59,0.01012,185.76,185.76,10.25,11.312,9.438,8.812,113.69657
2074.62,77.44,0.01012,185.78,185.78,10.25,11.25,9.438,8.812,113.7238
2077.0,77.53,0.00947,185.8,185.8,10.25,11.25,9.438,8.812,113.75103
2077.24,77.54,0.01012,185.82,185.82,10.25,11.25,9.438,8.812,113.77825
2076.01,77.49,0.01008,185.84,185.84,10.25,11.25,9.438,8.812,113.80548
2076.63,77.52,0.00916,185.86,185.86,10.25,11.25,9.438,8.812,113.83271
2080.0,77.64,0.01012,185.88,185.88,10.25,11.25,9.438,8.812,113.85994
2076.76,77.52,0.01015,185.9,185.9,10.25,11.25,9.438,8.875,113.88717
2078.37,77.58,0.00977,185.92,185.92,10.25,11.25,9.438,8.875,113.91439
2079.25,77.61,0.01012,185.94,185.94,10.25,11.25,9.438,8.875,113.94162
2081.74,77.71,0.01008,185.96,185.96,10.25,11.25,9.438,8.875,113.96885
2079.63,77.63,0.01015,185.98,185.98,10.25,11.25,9.438,8.875,113.99608
2081.98,77.72,0.01015,186.0,186.0,10.25,11.25,9.438,8.875,114.0233
2082.87,77.75,0.00947,186.02,186.02,10.25,11.25,9.438,8.875,114.05053
2081.13,77.68,0.01015,186.04,186.04,10.25,11.25,9.438,8.875,114.07776
2082.63,77.74,0.01019,186.06,186.06,10.25,11.25,9.438,8.875,114.10499
2083.62,77.78,0.00974,186.08,186.08,10.25,11.25,9.438,8.875,114.13221
2082.73,77.74,0.01015,186.1,186.1,10.25,11.25,9.438,8.875,114.15944
2084.99,77.83,0.01015,186.12,186.12,10.25,11.25,9.438,8.875,114.18667
2086.38,77.88,0.01019,186.14,186.14,10.25,11.25,9.438,8.812,114.2139
2083.75,77.78,0.01015,186.16,186.16,10.25,11.25,9.438,8.812,114.24112
2086.0,77.86,0.01004,186.18,186.18,10.25,11.25,9.438,8.812,114.26835
2086.75,77.89,0.01015,186.2,186.2,10.25,11.25,9.438,8.812,114.29558
2088.36,77.95,0.01015,186.22,186.22,10.25,11.25,9.438,8.812,114.32281
2087.24,77.91,0.00916,186.24,186.24,10.25,11.25,9.438,8.812,114.35003
2089.24,77.99,0.01015,186.26,186.26,10.25,11.25,9.438,8.812,114.37726
2089.75,78.0,0.01023,186.28,186.28,10.25,11.25,9.438,8.812,114.40449
2087.99,77.94,0.00966,186.3,186.3,10.25,11.25,9.438,8.812,114.43172
2087.99,77.94,0.01019,186.32,186.32,10.25,11.25,9.438,8.812,114.45894
2090.61,78.04,0.01012,186.34,186.34,10.25,11.25,9.438,8.812,114.48617
2089.11,77.98,0.01019,186.36,186.36,10.25,11.25,9.438,8.812,114.5134
2091.25,78.06,0.01015,186.38,186.38,10.25,11.25,9.5,8.812,114.54063
2090.61,78.04,0.00974,186.4,186.4,10.25,11.25,9.5,8.812,114.56786
2092.73,78.12,0.01019,186.42,186.42,10.25,11.25,9.5,8.812,114.59508
2090.0,78.01,0.01023,186.44,186.44,10.25,11.25,9.5,8.812,114.62231
2092.86,78.12,0.00966,186.46,186.46,10.25,11.25,9.5,8.812,114.64954
2092.86,78.12,0.01019,186.48,186.48,10.25,11.25,9.5,8.812,114.67677
2093.0,78.13,0.01023,186.5,186.5,10.25,11.25,9.5,8.812,114.70399
2092.86,78.12,0.00985,186.52,186.52,10.25,11.25,9.5,8.812,114.73122
2094.5,78.18,0.01023,186.54,186.54,10.25,11.25,9.5,8.812,114.75845
2093.99,78.16,0.01015,186.56,186.56,10.25,11.25,9.5,8.812,114.78568
2093.99,78.16,0.01023,186.58,186.58,10.25,11.25,9.5,8.812,114.81291
2096.37,78.25,0.01019,186.6,186.6,10.25,11.25,9.5,8.812,114.84013
2098.73,78.34,0.00993,186.62,186.62,10.25,11.25,9.438,8.812,114.86736
2094.98,78.2,0.01023,186.64,186.64,10.25,11.25,9.438,8.812,114.89459
2097.98,78.31,0.00916,184.66,184.66,10.25,11.25,9.438,8.812,115.08274
2099.1,78.35,0.01027,184.68,184.68,10.25,11.25,9.438,8.812,115.10997
2097.12,78.28,0.01023,184.7,184.7,10.25,11.25,9.438,8.812,115.1372
2098.35,78.33,0.00989,184.72,184.72,10.25,11.25,9.438,8.812,115.16443
2101.11,78.43,0.01019,184.74,184.74,10.25,11.25,9.438,8.812,115.19166
2101.11,78.43,0.01015,184.76,184.76,10.25,11.25,9.125,8.875,115.21888
2099.61,78.37,0.01027,184.78,184.78,10.25,11.25,9.125,8.875,115.24611
2100.36,78.4,0.01027,184.8,184.8,10.25,11.25,9.125,8.875,115.27334
2102.1,78.47,0.00947,184.82,184.82,10.25,11.25,9.125,8.875,115.30057
2099.24,78.36,0.01031,184.84,184.84,10.25,11.25,9.125,8.875,115.32779
2102.0,78.46,0.01023,184.86,184.86,10.25,11.25,9.125,8.875,115.35502
2102.24,78.47,0.00974,184.88,184.88,10.25,11.25,9.125,8.875,115.38225
2100.87,78.42,0.01019,184.9,184.9,10.25,11.25,9.125,8.875,115.40948
2101.25,78.43,0.01027,184.92,184.92,10.25,11.25,9.125,8.875,115.4367
2104.62,78.56,0.01023,184.94,184.94,10.25,11.25,9.125,8.875,115.46393
2101.62,78.45,0.01023,184.96,184.96,10.25,11.25,9.125,8.875,115.49116
2103.6,78.52,0.01012,184.98,184.98,10.25,11.25,9.125,8.875,115.51839
2103.6,78.52,0.01027,185.0,185.0,10.3125,11.25,9.438,8.812,115.54561
2106.6,78.63,0.01027,185.02,185.02,10.3125,11.25,9.438,8.812,115.57284
2104.35,78.55,0.00958,185.04,185.04,10.3125,11.25,9.438,8.812,115.60007
2104.86,78.57,0.01023,185.06,185.06,10.3125,11.25,9.438,8.812,115.6273
2107.11,78.65,0.01031,185.08,185.08,10.3125,11.25,9.438,8.812,115.65452
2106.23,78.62,0.0097,185.1,185.1,10.3125,11.25,9.438,8.812,115.68175
2106.85,78.64,0.01023,185.12,185.12,10.3125,11.25,9.438,8.812,115.70898
2109.1,78.73,0.01027,185.14,185.14,10.3125,11.312,9.438,8.812,115.73621
2107.11,78.65,0.01031,185.16,185.16,10.3125,11.312,9.438,8.812,115.76344
2107.22,78.66,0.01031,185.18,185.18,10.3125,11.312,9.438,8.812,115.79066
2109.61,78.75,0.00977,185.2,185.2,10.3125,11.312,9.438,8.812,115.81789
2111.11,78.8,0.01027,185.22,185.22,10.3125,11.312,9.438,8.812,115.84512
2109.23,78.73,0.01031,185.24,185.24,10.25,11.312,9.5,8.875,115.87235
2109.98,78.76,0.00932,185.26,185.26,10.25,11.312,9.5,8.875,115.89957
2112.36,78.85,0.01031,185.28,185.28,10.25,11.312,9.5,8.875,115.9268
2109.36,78.74,0.01027,185.3,185.3,10.25,11.312,9.5,8.875,115.95403
2111.35,78.81,0.00981,185.32,185.32,10.25,11.312,9.5,8.875,115.98126
2112.1,78.84,0.01034,185.34,185.34,10.25,11.312,9.5,8.875,116.00848
2111.48,78.82,0.01023,185.36,185.36,10.25,11.312,9.5,8.875,116.03571
2111.61,78.82,0.01031,185.38,185.38,10.25,11.312,9.5,8.875,116.06294
2113.86,78.91,0.01031,185.4,185.4,10.25,11.312,9.5,8.875,116.09017
2114.62,78.93,0.00962,185.42,185.42,10.25,11.312,9.5,8.875,116.1174
2112.74,78.86,0.01034,185.44,185.44,10.25,11.312,9.5,8.875,116.14462
2115.74,78.97,0.01034,185.46,185.46,10.25,11.312,9.5,8.875,116.17185
2116.73,79.01,0.00951,185.48,185.48,10.25,11.312,9.438,8.812,116.19908
2114.11,78.91,0.01031,185.5,185.5,10.25,11.312,9.438,8.812,116.22631
2114.72,78.94,0.01031,185.52,185.52,10.25,11.312,9.438,8.812,116.25353
2117.11,79.03,0.01019,185.54,185.54,10.25,11.312,9.438,8.812,116.28076
2115.98,78.98,0.01027,185.56,185.56,10.25,11.312,9.438,8.812,116.30799
2115.61,78.97,0.01034,185.58,185.58,10.25,11.312,9.438,8.812,116.33522
2119.84,79.13,0.01034,185.6,185.6,10.25,11.312,9.438,8.812,116.36244
2119.22,79.11,0.01031,185.62,185.62,10.25,10.938,9.438,8.812,116.38967
2118.85,79.09,0.00955,185.64,185.64,10.25,10.938,9.438,8.812,116.4169
2118.61,79.08,0.01031,185.66,185.66,10.25,10.938,9.438,8.812,116.44413
2120.72,79.16,0.01031,185.68,185.68,10.25,10.938,9.438,8.812,116.47135
2120.72,79.16,0.00958,185.7,185.7,10.25,10.938,9.438,8.812,116.49858
2119.84,79.13,0.01034,185.72,185.72,10.25,10.938,9.438,8.75,116.52581
2123.35,79.26,0.01034,185.74,185.74,10.25,10.938,9.438,8.75,116.55304
2120.35,79.15,0.01038,185.76,185.76,10.25,10.938,9.438,8.75,116.58026
2121.23,79.18,0.01034,185.78,185.78,10.25,10.938,9.438,8.75,116.60749
2122.97,79.25,0.00993,185.8,185.8,10.25,10.938,9.438,8.75,116.63472
2124.61,79.31,0.01034,185.82,185.82,10.25,10.938,9.438,8.75,116.66195
2122.6,79.23,0.01042,185.84,185.84,10.25,10.938,9.438,8.75,116.68917
2125.36,79.33,0.00947,185.86,185.86,10.25,11.25,9.438,8.75,116.7164
2125.97,79.36,0.01042,185.88,185.88,10.25,11.25,9.438,8.75,116.74363
2124.34,79.3,0.01038,185.9,185.9,10.25,11.25,9.438,8.75,116.77086
2124.61,79.31,0.00932,185.92,185.92,10.25,11.25,9.438,8.75,116.79809
2129.11,79.47,0.01038,185.94,185.94,10.25,11.25,9.438,8.75,116.82531
2125.97,79.36,0.01034,185.96,185.96,10.25,11.25,9.438,9.188,116.85254
2126.97,79.39,0.01034,185.98,185.98,10.25,11.25,9.438,9.188,116.87977
2127.23,79.4,0.01034,186.0,186.0,10.25,11.25,9.438,9.188,116.907
2130.72,79.53,0.01023,186.02,186.02,10.25,11.25,9.438,9.188,116.93422
2127.34,79.41,0.01042,186.04,186.04,10.25,11.25,9.438,9.188,116.96145
2129.11,79.47,0.01038,186.06,186.06,10.25,11.25,9.438,9.188,116.98868
2131.33,79.56,0.00894,186.08,186.08,10.25,11.25,9.438,9.188,117.01591
2127.61,79.42,0.01034,186.1,186.1,10.25,11.312,9.438,9.188,117.04313
2129.59,79.49,0.01034,186.12,186.12,10.25,11.312,9.438,9.188,117.07036
2132.08,79.58,0.01015,186.14,186.14,10.25,11.312,9.438,9.188,117.09759
2129.72,79.5,0.01038,186.16,186.16,10.25,11.312,9.438,9.188,117.12482
2132.73,79.61,0.01038,186.18,186.18,10.25,11.312,9.438,9.188,117.15205
2133.96,79.66,0.01042,186.2,186.2,10.25,11.312,9.438,8.812,117.17927
2131.47,79.56,0.01042,186.22,186.22,10.25,11.312,9.438,8.812,117.2065
2131.47,79.56,0.01,186.24,186.24,10.25,11.312,9.438,8.812,117.23373
2133.34,79.63,0.01046,186.26,186.26,10.25,11.312,9.438,8.812,117.26096
2135.22,79.7,0.01042,186.28,186.28,10.25,11.312,9.438,8.812,117.28818
2133.85,79.65,0.00955,186.3,186.3,10.25,11.312,9.438,8.812,117.31541
2135.83,79.72,0.0105,186.32,186.32,10.25,11.312,9.438,8.812,117.34264
2136.21,79.74,0.01046,186.34,186.34,10.25,11.25,9.438,8.812,117.36987
2135.22,79.7,0.01031,186.36,186.36,10.25,11.25,9.438,8.812,117.39709
2136.21,79.74,0.01046,186.38,186.38,10.25,11.25,9.438,8.812,117.42432
2137.6,79.79,0.01012,186.4,186.4,10.25,11.25,9.438,8.812,117.45155
2136.96,79.77,0.01042,186.42,186.42,10.25,11.25,9.438,8.812,117.47878
2139.1,79.85,0.01042,186.44,186.44,10.25,11.25,9.438,8.812,117.506
2138.73,79.83,0.00916,186.46,186.46,10.25,11.25,9.438,8.812,117.53323
2140.84,79.91,0.01046,186.48,186.48,10.25,11.25,9.438,8.812,117.56046
2138.08,79.81,0.01046,186.5,186.5,10.25,11.25,9.438,8.812,117.58769
2140.47,79.9,0.01038,186.52,186.52,10.25,11.25,9.438,8.812,117.61491
2141.35,79.93,0.01042,186.54,186.54,10.25,11.25,9.438,8.812,117.64214
2140.23,79.89,0.01046,186.56,186.56,10.25,11.25,9.438,8.812,117.66937
2140.71,79.91,0.01042,186.58,186.58,10.25,10.875,9.438,8.812,117.6966
2142.48,79.97,0.01046,186.6,186.6,10.25,10.875,9.438,8.812,117.72382
2139.58,79.86,0.01015,186.62,186.62,10.25,10.875,9.438,8.812,117.75105
2142.34,79.97,0.01042,186.64,186.64,10.25,10.875,9.438,8.812,117.77828
2145.45,80.08,0.01008,184.66,184.66,10.25,10.875,9.438,8.812,118.03058
2147.46,80.16,0.01046,184.68,184.68,10.25,10.938,9.438,8.812,118.05781
2144.97,80.07,0.01038,184.7,184.7,10.25,10.938,9.438,8.812,118.08504
2147.97,80.18,0.0105,184.72,184.72,10.25,10.938,9.438,8.812,118.11227
2148.45,80.2,0.0105,184.74,184.74,10.25,10.938,9.438,8.812,118.13949
2149.2,80.22,0.00996,184.76,184.76,10.25,10.938,9.438,8.812,118.16672
2147.33,80.15,0.0105,184.78,184.78,10.25,10.938,9.438,8.812,118.19395
2150.09,80.26,0.01053,184.8,184.8,10.25,10.938,9.438,8.812,118.22118
2147.22,80.15,0.01,184.82,184.82,10.25,10.938,9.438,8.812,118.2484
2149.71,80.24,0.01046,184.84,184.84,10.25,10.938,9.438,8.812,118.27563
2149.71,80.24,0.01057,184.86,184.86,10.25,10.938,9.438,8.812,118.30286
2148.96,80.22,0.01046,184.88,184.88,10.25,10.938,9.438,8.812,118.33009
2149.47,80.23,0.01053,184.9,184.9,10.25,10.938,9.438,8.812,118.35732
2151.45,80.31,0.01004,184.92,184.92,10.25,11.25,9.438,8.812,118.38454
2152.58,80.35,0.0105,184.94,184.94,10.25,11.25,9.438,8.812,118.41177
2150.46,80.27,0.0105,184.96,184.96,10.25,11.25,9.438,8.812,118.439
2151.45,80.31,0.00958,184.98,184.98,10.25,11.25,9.438,8.812,118.46623
2154.96,80.44,0.01053,185.0,185.0,10.25,11.25,9.438,8.812,118.49345
2151.83,80.32,0.01053,185.02,185.02,10.3125,11.25,9.438,8.812,118.52068
2153.22,80.37,0.00977,185.04,185.04,10.3125,11.25,9.438,8.812,118.54791
2153.97,80.4,0.01057,185.06,185.06,10.3125,11.25,9.438,8.812,118.57514
2152.84,80.36,0.0105,185.08,185.08,10.3125,11.25,9.438,8.812,118.60236
2153.46,80.38,0.0105,185.1,185.1,10.3125,11.25,9.438,8.812,118.62959
2155.95,80.48,0.0105,185.12,185.12,10.3125,11.25,9.438,8.812,118.65682
2157.08,80.52,0.01023,185.14,185.14,10.3125,11.25,9.438,8.812,118.68405
2156.46,80.5,0.01053,185.16,185.16,10.3125,10.938,9.438,8.812,118.71128
2156.33,80.49,0.01061,185.18,185.18,10.3125,10.938,9.438,8.812,118.7385
2158.44,80.57,0.00943,185.2,185.2,10.3125,10.938,9.438,8.812,118.76573
2156.46,80.5,0.01053,185.22,185.22,10.3125,10.938,9.438,8.812,118.79296
2158.2,80.56,0.01053,185.24,185.24,10.3125,10.938,9.438,8.812,118.82019
2159.57,80.61,0.01046,185.26,185.26,10.25,10.938,9.438,8.812,118.84742
2156.59,80.5,0.01057,185.28,185.28,10.25,10.938,9.438,8.812,118.87464
2158.44,80.57,0.01046,185.3,185.3,10.25,10.938,9.438,8.812,118.90187
2159.94,80.62,0.01061,185.32,185.32,10.25,10.938,9.438,8.812,118.9291
2161.34,80.68,0.01053,185.34,185.34,10.25,10.938,9.438,8.812,118.95633
2159.33,80.6,0.01008,185.36,185.36,10.25,10.938,9.438,8.812,118.98355
2162.7,80.73,0.0105,185.38,185.38,10.25,10.938,9.438,8.812,119.01078
2161.44,80.68,0.01053,185.4,185.4,10.25,11.25,9.438,8.812,119.03801
2160.96,80.66,0.00958,185.42,185.42,10.25,11.25,9.438,8.812,119.06524
2161.44,80.68,0.01053,185.44,185.44,10.25,11.25,9.438,8.812,119.09247
2164.34,80.79,0.01057,185.46,185.46,10.25,11.25,9.438,8.812,119.11969
2162.84,80.73,0.01046,185.48,185.48,10.25,11.25,9.438,8.812,119.14692
2164.82,80.81,0.0105,185.5,185.5,10.25,11.25,9.438,8.812,119.17415
2164.07,80.78,0.01031,185.52,185.52,10.25,11.25,9.438,8.812,119.20138
2166.83,80.88,0.01057,185.54,185.54,10.25,11.25,9.438,8.812,119.2286
2163.45,80.76,0.01057,185.56,185.56,10.25,11.25,9.438,8.812,119.25583
2165.46,80.83,0.00939,185.58,185.58,10.25,11.25,9.438,8.812,119.28306
2166.96,80.89,0.01057,185.6,185.6,10.25,11.25,9.438,8.812,119.31029
2165.84,80.84,0.01065,185.62,185.62,10.25,11.25,9.438,8.812,119.33751
2165.46,80.83,0.00985,185.64,185.64,10.25,11.312,9.438,8.812,119.36474
2168.46,80.94,0.01057,185.66,185.66,10.25,11.312,9.438,8.812,119.39197
2166.96,80.89,0.01057,185.68,185.68,10.25,11.312,9.438,8.812,119.4192
2168.7,80.95,0.01053,185.7,185.7,10.25,11.312,9.438,8.812,119.44642
2170.69,81.03,0.01057,185.72,185.72,10.25,11.312,9.438,8.812,119.47365
2168.57,80.95,0.01023,185.74,185.74,10.25,11.312,9.438,8.812,119.50088
2169.32,80.97,0.01061,185.76,185.76,10.25,11.312,9.438,8.812,119.52811
2170.45,81.02,0.01057,185.78,185.78,10.25,11.312,9.438,8.812,119.55533
2171.57,81.06,0.00962,185.8,185.8,10.25,11.312,9.438,8.812,119.58256
2170.31,81.01,0.01057,185.82,185.82,10.25,11.312,9.438,8.812,119.60979
2171.7,81.06,0.01065,185.84,185.84,10.25,11.312,9.438,8.812,119.63702
2174.71,81.18,0.01019,185.86,185.86,10.25,11.312,9.438,8.812,119.66425
2173.31,81.12,0.01061,185.88,185.88,10.25,11.25,9.438,8.812,119.69147
2171.81,81.07,0.01057,185.9,185.9,10.25,11.25,9.438,8.812,119.7187
2175.46,81.2,0.01065,185.92,185.92,10.25,11.25,9.438,8.812,119.74593
2173.2,81.12,0.01057,185.94,185.94,10.25,11.25,9.438,8.812,119.77316
2175.83,81.22,0.01023,185.96,185.96,10.25,11.25,9.438,8.812,119.80038
2176.21,81.23,0.01065,185.98,185.98,10.25,11.25,9.438,9.188,119.82761
2177.06,81.26,0.01061,186.0,186.0,10.25,11.25,9.438,9.188,119.85484
2174.44,81.17,0.0097,186.02,186.02,10.25,11.25,9.438,9.188,119.88207
2176.45,81.24,0.01061,186.04,186.04,10.25,11.25,9.438,9.188,119.90929
2179.07,81.34,0.01057,186.06,186.06,10.25,11.25,9.438,9.188,119.93652
2177.06,81.26,0.0105,186.08,186.08,10.25,11.25,9.438,9.188,119.96375
2177.81,81.29,0.01069,186.1,186.1,10.25,11.25,9.438,9.188,119.99098
2180.57,81.39,0.0105,186.12,186.12,10.25,10.938,9.438,9.188,120.01821
2177.57,81.28,0.01065,186.14,186.14,10.25,10.938,9.438,9.188,120.04543
2179.45,81.35,0.01065,186.16,186.16,10.25,10.938,9.438,9.188,120.07266
2179.96,81.37,0.00977,186.18,186.18,10.25,10.938,9.438,9.188,120.09989
2183.68,81.51,0.01065,186.2,186.2,10.25,10.938,9.438,9.188,120.12712
2179.82,81.37,0.01065,186.22,186.22,10.3125,10.938,9.438,8.812,120.15435
2181.83,81.44,0.01042,186.24,186.24,10.3125,10.938,9.438,8.812,120.18157
2183.06,81.49,0.01069,186.26,186.26,10.3125,10.938,9.438,8.812,120.2088
2181.08,81.41,0.01069,186.28,186.28,10.3125,10.938,9.438,8.812,120.23603
2182.69,81.47,0.01057,186.3,186.3,10.3125,10.938,9.438,8.812,120.26326
2184.19,81.53,0.01065,186.32,186.32,10.3125,10.938,9.438,8.812,120.29048
2183.06,81.49,0.01046,186.34,186.34,10.3125,10.938,9.438,8.812,120.31771
2184.94,81.56,0.01065,186.36,186.36,10.3125,11.312,9.438,8.812,120.34494
2185.69,81.59,0.01069,186.38,186.38,10.3125,11.312,9.438,8.812,120.37217
2187.56,81.66,0.0092,186.4,186.4,10.3125,11.312,9.438,8.812,120.39939
2185.55,81.58,0.01069,186.42,186.42,10.3125,11.312,9.438,8.812,120.42662
2187.43,81.65,0.01072,186.44,186.44,10.3125,11.312,9.438,8.812,120.45385
2189.2,81.72,0.01038,186.46,186.46,10.25,11.312,9.438,9.25,120.48108
2185.69,81.59,0.01069,186.48,186.48,10.25,11.312,9.438,9.25,120.5083
2187.94,81.67,0.01069,186.5,186.5,10.25,11.312,9.438,9.25,120.53553
2190.06,81.75,0.01069,186.52,186.52,10.25,11.312,9.438,9.25,120.56276
2187.7,81.66,0.01072,186.54,186.54,10.25,11.312,9.438,9.25,120.58999
2188.31,81.68,0.01057,186.56,186.56,10.25,11.312,9.438,9.25,120.61722
2191.69,81.81,0.01072,186.58,186.58,10.25,11.312,9.438,9.25,120.64444
2192.95,81.86,0.01072,186.6,186.6,10.25,11.312,9.438,9.25,120.67167
2190.06,81.75,0.0097,186.62,186.62,10.25,11.312,9.438,9.25,120.6989
2190.32,81.76,0.01065,186.64,186.64,10.25,11.312,9.438,9.25,120.72613
2195.68,81.96,0.01076,184.66,184.66,10.25,11.312,9.438,8.875,120.92526
2194.82,81.93,0.01076,184.68,184.68,10.25,11.312,9.438,8.875,120.95249
2194.18,81.9,0.01072,184.7,184.7,10.25,11.312,9.438,8.875,120.97972
2194.18,81.9,0.01076,184.72,184.72,10.25,11.312,9.438,8.875,121.00694
2193.32,81.87,0.01053,184.74,184.74,10.25,10.938,9.438,8.875,121.03417
2195.68,81.96,0.01076,184.76,184.76,10.25,10.938,9.438,8.875,121.0614
2192.68,81.85,0.0108,184.78,184.78,10.25,10.938,9.438,8.875,121.08863
2195.44,81.95,0.01031,184.8,184.8,10.25,10.938,9.438,8.875,121.11586
2196.94,82.01,0.01072,184.82,184.82,10.25,10.938,9.438,8.812,121.14309
2198.31,82.06,0.01072,184.84,184.84,10.25,10.938,9.438,8.812,121.17031
2194.32,81.91,0.01023,184.86,184.86,10.25,10.938,9.438,8.812,121.19754
2197.42,82.02,0.01076,184.88,184.88,10.25,10.938,9.438,8.812,121.22477
2197.56,82.03,0.01065,184.9,184.9,10.25,10.938,9.438,8.812,121.252
2195.92,81.97,0.01076,184.92,184.92,10.25,10.938,9.438,8.812,121.27922
2197.8,82.04,0.01076,184.94,184.94,10.25,10.938,9.438,8.812,121.30645
2200.69,82.15,0.01008,184.96,184.96,10.25,10.938,9.438,8.812,121.33368
2198.17,82.05,0.01076,184.98,184.98,10.25,11.312,9.438,8.812,121.36091
2198.44,82.06,0.0108,185.0,185.0,10.25,11.312,9.438,8.812,121.38813
2199.3,82.09,0.01034,185.02,185.02,10.25,11.312,9.438,8.812,121.41536
2202.3,82.21,0.0108,185.04,185.04,10.25,11.312,9.438,8.812,121.44259
2201.31,82.17,0.01072,185.06,185.06,10.25,11.312,9.438,8.875,121.46982
2201.92,82.19,0.0108,185.08,185.08,10.25,11.312,9.438,8.875,121.49704
2202.57,82.22,0.01069,185.1,185.1,10.25,11.312,9.438,8.875,121.52427
2201.44,82.17,0.01069,185.12,185.12,10.25,11.312,9.438,8.875,121.5515
2202.43,82.21,0.01072,185.14,185.14,10.25,11.312,9.438,8.875,121.57873
2203.05,82.23,0.01065,185.16,185.16,10.25,11.312,9.438,8.875,121.60595
2203.56,82.25,0.01008,185.18,185.18,10.25,11.312,9.438,8.875,121.63318
2203.32,82.24,0.01076,185.2,185.2,10.25,11.312,9.438,8.875,121.66041
2204.92,82.3,0.01084,185.22,185.22,10.25,11.25,9.438,8.875,121.68764
2206.18,82.35,0.00981,185.24,185.24,10.25,11.25,9.438,8.875,121.71487
2204.31,82.28,0.01084,185.26,185.26,10.25,11.25,9.438,8.875,121.74209
2205.57,82.33,0.01069,185.28,185.28,10.25,11.25,9.438,8.875,121.76932
2209.18,82.46,0.01072,185.3,185.3,10.25,11.25,9.438,8.875,121.79655
2205.19,82.31,0.01091,185.32,185.32,10.25,11.25,9.5,9.25,121.82378
2207.17,82.39,0.01069,185.34,185.34,10.25,11.25,9.5,9.25,121.85101
2207.82,82.41,0.01072,185.36,185.36,10.25,11.25,9.5,9.25,121.87823
2206.8,82.37,0.01088,185.38,185.38,10.25,11.25,9.5,9.25,121.90546
2206.93,82.38,0.01023,185.4,185.4,10.25,11.25,9.5,9.25,121.93269
2209.8,82.49,0.01088,185.42,185.42,10.25,11.25,9.5,9.25,121.95992
2211.3,82.54,0.01091,185.44,185.44,10.25,11.25,9.5,9.25,121.98715
2207.55,82.4,0.01004,185.46,185.46,10.25,11.312,9.5,9.25,122.01437
2209.8,82.49,0.01088,185.48,185.48,10.25,11.312,9.5,9.25,122.0416
2212.18,82.58,0.01088,185.5,185.5,10.25,11.312,9.5,9.25,122.06883
2209.67,82.48,0.0108,185.52,185.52,10.25,11.312,9.5,9.25,122.09606
2213.04,82.61,0.01091,185.54,185.54,10.25,11.312,9.5,9.25,122.12328
2212.8,82.6,0.01004,185.56,185.56,10.25,11.312,9.438,8.812,122.15051
2210.93,82.53,0.01091,185.58,185.58,10.25,11.312,9.438,8.812,122.17774
2213.04,82.61,0.01091,185.6,185.6,10.25,11.312,9.438,8.812,122.20497
2213.18,82.61,0.00932,185.62,185.62,10.25,11.312,9.438,8.812,122.23219
2213.55,82.63,0.01091,185.64,185.64,10.25,11.312,9.438,8.812,122.25942
2213.18,82.61,0.01084,185.66,185.66,10.25,11.312,9.438,8.812,122.28665
2215.67,82.7,0.01061,185.68,185.68,10.25,11.312,9.438,8.812,122.31388
2215.67,82.7,0.01076,185.7,185.7,10.25,11.312,9.438,8.812,122.3411
2215.8,82.71,0.01076,185.72,185.72,10.25,11.312,9.438,8.812,122.36833
2216.04,82.72,0.01088,185.74,185.74,10.25,11.312,9.438,8.812,122.39556
2218.29,82.8,0.01076,185.76,185.76,10.25,11.312,9.438,8.812,122.42279
2216.79,82.75,0.01038,185.78,185.78,10.25,11.312,9.438,8.812,122.45002
2217.44,82.77,0.01084,185.8,185.8,10.25,11.312,9.438,8.812,122.47724
2219.31,82.84,0.01076,185.82,185.82,10.25,11.312,9.438,8.812,122.50447
2217.3,82.77,0.01012,185.84,185.84,10.25,11.312,9.438,8.812,122.5317
2218.19,82.8,0.01091,185.86,185.86,10.25,11.312,9.438,8.812,122.55893
2220.3,82.88,0.01084,185.88,185.88,10.25,11.312,9.438,8.812,122.58615
2221.19,82.91,0.01061,185.9,185.9,10.25,11.312,9.438,8.812,122.61338
2220.17,82.87,0.01088,185.92,185.92,10.25,11.312,9.438,8.812,122.64061
2221.53,82.92,0.0108,185.94,185.94,10.25,11.312,9.438,8.812,122.66784
2223.41,82.99,0.01088,185.96,185.96,10.25,11.312,9.438,8.812,122.69507
2220.54,82.89,0.01103,185.98,185.98,10.25,11.312,9.438,8.812,122.72229
2222.79,82.97,0.0092,186.0,186.0,10.25,11.312,9.438,8.812,122.74952
2224.91,83.05,0.01091,186.02,186.02,10.25,11.312,9.438,8.812,122.77675
2222.55,82.96,0.01095,186.04,186.04,10.25,11.312,9.438,8.812,122.80398
2223.3,82.99,0.00761,186.06,186.06,10.25,11.312,9.438,8.812,122.8312
2225.55,83.07,0.0108,186.08,186.08,10.25,11.312,9.438,8.812,122.85843
2227.29,83.14,0.01084,186.1,186.1,10.25,11.312,9.438,8.812,122.88566
2225.18,83.06,0.01088,186.12,186.12,10.25,11.312,9.438,8.812,122.91289
2226.03,83.09,0.01103,186.14,186.14,10.25,11.312,9.438,8.812,122.94011
2229.54,83.22,0.0105,186.16,186.16,10.25,11.312,9.438,8.812,122.96734
2227.67,83.15,0.01088,186.18,186.18,10.25,10.938,9.438,8.812,122.99457
2228.04,83.17,0.01084,186.2,186.2,10.25,10.938,9.438,8.812,123.0218
2230.05,83.24,0.00738,186.22,186.22,10.25,10.938,9.438,8.812,123.04902
2228.29,83.18,0.01118,186.24,186.24,10.25,10.938,9.438,8.812,123.07625
2231.66,83.3,0.0108,186.26,186.26,10.25,10.938,9.438,8.812,123.10348
2232.3,83.33,0.01137,186.28,186.28,10.25,10.938,9.438,8.812,123.13071
2233.29,83.36,0.01091,186.3,186.3,10.25,10.938,9.438,8.812,123.15793
2230.16,83.25,0.01103,186.32,186.32,10.25,10.938,9.438,8.812,123.18516
2233.05,83.35,0.01099,186.34,186.34,10.25,10.938,9.438,8.812,123.21239
2234.66,83.41,0.01091,186.36,186.36,10.25,10.938,9.438,8.812,123.23962
2232.92,83.35,0.00955,186.38,186.38,10.25,10.938,9.438,8.812,123.26684
2234.53,83.41,0.01118,186.4,186.4,10.25,10.938,9.438,8.812,123.29407
2236.4,83.48,0.01114,186.42,186.42,10.25,11.25,9.438,8.812,123.3213
2232.92,83.35,0.00897,186.44,186.44,10.25,11.25,9.438,8.812,123.34853
2235.17,83.43,0.01084,186.46,186.46,10.25,11.25,9.438,8.812,123.37575
2236.3,83.47,0.01091,186.48,186.48,10.25,11.25,9.438,8.812,123.40298
2239.54,83.6,0.01095,186.5,186.5,10.25,11.25,9.438,8.812,123.43021
2236.67,83.49,0.01122,186.52,186.52,10.25,11.25,9.438,8.812,123.45744
2238.55,83.56,0.01091,186.54,186.54,10.25,11.25,9.438,8.812,123.48466
2239.78,83.61,0.01076,186.56,186.56,10.25,11.25,9.438,8.812,123.51189
2237.42,83.52,0.01091,186.58,186.58,10.25,11.25,9.438,8.812,123.53912
2237.8,83.53,0.00996,186.6,186.6,10.25,11.25,9.438,8.812,123.56635
2240.8,83.64,0.0108,186.62,186.62,10.25,11.25,9.438,8.812,123.59357
2240.29,83.62,0.01088,186.64,186.64,10.25,11.25,9.438,8.812,123.6208
2242.4,83.7,0.01103,184.66,184.66,10.25,11.312,9.438,8.75,123.81349
2243.66,83.75,0.01095,184.68,184.68,10.25,11.312,9.438,8.75,123.84071
2245.54,83.82,0.0111,184.7,184.7,10.25,11.312,9.438,8.75,123.86794
2241.65,83.67,0.01084,184.72,184.72,10.25,11.312,9.438,8.75,123.89517
2244.17,83.77,0.01088,184.74,184.74,10.25,11.312,9.438,8.75,123.9224
2246.15,83.84,0.00871,184.76,184.76,10.25,11.312,9.438,8.75,123.94963
2244.65,83.79,0.01129,184.78,184.78,10.25,11.312,9.438,8.75,123.97685
2244.04,83.76,0.01103,184.8,184.8,10.25,11.25,9.438,8.75,124.00408
2246.66,83.86,0.0108,184.82,184.82,10.25,11.25,9.438,8.75,124.03131
2244.17,83.77,0.01118,184.84,184.84,10.25,11.25,9.438,8.75,124.05854
2247.28,83.89,0.01133,184.86,184.86,10.25,11.25,9.438,8.75,124.08576
2247.65,83.9,0.01137,184.88,184.88,10.25,11.25,9.438,8.875,124.11299
2246.29,83.85,0.01088,184.9,184.9,10.25,11.25,9.438,8.875,124.14022
2245.03,83.8,0.01107,184.92,184.92,10.25,11.25,9.438,8.875,124.16745
2247.52,83.89,0.01091,184.94,184.94,10.25,11.25,9.438,8.875,124.19467
2248.91,83.95,0.01103,184.96,184.96,10.25,11.25,9.438,8.875,124.2219
2247.52,83.89,0.00665,184.98,184.98,10.25,11.25,9.438,8.875,124.24913
2247.79,83.9,0.01118,185.0,185.0,10.25,11.25,9.438,8.875,124.27636
2250.9,84.02,0.01107,185.02,185.02,10.25,11.25,9.438,8.875,124.30358
2248.4,83.93,0.0119,185.04,185.04,10.25,11.312,9.438,8.875,124.33081
2249.02,83.95,0.01099,185.06,185.06,10.25,11.312,9.438,8.875,124.35804
2250.28,84.0,0.01114,185.08,185.08,10.25,11.312,9.438,8.875,124.38527
2254.16,84.14,0.01088,185.1,185.1,10.25,11.312,9.438,8.875,124.4125
2253.15,84.1,0.01107,185.12,185.12,10.25,11.312,9.438,8.875,124.43972
2252.66,84.09,0.01023,185.14,185.14,10.25,11.312,9.438,8.812,124.46695
2254.41,84.15,0.01099,185.16,185.16,10.25,11.312,9.438,8.812,124.49418
2251.78,84.05,0.01095,185.18,185.18,10.25,11.312,9.438,8.812,124.52141
2252.77,84.09,0.00897,185.2,185.2,10.25,11.312,9.438,8.812,124.54864
2254.91,84.17,0.01103,185.22,185.22,10.25,11.312,9.438,8.812,124.57586
2253.28,84.11,0.01099,185.24,185.24,10.25,11.312,9.438,8.812,124.60309
2254.54,84.16,0.01027,185.26,185.26,10.25,11.312,9.438,8.812,124.63032
2257.16,84.25,0.01099,185.28,185.28,10.25,11.312,9.438,8.812,124.65755
2252.77,84.09,0.01095,185.3,185.3,10.25,11.312,9.438,8.812,124.68477
2254.65,84.16,0.01103,185.32,185.32,10.25,11.312,9.438,8.812,124.712
2255.29,84.18,0.01099,185.34,185.34,10.25,11.312,9.438,8.812,124.73923
2259.52,84.34,0.01072,185.36,185.36,10.25,11.312,9.438,8.812,124.76646
2254.78,84.17,0.0111,185.38,185.38,10.25,11.312,9.438,8.812,124.79369
2257.91,84.28,0.01114,185.4,185.4,10.25,11.312,9.438,8.812,124.82091
2258.77,84.31,0.01012,185.42,185.42,10.25,11.312,9.438,8.812,124.84814
2258.53,84.31,0.01103,185.44,185.44,10.25,11.312,9.438,8.812,124.87537
2258.66,84.31,0.01114,185.46,185.46,10.25,11.312,9.438,8.812,124.9026
2260.51,84.38,0.01107,185.48,185.48,10.25,11.312,9.438,8.812,124.92983
2259.28,84.33,0.01122,185.5,185.5,10.25,11.312,9.438,8.812,124.95705
2258.77,84.31,0.01103,185.52,185.52,10.25,10.938,9.438,8.812,124.98428
2260.03,84.36,0.01107,185.54,185.54,10.25,10.938,9.438,8.812,125.01151
2263.14,84.48,0.01107,185.56,185.56,10.25,10.938,9.438,8.812,125.03874
2260.51,84.38,0.01053,185.58,185.58,10.25,10.938,9.438,8.812,125.06597
2262.28,84.44,0.01118,185.6,185.6,10.25,10.938,9.438,8.812,125.09319
2262.66,84.46,0.01099,185.62,185.62,10.25,10.938,9.438,8.875,125.12042
2262.01,84.44,0.01038,185.64,185.64,10.25,10.938,9.438,8.875,125.14765
2263.27,84.48,0.0111,185.66,185.66,10.25,10.938,9.438,8.875,125.17488
2264.64,84.53,0.0111,185.68,185.68,10.25,10.938,9.438,8.875,125.2021
2263.51,84.49,0.01118,185.7,185.7,10.25,10.938,9.438,8.875,125.22933
2264.16,84.52,0.01114,185.72,185.72,10.25,10.938,9.438,8.875,125.25656
2266.41,84.6,0.01099,185.74,185.74,10.25,10.938,9.438,8.875,125.28379
2266.65,84.61,0.01118,185.76,185.76,10.25,11.312,9.438,8.875,125.31102
2264.91,84.54,0.01114,185.78,185.78,10.25,11.312,9.438,8.875,125.33824
2266.51,84.6,0.00947,185.8,185.8,10.25,11.312,9.438,8.875,125.36547
2268.9,84.69,0.01114,185.82,185.82,10.25,11.312,9.438,8.875,125.3927
2267.4,84.64,0.01114,185.84,185.84,10.25,11.312,9.438,8.875,125.41993
2269.41,84.71,0.01019,185.86,185.86,10.25,11.312,9.438,8.875,125.44716
2269.03,84.7,0.01118,185.88,185.88,10.25,11.312,9.438,8.875,125.47438
2268.39,84.67,0.01107,185.9,185.9,10.25,11.312,9.438,8.875,125.50161
2269.27,84.71,0.01122,185.92,185.92,10.25,11.312,9.438,8.875,125.52884
2271.15,84.78,0.01118,185.94,185.94,10.25,11.312,9.438,8.875,125.55607
2271.77,84.8,0.01076,185.96,185.96,10.25,11.312,9.438,8.875,125.5833
2270.4,84.75,0.01114,185.98,185.98,10.25,11.312,9.438,8.875,125.61053
2272.14,84.81,0.0111,186.0,186.0,10.25,11.312,9.438,8.875,125.63775
2274.15,84.89,0.01027,186.02,186.02,10.25,11.312,9.438,8.875,125.66498
2270.91,84.77,0.01114,186.04,186.04,10.25,11.312,9.438,8.875,125.69221
2274.15,84.89,0.01118,186.06,186.06,10.25,11.312,9.438,8.875,125.71944
2274.39,84.9,0.01114,186.08,186.08,10.25,11.312,9.438,8.875,125.74667
2272.65,84.83,0.01114,186.1,186.1,10.25,11.312,9.438,9.188,125.77389
2272.89,84.84,0.01114,186.12,186.12,10.25,11.312,9.438,9.188,125.80112
2276.4,84.97,0.01122,186.14,186.14,10.25,11.312,9.438,9.188,125.82835
2276.64,84.98,0.01114,186.16,186.16,10.25,11.312,9.438,9.188,125.85558
2275.27,84.93,0.01076,186.18,186.18,10.25,11.312,9.438,9.188,125.8828
2276.88,84.99,0.01118,186.2,186.2,10.25,11.312,9.438,9.188,125.91003
2279.27,85.08,0.01118,186.22,186.22,10.25,11.312,9.438,9.188,125.93726
2277.77,85.02,0.01038,186.24,186.24,10.25,11.25,9.438,9.188,125.96449
2277.9,85.03,0.01118,186.26,186.26,10.25,11.25,9.438,9.188,125.99171
2279.64,85.09,0.01118,186.28,186.28,10.25,11.25,9.438,9.188,126.01894
2278.28,85.04,0.01114,186.3,186.3,10.25,11.25,9.438,9.188,126.04617
2281.14,85.15,0.01122,186.32,186.32,10.25,11.25,9.438,9.188,126.0734
2279.4,85.08,0.01107,186.34,186.34,10.25,11.25,9.438,8.812,126.10062
2282.4,85.2,0.01118,186.36,186.36,10.25,11.25,9.438,8.812,126.12785
2280.02,85.11,0.01118,186.38,186.38,10.25,11.25,9.438,8.812,126.15508
2282.88,85.21,0.01027,186.4,186.4,10.25,11.25,9.438,8.812,126.18231
2284.52,85.28,0.01118,186.42,186.42,10.25,11.25,9.438,8.812,126.20954
2281.65,85.17,0.01122,186.44,186.44,10.25,11.25,9.438,8.812,126.23676
2284.89,85.29,0.01076,186.46,186.46,10.25,11.25,9.438,8.812,126.26399
2285.51,85.31,0.01118,186.48,186.48,10.25,11.312,9.438,8.812,126.29122
2282.64,85.2,0.01118,186.5,186.5,10.25,11.312,9.438,8.812,126.31845
2284.14,85.26,0.01122,186.52,186.52,10.25,11.312,9.438,8.812,126.34567
2285.13,85.3,0.01122,186.54,186.54,10.25,11.312,9.438,8.812,126.3729
2285.27,85.3,0.01088,186.56,186.56,10.25,11.312,9.438,8.812,126.40013
2284.01,85.26,0.01118,186.58,186.58,10.25,11.312,9.438,8.812,126.42736
2287.52,85.39,0.01122,186.6,186.6,10.25,11.312,9.438,8.812,126.45458
2288.13,85.41,0.00985,186.62,186.62,10.25,11.312,9.438,8.812,126.48181
2287.14,85.37,0.01122,186.64,186.64,10.25,11.312,9.438,8.812,126.50904
2291.0,85.52,0.01061,184.66,184.66,10.25,10.875,9.438,8.812,126.69784
2289.39,85.46,0.01126,184.68,184.68,10.25,10.875,9.438,8.812,126.72507
2291.75,85.55,0.01133,184.7,184.7,10.25,10.875,9.438,8.812,126.7523
2291.88,85.55,0.01129,184.72,184.72,10.25,10.875,9.438,8.75,126.77953
2290.14,85.48,0.01126,184.74,184.74,10.25,10.875,9.438,8.75,126.80676
2290.89,85.51,0.01122,184.76,184.76,10.25,10.875,9.438,8.75,126.83398
2292.88,85.59,0.01133,184.78,184.78,10.25,10.875,9.438,8.75,126.86121
2294.38,85.64,0.01126,184.8,184.8,10.25,10.875,9.438,8.75,126.88844
2292.02,85.56,0.01069,184.82,184.82,10.25,10.875,9.438,8.75,126.91567
2293.63,85.61,0.01126,184.84,184.84,10.25,10.875,9.438,8.75,126.94289
2295.64,85.69,0.01129,184.86,184.86,10.25,10.938,9.438,8.75,126.97012
2293.89,85.62,0.01042,184.88,184.88,10.25,10.938,9.438,8.75,126.99735
2293.76,85.62,0.01129,184.9,184.9,10.25,10.938,9.438,8.75,127.02458
2294.88,85.66,0.01129,184.92,184.92,10.25,10.938,9.438,8.75,127.05181
2295.13,85.67,0.01129,184.94,184.94,10.25,10.938,9.438,8.75,127.07903
2295.88,85.7,0.01126,184.96,184.96,10.3125,10.938,9.438,8.812,127.10626
2297.51,85.76,0.01088,184.98,184.98,10.3125,10.938,9.438,8.812,127.13349
2296.39,85.72,0.01129,185.0,185.0,10.3125,10.938,9.438,8.812,127.16072
2296.01,85.7,0.01133,185.02,185.02,10.3125,10.938,9.438,8.812,127.18794
2297.64,85.77,0.01038,185.04,185.04,10.3125,10.938,9.438,8.812,127.21517
2299.12,85.82,0.01129,185.06,185.06,10.3125,10.938,9.438,8.812,127.2424
2297.89,85.77,0.01133,185.08,185.08,10.3125,10.938,9.438,8.812,127.26963
2297.64,85.77,0.01122,185.1,185.1,10.3125,11.312,9.438,8.812,127.29685
2300.75,85.88,0.01137,185.12,185.12,10.3125,11.312,9.438,8.812,127.32408
2297.27,85.75,0.01129,185.14,185.14,10.3125,11.312,9.438,8.812,127.35131
2300.38,85.87,0.01129,185.16,185.16,10.3125,11.312,9.438,8.812,127.37854
2302.25,85.94,0.01133,185.18,185.18,10.3125,11.312,9.438,8.812,127.40576
2299.87,85.85,0.01095,185.2,185.2,10.25,11.312,9.5,8.812,127.43299
2299.63,85.84,0.01133,185.22,185.22,10.25,11.312,9.5,8.812,127.46022
2303.99,86.0,0.01133,185.24,185.24,10.25,11.312,9.5,8.812,127.48745
2303.24,85.97,0.01053,185.26,185.26,10.25,11.312,9.5,8.812,127.51467
2301.64,85.91,0.01137,185.28,185.28,10.25,11.312,9.5,8.812,127.5419
2302.63,85.95,0.01137,185.3,185.3,10.25,11.312,9.5,8.812,127.56913
2306.14,86.08,0.01103,185.32,185.32,10.25,11.312,9.5,8.812,127.59636
2303.75,85.99,0.01137,185.34,185.34,10.25,11.312,9.5,8.812,127.62358
2304.13,86.01,0.01133,185.36,185.36,10.25,11.312,9.5,8.812,127.65081
2305.63,86.06,0.01137,185.38,185.38,10.25,11.312,9.5,8.812,127.67804
2304.74,86.03,0.01133,185.4,185.4,10.25,11.312,9.5,8.812,127.70527
2307.26,86.12,0.01095,185.42,185.42,10.25,11.312,9.5,8.812,127.7325
2306.89,86.11,0.01137,185.44,185.44,10.25,11.312,9.438,8.812,127.75972
2308.63,86.17,0.01133,185.46,185.46,10.25,11.312,9.438,8.812,127.78695
2306.99,86.11,0.01061,185.48,185.48,10.25,11.312,9.438,8.812,127.81418
2308.76,86.18,0.01137,185.5,185.5,10.25,11.312,9.438,8.812,127.84141
2310.13,86.23,0.01137,185.52,185.52,10.25,11.312,9.438,8.812,127.86863
2308.63,86.17,0.01133,185.54,185.54,10.25,11.312,9.438,8.812,127.89586
2310.26,86.24,0.01137,185.56,185.56,10.25,11.312,9.438,8.812,127.92309
2312.24,86.31,0.01129,185.58,185.58,10.25,11.312,9.438,8.812,127.95032
2309.38,86.2,0.01141,185.6,185.6,10.25,11.312,9.438,8.812,127.97754
2311.01,86.26,0.01137,185.62,185.62,10.25,11.312,9.438,8.812,128.00477
2311.49,86.28,0.01008,185.64,185.64,10.25,11.312,9.438,8.812,128.032
2315.38,86.43,0.01133,185.66,185.66,10.25,11.312,9.438,8.812,128.05923
2311.63,86.29,0.01141,185.68,185.68,10.25,11.312,9.062,8.812,128.08645
2313.99,86.38,0.01137,185.7,185.7,10.25,11.312,9.062,8.812,128.11368
2315.0,86.41,0.01141,185.72,185.72,10.25,11.312,9.062,8.812,128.14091
2313.13,86.34,0.01141,185.74,185.74,10.25,11.312,9.062,8.812,128.16814
2314.87,86.41,0.01137,185.76,185.76,10.25,11.312,9.062,8.812,128.19536
2317.12,86.49,0.01137,185.78,185.78,10.25,11.312,9.062,8.812,128.22259
2315.11,86.42,0.01107,185.8,185.8,10.25,11.312,9.062,8.812,128.24982
2317.12,86.49,0.01145,185.82,185.82,10.25,11.312,9.062,8.812,128.27705
2317.12,86.49,0.01141,185.84,185.84,10.25,11.312,9.062,8.812,128.30428
2319.75,86.59,0.01053,185.86,185.86,10.25,11.312,9.062,8.812,128.3315
2316.24,86.46,0.01141,185.88,185.88,10.25,11.312,9.062,8.812,128.35873
2320.36,86.61,0.01148,185.9,185.9,10.25,11.312,9.062,8.812,128.38596
2321.25,86.65,0.01129,185.92,185.92,10.25,11.312,9.438,8.812,128.41319
2318.86,86.56,0.01137,185.94,185.94,10.25,11.312,9.438,8.812,128.44041
2319.5,86.58,0.01141,185.96,185.96,10.25,11.312,9.438,8.812,128.46764
2322.88,86.71,0.01148,185.98,185.98,10.25,11.312,9.438,8.812,128.49487
2320.36,86.61,0.01145,186.0,186.0,10.25,11.312,9.438,8.812,128.5221
2321.11,86.64,0.01107,186.02,186.02,10.25,11.312,9.438,8.812,128.54932
2323.74,86.74,0.01148,186.04,186.04,10.25,11.312,9.438,8.812,128.57655
2327.11,86.86,0.01148,186.06,186.06,10.25,11.312,9.438,8.812,128.60378
2322.75,86.7,0.01008,186.08,186.08,10.25,11.312,9.438,8.812,128.63101
2324.01,86.75,0.01145,186.1,186.1,10.25,11.312,9.438,8.812,128.65824
2327.25,86.87,0.01148,186.12,186.12,10.25,11.312,9.438,8.812,128.68546
2324.62,86.77,0.01129,186.14,186.14,10.25,11.312,9.438,8.812,128.71269
2327.25,86.87,0.01141,186.16,186.16,10.25,11.312,9.438,8.812,128.73992
2327.25,86.87,0.01133,186.18,186.18,10.25,11.312,9.438,8.812,128.76715
2325.0,86.79,0.01152,186.2,186.2,10.25,11.312,9.438,8.812,128.79437
2325.99,86.82,0.01145,186.22,186.22,10.25,11.312,9.438,8.812,128.8216
2328.99,86.94,0.01,186.24,186.24,10.25,11.312,9.438,8.812,128.84883
2326.36,86.84,0.01148,186.26,186.26,10.25,11.312,9.438,8.812,128.87606
2328.48,86.92,0.01145,186.28,186.28,10.25,11.312,9.438,8.812,128.90328
2329.5,86.95,0.01114,186.3,186.3,10.25,11.312,9.438,8.812,128.93051
2331.0,87.01,0.01152,186.32,186.32,10.25,11.312,9.438,8.812,128.95774
2327.86,86.89,0.01152,186.34,186.34,10.25,11.312,9.438,8.812,128.98497
2330.35,86.99,0.01137,186.36,186.36,10.25,11.312,9.438,8.812,129.0122
2331.99,87.05,0.01152,186.38,186.38,10.25,11.312,9.438,8.812,129.03942
2332.23,87.06,0.01129,186.4,186.4,10.25,11.312,9.438,9.125,129.06665
2330.62,87.0,0.01152,186.42,186.42,10.25,11.312,9.438,9.125,129.09388
2334.0,87.12,0.01148,186.44,186.44,10.25,11.312,9.438,9.125,129.12111
2331.48,87.03,0.01031,186.46,186.46,10.25,11.312,9.438,9.125,129.14833
2332.12,87.05,0.01148,186.48,186.48,10.25,11.312,9.438,9.125,129.17556
2332.98,87.08,0.01152,186.5,186.5,10.25,11.312,9.438,9.125,129.20279
2337.37,87.25,0.01126,186.52,186.52,10.25,11.312,9.438,9.125,129.23002
2334.48,87.14,0.01148,186.54,186.54,10.25,10.938,9.438,9.125,129.25724
2335.87,87.19,0.01141,186.56,186.56,10.25,10.938,9.438,9.125,129.28447
2336.62,87.22,0.01152,186.58,186.58,10.25,10.938,9.438,9.125,129.3117
2335.5,87.18,0.01152,186.6,186.6,10.25,10.938,9.438,9.125,129.33893
2337.99,87.27,0.01126,186.62,186.62,10.25,10.938,9.438,9.125,129.36615
2340.11,87.35,0.01156,186.64,186.64,10.25,10.938,9.5,8.812,129.39338
2340.62,87.37,0.01156,184.66,184.66,10.25,10.938,9.5,8.812,129.58985
2342.12,87.42,0.01148,184.68,184.68,10.25,11.312,9.5,8.812,129.61708
2339.87,87.34,0.01152,184.7,184.7,10.25,11.312,9.5,8.812,129.64431
2340.24,87.36,0.01152,184.72,184.72,10.25,11.312,9.5,8.812,129.67154
2342.49,87.44,0.01069,184.74,184.74,10.25,11.312,9.5,8.812,129.69876
2341.23,87.39,0.01156,184.76,184.76,10.25,11.312,9.5,8.812,129.72599
2341.85,87.42,0.01152,184.78,184.78,10.25,11.312,9.438,8.875,129.75322
2343.62,87.48,0.01114,184.8,184.8,10.25,11.312,9.438,8.875,129.78045
2341.98,87.42,0.01156,184.82,184.82,10.25,11.312,9.438,8.875,129.80767
2342.73,87.45,0.01156,184.84,184.84,10.25,11.312,9.438,8.875,129.8349
2344.23,87.5,0.01156,184.86,184.86,10.25,11.312,9.438,8.875,129.86213
2343.99,87.5,0.01156,184.88,184.88,10.25,11.312,9.438,8.875,129.89129
2344.98,87.53,0.01156,184.9,184.9,10.25,11.312,9.438,8.875,129.91852
2346.24,87.58,0.01141,184.92,184.92,10.25,11.25,9.438,8.875,129.94575
2342.12,87.42,0.01152,184.94,184.94,10.25,11.25,9.438,8.875,129.97298
2344.61,87.52,0.01126,184.96,184.96,10.25,11.25,9.438,8.875,130.0002
2345.73,87.56,0.01156,184.98,184.98,10.25,11.25,9.438,8.875,130.02743
2345.49,87.55,0.01156,185.0,185.0,10.25,11.25,9.438,8.875,130.05466
2344.61,87.52,0.01103,185.02,185.02,10.25,11.25,9.438,8.812,130.08189
2346.99,87.61,0.01164,185.04,185.04,10.25,11.25,9.438,8.812,130.10911
2344.85,87.53,0.0116,185.06,185.06,10.25,11.25,9.438,8.812,130.13634
2346.62,87.59,0.01084,185.08,185.08,10.25,11.25,9.438,8.812,130.16357
2346.86,87.6,0.0116,185.1,185.1,10.25,11.25,9.438,8.812,130.1908
2349.99,87.72,0.0116,185.12,185.12,10.25,11.25,9.438,8.812,130.21802
2348.36,87.66,0.01152,185.14,185.14,10.25,11.25,9.438,8.812,130.24525
2348.6,87.67,0.0116,185.16,185.16,10.25,11.312,9.438,8.812,130.27248
2350.37,87.73,0.01129,185.18,185.18,10.25,11.312,9.438,8.812,130.29971
2347.74,87.64,0.01164,185.2,185.2,10.25,11.312,9.438,8.812,130.32693
2350.85,87.75,0.0116,185.22,185.22,10.25,11.312,9.438,8.812,130.35416
2352.22,87.8,0.01053,185.24,185.24,10.25,11.312,9.438,8.812,130.38139
2351.09,87.76,0.0116,185.26,185.26,10.25,11.312,9.438,8.875,130.40862
2349.62,87.7,0.01164,185.28,185.28,10.25,11.312,9.438,8.875,130.43584
2353.34,87.84,0.01148,185.3,185.3,10.25,11.312,9.438,8.875,130.46307
2354.36,87.88,0.0116,185.32,185.32,10.25,11.312,9.438,8.875,130.4903
2352.72,87.82,0.01164,185.34,185.34,10.25,11.312,9.438,8.875,130.51753
2353.98,87.87,0.01164,185.36,185.36,10.25,11.312,9.438,8.875,130.54476
2356.85,87.97,0.01164,185.38,185.38,10.25,11.312,9.438,8.875,130.57198
2352.72,87.82,0.01145,185.4,185.4,10.25,11.25,9.438,8.875,130.59921
2355.22,87.91,0.0116,185.42,185.42,10.25,11.25,9.438,8.875,130.62644
2355.59,87.93,0.01167,185.44,185.44,10.25,11.25,9.438,8.875,130.65367
2355.11,87.91,0.0108,185.46,185.46,10.25,11.25,9.438,8.875,130.68089
2355.48,87.92,0.01167,185.48,185.48,10.25,11.25,9.438,8.875,130.70812
2357.6,88.0,0.01167,185.5,185.5,10.3125,11.25,9.438,8.875,130.73535
2358.48,88.04,0.01156,185.52,185.52,10.3125,11.25,9.438,8.875,130.76258
2357.36,87.99,0.01167,185.54,185.54,10.3125,11.25,9.438,8.875,130.78981
2357.6,88.0,0.01156,185.56,185.56,10.3125,11.25,9.438,8.875,130.81703
2360.23,88.1,0.01167,185.58,185.58,10.3125,11.25,9.438,8.875,130.84426
2357.23,87.99,0.01167,185.6,185.6,10.3125,11.25,9.438,8.875,130.87149
2359.98,88.09,0.01141,185.62,185.62,10.3125,11.25,9.438,8.875,130.89872
2360.47,88.11,0.01164,185.64,185.64,10.3125,11.312,9.438,8.875,130.92594
2359.1,88.06,0.01164,185.66,185.66,10.3125,11.312,9.438,8.875,130.95317
2360.36,88.11,0.01008,185.68,185.68,10.3125,11.312,9.438,8.875,130.9804
2362.48,88.19,0.01171,185.7,185.7,10.3125,11.312,9.438,8.875,131.00763
2362.48,88.19,0.01171,185.72,185.72,10.3125,11.312,9.438,8.875,131.03486
2360.84,88.12,0.01141,185.74,185.74,10.25,11.312,9.438,8.812,131.06208
2364.22,88.25,0.01171,185.76,185.76,10.25,11.312,9.438,8.812,131.08931
2365.48,88.3,0.01126,185.78,185.78,10.25,11.312,9.438,8.812,131.11654
2364.35,88.25,0.01171,185.8,185.8,10.25,11.312,9.438,8.812,131.14377
2363.98,88.24,0.01171,185.82,185.82,10.25,11.312,9.438,8.812,131.17099
2366.98,88.35,0.01038,185.84,185.84,10.25,11.312,9.438,8.812,131.19822
2364.59,88.26,0.01171,185.86,185.86,10.25,11.312,9.438,8.812,131.22545
2367.22,88.36,0.01167,185.88,185.88,10.25,11.25,9.438,8.812,131.25268
2367.08,88.36,0.01133,185.9,185.9,10.25,11.25,9.438,8.812,131.2799
2367.08,88.36,0.01164,185.92,185.92,10.25,11.25,9.438,8.812,131.30713
2366.09,88.32,0.01171,185.94,185.94,10.25,11.25,9.438,8.812,131.33436
2370.83,88.5,0.01175,185.96,185.96,10.25,11.25,9.438,8.812,131.36159
2371.1,88.51,0.01171,185.98,185.98,10.25,11.25,9.438,9.188,131.38881
2368.72,88.42,0.01141,186.0,186.0,10.25,11.25,9.438,9.188,131.41604
2369.98,88.47,0.01175,186.02,186.02,10.25,11.25,9.438,9.188,131.44328
2372.23,88.55,0.01175,186.04,186.04,10.25,11.25,9.438,9.188,131.47051
2370.22,88.47,0.01027,186.06,186.06,10.25,11.25,9.438,9.188,131.49773
2371.21,88.51,0.01179,186.08,186.08,10.25,11.25,9.438,9.188,131.52496
2372.71,88.57,0.01175,186.1,186.1,10.25,11.25,9.438,9.188,131.55219
2372.09,88.54,0.0116,186.12,186.12,10.25,11.312,9.438,9.188,131.57942
2372.84,88.57,0.01175,186.14,186.14,10.25,11.312,9.438,9.188,131.60665
2374.21,88.62,0.01164,186.16,186.16,10.25,11.312,9.438,9.188,131.63387
2376.84,88.72,0.01171,186.18,186.18,10.25,11.312,9.438,9.188,131.6611
2375.34,88.67,0.01175,186.2,186.2,10.25,11.312,9.438,9.188,131.68833
2375.23,88.66,0.01042,186.22,186.22,10.25,11.312,9.438,9.188,131.71556
2377.08,88.73,0.01179,186.24,186.24,10.25,11.312,9.438,9.188,131.74278
2375.71,88.68,0.01179,186.26,186.26,10.25,11.312,9.438,9.188,131.77001
2375.98,88.69,0.00993,186.28,186.28,10.25,11.312,9.438,9.188,131.79724
2377.96,88.76,0.01175,186.3,186.3,10.25,11.312,9.438,9.188,131.82447
2376.46,88.71,0.01179,186.32,186.32,10.25,11.312,9.438,9.188,131.8517
2379.22,88.81,0.01171,186.34,186.34,10.25,11.312,9.438,9.188,131.87892
2380.59,88.86,0.01171,186.36,186.36,10.25,11.312,9.438,9.188,131.90615
2381.34,88.89,0.01167,186.38,186.38,10.25,11.312,9.438,9.188,131.93338
2378.47,88.78,0.01179,186.4,186.4,10.25,11.312,9.438,9.188,131.96061
2380.72,88.87,0.01175,186.42,186.42,10.25,11.312,9.438,9.188,131.98783
2383.45,88.97,0.01004,186.44,186.44,10.25,11.312,9.438,9.188,132.01506
2381.2,88.88,0.01175,186.46,186.46,10.25,11.312,9.438,8.875,132.04229
2381.58,88.9,0.01175,186.48,186.48,10.25,11.312,9.438,8.875,132.06952
2384.85,89.02,0.01156,186.5,186.5,10.25,11.312,9.438,8.875,132.09674
2381.95,88.91,0.01179,186.52,186.52,10.25,11.312,9.438,8.875,132.12397
2383.72,88.98,0.01179,186.54,186.54,10.25,11.312,9.438,8.875,132.1512
2383.96,88.99,0.01171,186.56,186.56,10.25,11.312,9.438,8.875,132.17843
2387.2,89.11,0.01183,186.58,186.58,10.25,11.312,9.438,8.875,132.20565
2384.34,89.0,0.01171,186.6,186.6,10.25,11.312,9.438,8.875,132.23288
2385.22,89.03,0.01183,186.62,186.62,10.25,11.312,9.438,8.875,132.26011
2387.2,89.11,0.01186,186.64,186.64,10.25,11.312,9.438,8.875,132.28734
2390.58,89.23,0.01183,184.66,184.66,10.25,11.312,9.438,8.875,132.47685
2387.2,89.11,0.01183,184.68,184.68,10.25,11.312,9.438,8.875,132.50408
2387.71,89.13,0.01152,184.7,184.7,10.25,11.312,9.438,8.875,132.53131
2390.95,89.25,0.01183,184.72,184.72,10.25,11.312,9.438,8.875,132.55854
2388.22,89.15,0.01186,184.74,184.74,10.25,10.875,9.438,8.875,132.58577
2388.84,89.17,0.01126,184.76,184.76,10.25,10.875,9.438,8.875,132.61299
2389.69,89.2,0.01186,184.78,184.78,10.25,10.875,9.438,8.875,132.64022
2388.6,89.16,0.01186,184.8,184.8,10.25,10.875,9.438,8.875,132.66745
2389.69,89.2,0.0116,184.82,184.82,10.25,10.875,9.438,8.875,132.69468
2391.46,89.27,0.01186,184.84,184.84,10.25,10.875,9.438,8.875,132.7219
2392.08,89.29,0.01152,184.86,184.86,10.25,10.875,9.438,8.875,132.74913
2390.34,89.22,0.01186,184.88,184.88,10.25,10.875,9.438,8.875,132.77636
2390.58,89.23,0.01186,184.9,184.9,10.25,10.875,9.438,8.875,132.80359
2392.32,89.3,0.01065,184.92,184.92,10.25,10.875,9.438,8.875,132.83082
2390.95,89.25,0.01186,184.94,184.94,10.25,10.875,9.438,8.875,132.85804
2392.83,89.32,0.0119,184.96,184.96,10.25,10.875,9.438,8.875,132.88527
2393.71,89.35,0.01167,184.98,184.98,10.25,10.938,9.438,8.875,132.9125
2392.08,89.29,0.01186,185.0,185.0,10.25,10.938,9.438,8.875,132.93973
2392.96,89.32,0.01186,185.02,185.02,10.25,10.938,9.438,8.875,132.96695
2394.09,89.36,0.0119,185.04,185.04,10.25,10.938,9.438,8.875,132.99418
2396.82,89.47,0.01194,185.06,185.06,10.25,10.938,9.438,8.875,133.02141
2394.46,89.38,0.01152,185.08,185.08,10.3125,10.938,9.438,9.25,133.04864
2396.07,89.44,0.0119,185.1,185.1,10.3125,10.938,9.438,9.25,133.07586
2397.95,89.51,0.0119,185.12,185.12,10.3125,10.938,9.438,9.25,133.10309
2395.21,89.41,0.01099,185.14,185.14,10.3125,10.938,9.438,9.25,133.13032
2396.82,89.47,0.01186,185.16,185.16,10.3125,10.938,9.438,9.25,133.15755
2398.83,89.54,0.01186,185.18,185.18,10.3125,10.938,9.438,9.25,133.18478
2396.95,89.47,0.01179,185.2,185.2,10.3125,10.938,9.438,9.25,133.212
2398.21,89.52,0.01186,185.22,185.22,10.3125,11.25,9.438,9.25,133.23923
2399.45,89.56,0.01175,185.24,185.24,10.3125,11.25,9.438,9.25,133.26646
2401.7,89.65,0.0119,185.26,185.26,10.3125,11.25,9.438,9.25,133.29369
2398.32,89.52,0.01194,185.28,185.28,10.3125,11.25,9.438,9.25,133.32091
2402.21,89.67,0.01091,185.3,185.3,10.3125,11.25,9.438,9.25,133.34814
2401.96,89.66,0.01194,185.32,185.32,10.25,11.25,9.438,8.875,133.37537
2400.57,89.61,0.01186,185.34,185.34,10.25,11.25,9.438,8.875,133.4026
2400.46,89.6,0.01103,185.36,185.36,10.25,11.25,9.438,8.875,133.42982
2404.19,89.74,0.0119,185.38,185.38,10.25,11.25,9.438,8.875,133.45705
2400.84,89.62,0.01194,185.4,185.4,10.25,11.25,9.438,8.875,133.48428
2403.44,89.71,0.01186,185.42,185.42,10.25,11.25,9.438,8.875,133.51151
2404.08,89.74,0.0119,185.44,185.44,10.25,11.25,9.438,8.875,133.53873
2406.95,89.84,0.01179,185.46,185.46,10.25,11.312,9.438,8.875,133.56596
2403.71,89.72,0.0119,185.48,185.48,10.25,11.312,9.438,8.875,133.59319
2406.06,89.81,0.01198,185.5,185.5,10.25,11.312,9.438,8.875,133.62042
2407.19,89.85,0.01137,185.52,185.52,10.25,11.312,9.438,8.875,133.64764
2407.32,89.86,0.01194,185.54,185.54,10.25,11.312,9.438,8.875,133.67487
2406.57,89.83,0.01194,185.56,185.56,10.3125,11.312,9.438,8.812,133.7021
2408.58,89.91,0.0116,185.58,185.58,10.3125,11.312,9.438,8.812,133.72933
2406.71,89.84,0.01194,185.6,185.6,10.3125,11.312,9.438,8.812,133.75656
2407.32,89.86,0.01194,185.62,185.62,10.3125,11.312,9.438,8.812,133.78378
2410.19,89.97,0.01198,185.64,185.64,10.3125,11.312,9.438,8.812,133.81101
2408.31,89.9,0.01202,185.66,185.66,10.3125,11.312,9.438,8.812,133.83824
2410.94,89.99,0.01175,185.68,185.68,10.3125,11.312,9.438,8.812,133.86547
2412.44,90.05,0.01194,185.7,185.7,10.3125,11.312,9.438,8.812,133.89269
2412.06,90.04,0.01194,185.72,185.72,10.3125,11.312,9.438,8.812,133.91992
2410.94,89.99,0.01095,185.74,185.74,10.3125,11.312,9.438,8.812,133.94715
2412.33,90.05,0.01194,185.76,185.76,10.3125,11.312,9.438,8.812,133.97438
2414.69,90.13,0.01194,185.78,185.78,10.3125,11.312,9.438,8.812,134.0016
2413.32,90.08,0.01171,185.8,185.8,10.25,11.312,9.438,8.812,134.02883
2413.08,90.07,0.01194,185.82,185.82,10.25,11.312,9.438,8.812,134.05606
2415.95,90.18,0.0119,185.84,185.84,10.25,11.312,9.438,8.812,134.08329
2413.56,90.09,0.01194,185.86,185.86,10.25,11.312,9.438,8.812,134.11052
2415.06,90.15,0.01198,185.88,185.88,10.25,11.312,9.438,8.812,134.13774
2414.96,90.14,0.01122,185.9,185.9,10.25,11.312,9.438,8.812,134.16497
2419.06,90.3,0.01198,185.92,185.92,10.25,11.312,9.438,8.812,134.1922
2416.43,90.2,0.01202,185.94,185.94,10.25,11.25,9.438,8.812,134.21943
2417.32,90.23,0.01126,185.96,185.96,10.25,11.25,9.438,8.812,134.24665
2418.07,90.26,0.01198,185.98,185.98,10.25,11.25,9.438,8.812,134.27388
2417.07,90.22,0.01198,186.0,186.0,10.25,11.25,9.438,8.812,134.30111
2418.82,90.29,0.01164,186.02,186.02,10.25,11.25,9.438,8.812,134.32834
2420.45,90.35,0.01202,186.04,186.04,10.25,11.25,9.438,8.875,134.35556
2418.44,90.27,0.01194,186.06,186.06,10.25,11.25,9.438,8.875,134.38279
2419.43,90.31,0.01202,186.08,186.08,10.25,11.25,9.438,8.875,134.41002
2420.56,90.35,0.01198,186.1,186.1,10.25,11.25,9.438,8.875,134.43725
2422.43,90.42,0.01129,186.12,186.12,10.25,11.25,9.438,8.875,134.46447
2421.2,90.38,0.01202,186.14,186.14,10.25,11.25,9.438,8.875,134.4917
2422.06,90.41,0.01202,186.16,186.16,10.25,11.25,9.438,8.875,134.51893
2424.2,90.49,0.01145,186.18,186.18,10.25,10.875,9.438,8.875,134.54616
2421.44,90.39,0.01205,186.2,186.2,10.25,10.875,9.438,8.875,134.57339
2422.57,90.43,0.01205,186.22,186.22,10.25,10.875,9.438,8.875,134.60061
2424.82,90.51,0.01202,186.24,186.24,10.25,10.875,9.438,8.875,134.62784
2424.07,90.48,0.01202,186.26,186.26,10.25,10.875,9.438,8.875,134.65507
2424.44,90.5,0.01198,186.28,186.28,10.1875,10.875,9.438,8.812,134.6823
2425.7,90.55,0.01205,186.3,186.3,10.1875,10.875,9.438,8.812,134.70952
2426.69,90.58,0.01205,186.32,186.32,10.1875,10.875,9.438,8.812,134.73675
2424.44,90.5,0.01114,186.34,186.34,10.1875,10.875,9.438,8.812,134.76398
2425.57,90.54,0.01205,186.36,186.36,10.1875,10.875,9.438,8.812,134.79121
2428.67,90.66,0.01205,186.38,186.38,10.1875,10.875,9.438,8.812,134.81844
2426.18,90.56,0.01148,186.4,186.4,10.1875,10.875,9.438,8.812,134.84566
2428.3,90.64,0.01205,186.42,186.42,10.1875,10.938,9.438,8.812,134.87289
2429.56,90.69,0.01205,186.44,186.44,10.1875,10.938,9.438,8.812,134.90012
2427.31,90.61,0.01209,186.46,186.46,10.1875,10.938,9.438,8.812,134.92735
2427.82,90.62,0.01202,186.48,186.48,10.1875,10.938,9.438,8.812,134.95457
2432.18,90.79,0.01167,186.5,186.5,10.1875,10.938,9.438,8.812,134.9818
2432.18,90.79,0.01205,186.52,186.52,10.25,10.938,9.5,8.812,135.00903
2429.93,90.7,0.01209,186.54,186.54,10.25,10.938,9.5,8.812,135.03626
2430.68,90.73,0.01126,186.56,186.56,10.25,10.938,9.5,8.812,135.06348
2434.57,90.88,0.01209,186.58,186.58,10.25,10.938,9.5,8.812,135.09071
2430.44,90.72,0.01209,186.6,186.6,10.25,10.938,9.5,8.812,135.11794
2433.55,90.84,0.01167,186.62,186.62,10.25,10.938,9.5,8.812,135.14517
2435.69,90.92,0.01205,186.64,186.64,10.25,10.938,9.5,8.812,135.1724
2436.68,90.95,0.01183,184.66,184.66,10.25,11.312,9.438,8.812,135.3619
2435.05,90.89,0.01213,184.68,184.68,10.25,11.312,9.438,8.812,135.38913
2435.8,90.92,0.01217,184.7,184.7,10.25,11.312,9.438,8.812,135.41635
2437.94,91.0,0.01213,184.72,184.72,10.25,11.312,9.438,8.812,135.44358
2435.69,90.92,0.01213,184.74,184.74,10.25,11.312,9.438,8.812,135.47081
2436.93,90.96,0.01194,184.76,184.76,10.25,11.312,9.438,8.812,135.49804
2439.07,91.04,0.01213,184.78,184.78,10.25,11.312,9.438,8.812,135.52527
2440.06,91.08,0.01213,184.8,184.8,10.25,11.312,9.438,8.812,135.55249
2437.94,91.0,0.01099,184.82,184.82,10.25,11.312,9.438,8.812,135.57972
2439.18,91.05,0.01209,184.84,184.84,10.25,11.312,9.438,8.812,135.60695
2441.8,91.15,0.01217,184.86,184.86,10.25,11.312,9.438,8.812,135.63418
2440.94,91.11,0.01202,184.88,184.88,10.25,11.312,9.438,8.812,135.6614
2440.81,91.11,0.01209,184.9,184.9,10.3125,11.312,9.438,8.812,135.68863
2441.67,91.14,0.01194,184.92,184.92,10.3125,11.312,9.438,8.812,135.71586
2440.81,91.11,0.01213,184.94,184.94,10.3125,11.312,9.438,8.812,135.74309
2442.18,91.16,0.01213,184.96,184.96,10.3125,11.312,9.438,8.812,135.77032
2443.68,91.22,0.01129,184.98,184.98,10.3125,11.312,9.438,8.812,135.79754
2445.55,91.29,0.01213,185.0,185.0,10.3125,11.312,9.438,8.812,135.82477
2443.54,91.21,0.01217,185.02,185.02,10.3125,11.312,9.438,8.812,135.852
2444.29,91.24,0.01171,185.04,185.04,10.3125,11.312,9.438,8.812,135.87923
2446.3,91.31,0.01221,185.06,185.06,10.3125,11.312,9.438,8.812,135.90645
2443.44,91.21,0.01221,185.08,185.08,10.3125,11.312,9.438,8.812,135.93368
2445.69,91.29,0.01194,185.1,185.1,10.3125,11.312,9.438,8.812,135.96091
2447.19,91.35,0.01209,185.12,185.12,10.3125,11.312,9.438,8.812,135.98814
2445.31,91.28,0.01205,185.14,185.14,10.25,11.312,9.438,8.812,136.01536
2445.55,91.29,0.01217,185.16,185.16,10.25,11.312,9.438,8.812,136.04259
2448.31,91.39,0.01213,185.18,185.18,10.25,11.312,9.438,8.812,136.06982
2448.55,91.4,0.01148,185.2,185.2,10.25,11.312,9.438,8.812,136.09705
2447.67,91.36,0.01221,185.22,185.22,10.25,11.312,9.438,8.812,136.12427
2448.93,91.41,0.01221,185.24,185.24,10.25,11.312,9.438,8.812,136.1515
2450.8,91.48,0.0119,185.26,185.26,10.25,11.312,9.438,8.812,136.17873
2448.69,91.4,0.01217,185.28,185.28,10.25,10.938,9.438,8.812,136.20596
2450.05,91.45,0.01217,185.3,185.3,10.25,10.938,9.438,8.812,136.23318
2450.8,91.48,0.01228,185.32,185.32,10.25,10.938,9.438,8.812,136.26041
2450.29,91.46,0.01213,185.34,185.34,10.25,10.938,9.438,8.812,136.28764
2451.04,91.49,0.01205,185.36,185.36,10.25,10.938,9.438,8.812,136.31487
2453.56,91.58,0.01217,185.38,185.38,10.25,10.938,9.438,8.875,136.34209
2453.8,91.59,0.01225,185.4,185.4,10.25,10.938,9.438,8.875,136.36932
2451.18,91.5,0.01133,185.42,185.42,10.25,10.938,9.438,8.875,136.39655
2453.19,91.57,0.01228,185.44,185.44,10.25,10.938,9.438,8.875,136.42378
2455.68,91.66,0.01228,185.46,185.46,10.25,10.938,9.438,8.875,136.45101
2453.19,91.57,0.01205,185.48,185.48,10.25,10.938,9.438,8.875,136.47823
2455.3,91.65,0.01213,185.5,185.5,10.25,10.938,9.438,8.875,136.50546
2456.43,91.69,0.01209,185.52,185.52,10.25,11.25,9.438,8.875,136.53269
2454.79,91.63,0.01209,185.54,185.54,10.25,11.25,9.438,8.875,136.55992
2455.92,91.67,0.01213,185.56,185.56,10.25,11.25,9.438,8.875,136.58714
2457.42,91.73,0.01202,185.58,185.58,10.25,11.25,9.438,8.875,136.61437
2458.41,91.77,0.01225,185.6,185.6,10.25,11.25,9.438,8.875,136.6416
2457.18,91.72,0.01236,185.62,185.62,10.25,11.25,9.438,8.812,136.66883
2459.43,91.8,0.0116,185.64,185.64,10.25,11.25,9.438,8.812,136.69605
2459.54,91.81,0.01236,185.66,185.66,10.25,11.25,9.438,8.812,136.72349
2458.41,91.77,0.01225,185.68,185.68,10.25,11.25,9.438,8.812,136.75071
2458.68,91.78,0.01171,185.7,185.7,10.25,11.25,9.438,8.812,136.77794
2461.04,91.86,0.01225,185.72,185.72,10.25,11.25,9.438,8.812,136.80517
2463.18,91.94,0.01228,185.74,185.74,10.25,11.25,9.438,8.812,136.8324
2460.66,91.85,0.01225,185.76,185.76,10.25,11.25,9.438,8.812,136.85963
2460.66,91.85,0.01232,185.78,185.78,10.25,11.25,9.438,8.812,136.88685
2464.17,91.98,0.01126,185.8,185.8,10.25,11.25,9.438,8.812,136.91408
2461.17,91.87,0.01228,185.82,185.82,10.25,11.25,9.438,8.812,136.94131
2464.68,92.0,0.01225,185.84,185.84,10.25,11.25,9.438,8.812,136.96854
2464.17,91.98,0.01148,185.86,185.86,10.25,11.25,9.438,9.188,136.99576
2462.67,91.92,0.01232,185.88,185.88,10.25,11.25,9.438,9.188,137.02299
2463.05,91.94,0.01228,185.9,185.9,10.25,11.25,9.438,9.188,137.05022
2465.91,92.05,0.01221,185.92,185.92,10.25,11.25,9.438,9.188,137.07745
2466.93,92.08,0.01225,185.94,185.94,10.25,11.25,9.438,9.188,137.10467
2465.3,92.02,0.01217,185.96,185.96,10.25,11.25,9.438,9.188,137.1319
2467.28,92.1,0.01228,185.98,185.98,10.25,11.25,9.438,9.188,137.15913
2470.17,92.2,0.01225,186.0,186.0,10.25,11.25,9.438,9.188,137.18636
2467.04,92.09,0.0116,186.02,186.02,10.25,11.25,9.438,9.188,137.21358
2467.41,92.1,0.01225,186.04,186.04,10.25,11.25,9.438,9.188,137.24081
2468.67,92.15,0.01232,186.06,186.06,10.25,11.25,9.438,9.188,137.26804
2469.8,92.19,0.01167,186.08,186.08,10.25,11.25,9.438,9.188,137.29527
2468.78,92.15,0.01228,186.1,186.1,10.25,11.25,9.438,9.188,137.32249
2470.17,92.2,0.01225,186.12,186.12,10.25,11.25,9.438,9.188,137.34972
2472.15,92.28,0.01225,186.14,186.14,10.25,11.25,9.438,9.188,137.37695
2469.05,92.16,0.01236,186.16,186.16,10.25,11.25,9.438,9.188,137.40418
2471.78,92.27,0.01183,186.18,186.18,10.25,11.25,9.438,9.188,137.43141
2474.3,92.36,0.01228,186.2,186.2,10.25,11.25,9.438,9.188,137.45863
2471.03,92.24,0.01228,186.22,186.22,10.25,11.25,9.438,9.188,137.48586
2472.05,92.28,0.0116,186.24,186.24,10.25,11.25,9.438,9.188,137.51309
2473.28,92.32,0.01232,186.26,186.26,10.25,10.938,9.438,9.188,137.54032
2471.3,92.25,0.01225,186.28,186.28,10.25,10.938,9.438,9.188,137.56754
2473.65,92.33,0.01156,186.3,186.3,10.25,10.938,9.438,9.188,137.59477
2475.42,92.4,0.01232,186.32,186.32,10.25,10.938,9.438,9.188,137.622
2477.41,92.47,0.01228,186.34,186.34,10.25,10.938,9.438,8.875,137.64923
2473.17,92.32,0.01232,186.36,186.36,10.25,10.938,9.438,8.875,137.67645
2475.91,92.42,0.01228,186.38,186.38,10.25,10.938,9.438,8.875,137.70368
2476.28,92.43,0.01186,186.4,186.4,10.25,10.938,9.438,8.875,137.73091
2475.29,92.4,0.01232,186.42,186.42,10.25,10.938,9.438,8.875,137.75814
2476.79,92.45,0.01232,186.44,186.44,10.25,10.938,9.438,8.875,137.78536
2477.67,92.48,0.01133,186.46,186.46,10.25,10.938,9.438,8.875,137.81259
2476.92,92.46,0.01232,186.48,186.48,10.25,10.938,9.438,8.875,137.83982
2478.16,92.5,0.01232,186.5,186.5,10.25,10.875,9.438,8.875,137.86705
2477.67,92.48,0.01228,186.52,186.52,10.25,10.875,9.438,8.875,137.89427
2478.16,92.5,0.01232,186.54,186.54,10.25,10.875,9.438,8.875,137.9215
2479.17,92.54,0.01236,186.56,186.56,10.25,10.875,9.438,8.875,137.94873
2481.77,92.64,0.01236,186.58,186.58,10.25,10.875,9.438,8.812,137.97596
2481.29,92.62,0.01232,186.6,186.6,10.25,10.875,9.438,8.812,138.00318
2478.91,92.53,0.0119,186.62,186.62,10.25,10.875,9.438,8.812,138.03041
2480.41,92.59,0.01236,186.64,186.64,10.25,10.875,9.438,8.812,138.05764
2481.77,92.64,0.01179,3.0,3.0,10.25,11.312,9.438,8.812,138.26352
2485.52,92.78,0.01236,3.02,3.02,10.25,11.312,9.438,8.812,138.29075
2487.02,92.83,0.0124,3.04,3.04,10.25,11.312,9.438,8.875,138.31798
2483.65,92.71,0.01141,3.06001,3.06,10.25,11.312,9.438,8.875,138.34521
2484.67,92.75,0.01236,3.08001,3.08,10.25,11.312,9.438,8.875,138.37243
2486.27,92.81,0.01244,3.10001,3.1,10.25,11.312,9.438,8.875,138.39966
2483.92,92.72,0.01232,3.12001,3.12,10.25,11.312,9.438,8.875,138.42689
2486.27,92.81,0.01236,3.14001,3.14,10.25,11.312,9.438,8.875,138.45412
2487.02,92.83,0.01217,3.16001,3.16,10.25,11.312,9.438,8.875,138.48135
2485.9,92.79,0.01236,3.18002,3.18,10.25,11.312,9.438,8.875,138.50857
2485.79,92.79,0.01244,3.20002,3.2,10.25,11.25,9.438,8.875,138.5358
2488.04,92.87,0.01103,3.22002,3.22,10.25,11.25,9.438,8.875,138.56303
2488.9,92.9,0.0124,3.24002,3.24,10.25,11.25,9.438,8.875,138.59026
2488.28,92.88,0.01247,3.26002,3.26,10.25,11.25,9.438,8.875,138.61748
2489.54,92.93,0.01217,3.28003,3.28,10.25,11.25,9.438,8.812,138.64471
2490.77,92.97,0.0124,3.30003,3.3,10.25,11.25,9.438,8.812,138.67194
2487.67,92.86,0.01236,3.32003,3.32,10.25,11.25,9.438,8.812,138.69917
2490.16,92.95,0.01232,3.34003,3.34,10.25,11.25,9.438,8.812,138.7264
2490.4,92.96,0.01244,3.36003,3.36,10.25,11.25,9.438,8.812,138.75362
2489.03,92.91,0.01202,3.38003,3.38,10.25,11.25,9.438,8.812,138.78085
2489.27,92.92,0.01247,3.40004,3.4,10.25,11.25,9.438,8.812,138.80808
2492.54,93.04,0.01244,3.42004,3.42,10.25,11.25,9.438,8.812,138.83531
2492.41,93.03,0.01129,3.44004,3.44,10.25,10.938,9.438,8.812,138.86254
2490.67,92.97,0.01244,3.46004,3.46,10.25,10.938,9.438,8.812,138.88977
2491.66,93.01,0.01244,3.48004,3.48,10.25,10.938,9.438,8.812,138.91699
2495.03,93.13,0.01225,3.50005,3.5,10.25,10.938,9.438,8.812,138.94422
2493.77,93.09,0.01247,3.52005,3.52,10.25,10.938,9.438,8.812,138.97145
2493.26,93.07,0.0124,3.54005,3.54,10.3125,10.938,9.438,8.812,138.99868
2493.77,93.09,0.01247,3.56005,3.56,10.3125,10.938,9.438,8.812,139.0259
2493.02,93.06,0.01244,3.58005,3.58,10.3125,10.938,9.438,8.812,139.05313
2493.16,93.06,0.01209,3.60005,3.6,10.3125,10.938,9.438,8.812,139.08036
2496.02,93.17,0.01244,3.62006,3.62,10.3125,10.938,9.438,8.812,139.10759
2497.28,93.22,0.01244,3.64006,3.64,10.3125,10.938,9.438,8.812,139.13481
2494.39,93.11,0.01148,3.66006,3.66,10.3125,10.938,9.438,8.812,139.16204
2497.39,93.22,0.01251,3.68006,3.68,10.3125,11.25,9.438,8.812,139.18927
2497.66,93.23,0.01244,3.70006,3.7,10.3125,11.25,9.438,8.812,139.2165
2497.15,93.21,0.01228,3.72007,3.72,10.3125,11.25,9.438,8.812,139.24372
2497.9,93.24,0.01244,3.74007,3.74,10.3125,11.25,9.438,8.812,139.27095
